timestamp,pos_x,pos_y,pos_z,roll,pitch,yaw,vel_x,vel_y,vel_z,omega_x,omega_y,omega_z,acc_x,acc_y,acc_z,gyro_x,gyro_y,gyro_z,baro_altitude,lidar_min_range,cmd_vx,cmd_vy,cmd_vz,throttle,wind_active,wind_x,wind_y,wind_z,wind_reason,weather,air_density,sensor_noise
2026-01-24T13:58:32.432777,0,0,-0.320976943,0,0,-2.094395089,0,0,-0.013139494,0,0,0,0,0,-9.807807922,0,0,0,123.4879227,2.411861293,0.3,0,-2.5,1,1,0.3,0,0,applied,clear_constant_wind,1.225,0
2026-01-24T13:58:32.542567,0.000156992,-6.05E-06,-0.336819082,0.01043884,0.006173536,-2.094363728,0.00717267,-0.00014397,-0.444280893,0.098546721,0.048839681,-9.17E-05,0.00233531,-0.004511498,-16.27227974,0.098546721,0.048839681,-9.17E-05,123.5565872,2.411861293,0.299973234,1.03E-06,-2.5,1,1,0.3,0,0,applied,clear_constant_wind,1.225,0
2026-01-24T13:58:32.652820,0.001293018,-1.68E-05,-0.385718316,0.0163527,0.009491322,-2.094325765,0.025754191,-0.000139735,-0.914733529,0.064293765,0.03021401,-9.28E-05,0.001490057,-0.00317122,-16.38568497,0.064293765,0.03021401,-9.28E-05,124.1560822,2.415336797,0.299778809,2.87E-06,-2.49999999,1,1,0.3,0,0,applied,clear_constant_wind,1.225,0
2026-01-24T13:58:32.762788,0.004147705,-2.62E-05,-0.472635448,0.019158109,0.011094343,-2.094303693,0.050996874,-9.95E-05,-1.401686192,0.023428636,0.012980699,-7.39E-05,0.000620484,-0.00109373,-16.22076797,0.021539891,0.012511048,-7.31E-05,124.1059036,2.473715575,0.299286226,4.50E-06,-2.499999898,1,1,0.3,0,0,applied,clear_constant_wind,1.225,0
2026-01-24T13:58:32.871951,0.009235776,-3.19E-05,-0.601327777,0.020052052,0.011625475,-2.094298162,0.079633005,-4.48E-05,-1.895426512,0.002752091,0.001964327,-5.45E-05,0.000102043,-0.000145122,-16.03330231,0.002752091,0.001964327,-5.45E-05,123.9342422,2.473715575,0.298396419,5.53E-06,-2.499999486,1,1,0.3,0,0,applied,clear_constant_wind,1.225,0
2026-01-24T13:58:32.980355,0.019275665,-3.30E-05,-0.826457381,0.019633223,0.011372139,-2.094307857,0.116958134,1.91E-05,-2.512733459,-0.009625535,-0.005722052,-3.62E-05,-0.000265837,0.000446767,-15.67792892,-0.009625535,-0.005722052,-3.62E-05,124.4254532,2.473715575,0.296600065,5.82E-06,-2.499997688,1,1,0.3,0,0,applied,clear_constant_wind,1.225,0
2026-01-24T13:58:33.091556,0.029784583,-3.01E-05,-1.044044971,0.018562292,0.010741566,-2.094322277,0.140645742,4.97E-05,-2.785367966,-0.015442521,-0.008989265,-2.68E-05,-0.000292391,0.000501469,-10.89873981,-0.015442521,-0.008989265,-2.68E-05,124.2062607,2.633766797,0.294664551,5.38E-06,-2.499994307,1,1,0.3,0,0,applied,clear_constant_wind,1.225,0
2026-01-24T13:58:33.200349,0.040477041,-2.59E-05,-1.246048212,0.017301032,0.010004026,-2.094337608,0.155906394,6.39E-05,-2.81259799,-0.018057672,-0.010595746,-2.11E-05,-0.000310108,0.000527494,-9.765033722,-0.018057672,-0.010595746,-2.11E-05,124.4254532,0.172346526,0.292642684,4.71E-06,-2.499989174,1,1,0.3,0,0,applied,clear_constant_wind,1.225,0
2026-01-24T13:58:33.315119,0.050173111,-2.19E-05,-1.414562941,0.016122415,0.009318204,-2.094350466,0.167117685,7.12E-05,-2.802458763,-0.019330991,-0.011486223,-1.77E-05,-0.000330552,0.000556044,-9.561410904,-0.019330991,-0.011486223,-1.77E-05,124.6657791,0.172346526,0.290767178,4.02E-06,-2.499982951,1,1,0.3,0,0,applied,clear_constant_wind,1.225,0
2026-01-24T13:58:33.420350,0.066456124,-1.48E-05,-1.674016476,0.014248326,0.008227088,-2.094368019,0.182711676,7.92E-05,-2.776493073,-0.019894436,-0.011401786,-1.40E-05,-0.000325687,0.00046964,-9.519410133,-0.019894436,-0.011401786,-1.40E-05,124.5205307,0.172346526,0.287532759,2.78E-06,-2.499968913,1,1,0.3,0,0,applied,clear_constant_wind,1.225,0
2026-01-24T13:58:33.531661,0.082922772,-7.72E-06,-1.914499164,0.012486295,0.007203771,-2.094383179,0.195540935,8.35E-05,-2.751984596,-0.01940649,-0.011115798,-1.15E-05,-0.000317976,0.000426311,-9.536862373,-0.019389503,-0.011105167,-1.14E-05,125.0804138,3.483969119,0.284157827,1.47E-06,-2.499949805,1,1,0.3,0,0,applied,clear_constant_wind,1.225,0
2026-01-24T13:58:33.641578,0.098578192,-1.12E-06,-2.128352165,0.010959767,0.006317595,-2.094394809,0.205651537,8.56E-05,-2.731565714,-0.017988697,-0.010497632,-9.85E-06,-0.000301674,0.000361055,-9.556242943,-0.017988697,-0.010497632,-9.85E-06,125.7829056,3.483969119,0.28085418,2.17E-07,-2.499926686,1,1,0.3,0,0,applied,clear_constant_wind,1.225,0
2026-01-24T13:58:33.751696,0.114329323,5.33E-06,-2.332534552,0.009559123,0.005505398,-2.094403937,0.214173287,8.65E-05,-2.713427305,-0.016976563,-0.009842148,-8.55E-06,-0.000283405,0.000307627,-9.575268745,-0.016976563,-0.009842148,-8.55E-06,125.9941788,4.200835841,0.277437344,-1.05E-06,-2.499898183,1,1,0.3,0,0,applied,clear_constant_wind,1.225,0
2026-01-24T13:58:33.861892,0.130677298,1.18E-05,-2.535409212,0.008241566,0.004742837,-2.094411257,0.221576825,8.68E-05,-2.696681976,-0.015774909,-0.00911668,-7.43E-06,-0.00026308,0.000250496,-9.593008995,-0.015774909,-0.00911668,-7.43E-06,125.6191635,0.174691351,0.273791736,-2.37E-06,-2.499862622,1,1,0.3,0,0,applied,clear_constant_wind,1.225,0
2026-01-24T13:58:33.969351,0.151655927,1.98E-05,-2.785309076,0.006749188,0.003882675,-2.094417922,0.229306147,8.29E-05,-2.677704096,-0.014626156,-0.008250138,-6.22E-06,-0.000167567,0.000193667,-9.613343239,-0.014626156,-0.008250138,-6.22E-06,125.8674088,0.174691351,0.268962735,-4.05E-06,-2.49980733,1,1,0.3,0,0,applied,clear_constant_wind,1.225,0
2026-01-24T13:58:34.080226,0.173284084,2.73E-05,-3.033527374,0.00538284,0.003093319,-2.094424276,0.235565335,7.77E-05,-2.660508871,-0.013267634,-0.007458848,-5.21E-06,-0.000137854,0.000131294,-9.631537437,-0.013267634,-0.007458848,-5.21E-06,126.5250092,0.174691351,0.263801798,-5.70E-06,-2.499737924,1,1,0.3,0,0,applied,clear_constant_wind,1.225,0
2026-01-24T13:58:34.189423,0.19110994,3.30E-05,-3.232587337,0.004358031,0.002498688,-2.094427912,0.239631683,7.43E-05,-2.647817135,-0.011465758,-0.006749754,-4.54E-06,-0.000112701,6.00E-05,-9.644659042,-0.011465758,-0.006749754,-4.54E-06,126.7600479,5.122180203,0.259403833,-7.00E-06,-2.499670368,1,1,0.3,0,0,applied,clear_constant_wind,1.225,0
2026-01-24T13:58:34.300358,0.209938228,3.86E-05,-3.438640594,0.003377494,0.001931671,-2.094429971,0.242985457,7.05E-05,-2.635645866,-0.010721849,-0.006079891,-3.91E-06,-8.83E-05,2.23E-05,-9.657583237,-0.010721849,-0.006079891,-3.91E-06,126.1948929,5.122180203,0.254610955,-8.35E-06,-2.499587933,1,1,0.3,0,0,applied,clear_constant_wind,1.225,0
2026-01-24T13:58:34.412069,0.228995681,4.40E-05,-3.643781662,0.002472596,0.001409846,-2.094430358,0.245518938,6.72E-05,-2.624434233,-0.009692712,-0.005487194,-3.35E-06,-6.72E-05,-2.02E-05,-9.669353485,-0.009692712,-0.005487194,-3.35E-06,127.1588364,5.700112616,0.249598288,-9.68E-06,-2.499491882,1,1,0.3,0,0,applied,clear_constant_wind,1.225,0
2026-01-24T13:58:34.520754,0.249705032,4.95E-05,-3.863766193,0.001586881,0.000899656,-2.094430531,0.247403234,6.39E-05,-2.613343239,-0.008964146,-0.004928967,-2.84E-06,-4.72E-05,-5.24E-05,-9.68103981,-0.008964146,-0.004928967,-2.84E-06,127.1403503,6.276326594,0.243957202,-1.11E-05,-2.499371762,1,1,0.3,0,0,applied,clear_constant_wind,1.225,0
2026-01-24T13:58:34.632979,0.275012404,5.58E-05,-4.129697323,0.000621107,0.000346787,-2.094431142,0.248619482,6.04E-05,-2.601125717,-0.007481621,-0.0043034,-2.30E-06,-2.70E-05,-0.000100705,-9.694040298,-0.007481621,-0.0043034,-2.30E-06,127.3516235,6.276326594,0.23677167,-1.28E-05,-2.499200308,1,1,0.3,0,0,applied,clear_constant_wind,1.225,0
2026-01-24T13:58:34.741942,0.294418037,6.05E-05,-4.332250118,-7.40E-05,-6.08E-05,-2.094431263,0.248840198,5.91E-05,-2.59258008,-0.006924552,-0.00392699,-2.00E-06,-1.31E-05,-0.000130532,-9.702383995,-0.006924552,-0.00392699,-2.00E-06,127.982811,6.276326594,0.231029042,-1.42E-05,-2.49904842,1,1,0.3,0,0,applied,clear_constant_wind,1.225,0
2026-01-24T13:58:34.851735,0.313071966,6.49E-05,-4.526410103,-0.000708198,-0.000426368,-2.094431137,0.248491138,5.77E-05,-2.58499074,-0.006229594,-0.003557858,-1.75E-06,-1.89E-06,-0.000153049,-9.710186005,-0.006229594,-0.003557858,-1.75E-06,127.5074387,6.547634928,0.225304457,-1.55E-05,-2.498883866,1,1,0.3,0,0,applied,clear_constant_wind,1.225,0
2026-01-24T13:58:34.960235,0.332423002,6.93E-05,-4.72775507,-0.001310412,-0.000774032,-2.094430765,0.247583553,5.62E-05,-2.57769227,-0.005684689,-0.003149007,-1.51E-06,1.11E-05,-0.000171702,-9.717733383,-0.005684689,-0.003149007,-1.51E-06,127.7504044,6.547634928,0.219139128,-1.69E-05,-2.498691962,1,1,0.3,0,0,applied,clear_constant_wind,1.225,0
2026-01-24T13:58:35.068577,0.350944549,7.35E-05,-4.920839787,-0.001856507,-0.001089365,-2.09443027,0.246228352,5.52E-05,-2.571187496,-0.004943685,-0.002852081,-1.31E-06,1.95E-05,-0.000193589,-9.724234581,-0.004943685,-0.002852081,-1.31E-06,128.315567,7.062839688,0.213005647,-1.82E-05,-2.498485938,1,1,0.3,0,0,applied,clear_constant_wind,1.225,0
2026-01-24T13:58:35.179341,0.375936776,7.90E-05,-5.182685375,-0.002506029,-0.001457044,-2.094429661,0.243672833,5.29E-05,-2.563123226,-0.004261877,-0.002456024,-1.06E-06,2.99E-05,-0.000204545,-9.733042717,-0.004261877,-0.002456024,-1.06E-06,128.6800232,7.062839688,0.204337015,-2.01E-05,-2.498169048,1,1,0.3,0,0,applied,clear_constant_wind,1.225,0
2026-01-24T13:58:35.288598,0.396298826,8.34E-05,-5.397729874,-0.003018869,-0.001760074,-2.094429271,0.241033331,5.21E-05,-2.557005882,-0.00466853,-0.002332947,-9.23E-07,3.43E-05,-0.00019816,-9.738493919,-0.00466853,-0.002332947,-9.23E-07,128.5717316,7.568977066,0.196909341,-2.17E-05,-2.497873559,1,1,0.3,0,0,applied,clear_constant_wind,1.225,0
2026-01-24T13:58:35.400280,0.414990366,8.75E-05,-5.596972466,-0.003491868,-0.00203298,-2.094428691,0.238148943,5.14E-05,-2.551754713,-0.003731846,-0.00205428,-8.20E-07,4.04E-05,-0.000220409,-9.743458748,-0.003731846,-0.00205428,-8.20E-07,128.7777252,7.568977066,0.189773055,-2.32E-05,-2.497568822,1,1,0.3,0,0,applied,clear_constant_wind,1.225,0
2026-01-24T13:58:35.509500,0.433441043,9.14E-05,-5.795820713,-0.003933975,-0.002289248,-2.094428531,0.23486121,5.05E-05,-2.546879768,-0.003373682,-0.001815115,-7.34E-07,4.58E-05,-0.000226324,-9.748208046,-0.003373682,-0.001815115,-7.34E-07,129.4511719,7.819030948,0.182400913,-2.48E-05,-2.497232559,1,1,0.3,0,0,applied,clear_constant_wind,1.225,0
2026-01-24T13:58:35.620363,0.45162037,9.53E-05,-5.994301319,-0.004354189,-0.002532056,-2.094428248,0.231192529,4.93E-05,-2.542342186,-0.003056416,-0.001614129,-6.58E-07,4.98E-05,-0.000229238,-9.752490044,-0.003056416,-0.001614129,-6.58E-07,129.2055664,7.819030948,0.174786628,-2.64E-05,-2.496862353,1,1,0.3,0,0,applied,clear_constant_wind,1.225,0
2026-01-24T13:58:35.729073,0.472221464,9.97E-05,-6.222893715,-0.004792781,-0.002781305,-2.094427478,0.2265127,4.72E-05,-2.537510395,-0.003370596,-0.001514019,-5.71E-07,5.04E-05,-0.000208028,-9.757499695,-0.003370596,-0.001514019,-5.71E-07,129.7337494,7.819030948,0.165690501,-2.84E-05,-2.496389585,1,1,0.3,0,0,applied,clear_constant_wind,1.225,0
2026-01-24T13:58:35.839366,0.493045121,0.000104057,-6.458668709,-0.005235096,-0.003034953,-2.094427101,0.22120963,4.54E-05,-2.532878399,-0.003192275,-0.001472164,-5.14E-07,4.79E-05,-0.000200914,-9.761791229,-0.003192275,-0.001472164,-5.14E-07,129.7496033,8.316384152,0.155928278,-3.04E-05,-2.495845215,1,1,0.3,0,0,applied,clear_constant_wind,1.225,0
2026-01-24T13:58:35.948398,0.508816004,0.000107304,-6.640915871,-0.005598508,-0.003249588,-2.094426443,0.216800645,4.51E-05,-2.529475212,-0.001565927,-0.001331308,-4.93E-07,4.78E-05,-0.000243047,-9.7632761,-0.001565927,-0.001331308,-4.93E-07,130.2566681,8.773700999,0.148106566,-3.20E-05,-2.49538141,0.999909111,1,0.3,0,0,applied,clear_constant_wind,1.225,0
2026-01-24T13:58:36.058776,0.524894595,0.0001106,-6.830503464,-0.005953955,-0.003458401,-2.094425786,0.211892664,4.35E-05,-2.526157379,-0.001789377,-0.00106659,-4.70E-07,5.52E-05,-0.000221085,-9.7669487,-0.002115608,-0.001034743,-4.65E-07,130.4732208,8.773700999,0.139704161,-3.38E-05,-2.494855756,0.999505678,1,0.3,0,0,applied,clear_constant_wind,1.225,0
2026-01-24T13:58:36.168137,0.540594041,0.000113759,-7.019850254,-0.006298327,-0.003655795,-2.094425408,0.206691906,4.17E-05,-2.523036003,-0.001442499,-0.000973229,-4.45E-07,5.55E-05,-0.000223503,-9.769283295,-0.001626353,-0.00089636,-4.40E-07,130.4520874,8.99820142,0.131031399,-3.56E-05,-2.494283386,0.999089092,1,0.3,0,0,applied,clear_constant_wind,1.225,0
2026-01-24T13:58:36.276443,0.559502423,0.000117479,-7.25432682,-0.006666332,-0.003863588,-2.09442442,0.19985041,3.80E-05,-2.519440174,-0.002441215,-0.000874244,-4.01E-07,5.32E-05,-0.0001834,-9.772996902,-0.002441215,-0.000874244,-4.01E-07,130.3755035,8.99820142,0.119883819,-3.78E-05,-2.49350319,0.998553377,1,0.3,0,0,applied,clear_constant_wind,1.225,0
2026-01-24T13:58:36.385583,0.577177227,0.000120842,-7.480925083,-0.00706258,-0.00409154,-2.094423848,0.192834973,3.55E-05,-2.516087055,-0.002716963,-0.001055471,-3.89E-07,4.36E-05,-0.000161223,-9.775251389,-0.002716963,-0.001055471,-3.89E-07,131.151947,9.447140215,0.108658564,-4.01E-05,-2.492666936,0.998013638,1,0.3,0,0,applied,clear_constant_wind,1.225,0
2026-01-24T13:58:36.495420,0.591412127,0.000123458,-7.669532776,-0.007416287,-0.004301014,-2.094422946,0.186691344,3.44E-05,-2.513375521,-0.001035808,-0.00083522,-4.11E-07,4.52E-05,-0.000202615,-9.775496483,-0.001035808,-0.00083522,-4.11E-07,131.1176147,9.447140215,0.098956638,-4.20E-05,-2.491903201,0.99754691,1,0.3,0,0,applied,clear_constant_wind,1.225,0
2026-01-24T13:58:36.604297,0.605174959,0.000125922,-7.857940674,-0.007765473,-0.004505298,-2.09442214,0.180244625,3.20E-05,-2.510790825,-0.001209227,-0.000709719,-4.16E-07,4.55E-05,-0.000187479,-9.777492523,-0.001209227,-0.000709719,-4.16E-07,131.2338104,9.670099242,0.088921504,-4.39E-05,-2.491073236,0.997063922,1,0.3,0,0,applied,clear_constant_wind,1.225,0
2026-01-24T13:58:36.714199,0.618963182,0.000128328,-8.053683281,-0.008117771,-0.004708145,-2.094420893,0.173226222,3.11E-05,-2.508218765,-0.001469458,-0.000586943,-4.09E-07,-1.73E-05,-0.000167191,-9.779336929,-0.001469458,-0.000586943,-4.09E-07,131.1466675,9.670099242,0.078112466,-4.60E-05,-2.490133715,0.996543424,1,0.3,0,0,applied,clear_constant_wind,1.225,0
2026-01-24T13:58:36.822952,0.634175897,0.000131176,-8.279294968,-0.008494759,-0.004919793,-2.094419159,0.164746478,3.14E-05,-2.505400419,-0.002228599,-0.000684456,-3.87E-07,-1.96E-05,-0.000124924,-9.782011986,-0.002228599,-0.000684456,-3.87E-07,131.9125366,9.670099242,0.06513951,-4.86E-05,-2.488943661,0.995918367,1,0.3,0,0,applied,clear_constant_wind,1.225,0
2026-01-24T13:58:36.934176,0.649074912,0.000134185,-8.512159348,-0.008905803,-0.005154981,-2.094417171,0.155566007,3.17E-05,-2.502511024,-0.00237427,-0.000843916,-3.97E-07,-2.50E-05,-0.000101872,-9.783571243,-0.00237427,-0.000843916,-3.97E-07,131.7619934,10.11344513,0.05113029,-5.14E-05,-2.487581931,0.995242939,1,0.3,0,0,applied,clear_constant_wind,1.225,0
2026-01-24T13:58:37.041876,0.660012126,0.000136505,-8.692258835,-0.009279238,-0.005377741,-2.09441511,0.148175433,3.32E-05,-2.500172138,-0.000315763,-0.000800933,-4.36E-07,-2.61E-05,-0.000154469,-9.780751228,-0.000315763,-0.000800933,-4.36E-07,131.9151764,10.54726009,0.039832206,-5.38E-05,-2.486425691,0.99469789,1,0.3,0,0,applied,clear_constant_wind,1.225,0
2026-01-24T13:58:37.151600,0.671247005,0.000139019,-8.887178421,-0.009659946,-0.005602745,-2.09441293,0.139816269,3.19E-05,-2.497754097,-0.001376542,-0.000532267,-4.58E-07,-1.58E-05,-0.000116073,-9.78344059,-0.001376542,-0.000532267,-4.58E-07,132.2320862,10.54726009,0.0271161,-5.65E-05,-2.485062248,0.994084074,1,0.3,0,0,applied,clear_constant_wind,1.225,0
2026-01-24T13:58:37.260467,0.681027651,0.000141245,-9.0669384,-0.010055561,-0.00583001,-2.094410816,0.131792754,3.09E-05,-2.495488882,-0.000759711,-0.000673601,-4.83E-07,-1.75E-05,-0.000110824,-9.783228874,-0.001051781,-0.000564074,-4.77E-07,132.0683441,0.17306959,-0.285091013,-5.91E-05,-2.483691428,1,0,0,0,0,suppressed_near_checkpoint,clear_constant_wind,1.225,0
2026-01-24T13:58:37.368484,0.692653716,0.000148328,-9.299075127,-0.022220034,-0.012865635,-2.094299935,0.115613893,0.000112911,-2.497990131,-0.144628823,-0.065491162,-0.000107622,-0.001893952,0.004005209,-9.857592583,-0.144628823,-0.065491162,-0.000107622,132.4644928,0.17306959,-0.301528791,-6.46E-05,-2.48174946,1,0,0,0,0,suppressed_near_checkpoint,clear_constant_wind,1.225,0
2026-01-24T13:58:37.480224,0.702154934,0.000160696,-9.531509399,-0.030686062,-0.017740823,-2.094181286,0.087232083,0.00013377,-2.500239849,-0.04947966,-0.033170581,-0.000111332,-0.00099659,0.001332462,-9.829855919,-0.04947966,-0.033170581,-0.000111332,132.9979553,0.17306959,-0.318386513,-7.29E-05,-2.479643124,1,0,0,0,0,suppressed_near_checkpoint,clear_constant_wind,1.225,0
2026-01-24T13:58:37.588436,0.707504213,0.000169311,-9.711523056,-0.033794273,-0.019593479,-2.094128893,0.060904954,0.000106055,-2.49978137,-0.023077765,-0.01502296,-9.03E-05,-0.000429302,0.000542268,-9.804698944,-0.022908501,-0.01423773,-8.93E-05,132.7919617,11.17049679,-0.331502158,-7.93E-05,-2.477923791,1,0,0,0,0,suppressed_near_checkpoint,clear_constant_wind,1.225,0
2026-01-24T13:58:37.697374,0.711072564,0.000175865,-9.906443596,-0.035258862,-0.020440471,-2.094105585,0.030351616,6.34E-05,-2.497945309,-0.005194623,-0.002665792,-6.74E-05,-8.47E-05,6.10E-05,-9.791339874,-0.005194623,-0.002665792,-6.74E-05,133.1537781,11.6262806,-0.345653992,-8.55E-05,-2.47598936,1,0,0,0,0,suppressed_near_checkpoint,clear_constant_wind,1.225,0
2026-01-24T13:58:37.808589,0.712223947,0.000179065,-10.09369183,-0.03549503,-0.020567983,-2.094105418,0.000300988,2.27E-05,-2.495197535,0.007250448,0.004384707,-4.99E-05,0.000124365,-0.000213385,-9.782218933,0.007250448,0.004384707,-4.99E-05,134.0041656,11.6262806,-0.359147949,-9.03E-05,-2.474068055,1,0,0,0,0,suppressed_near_checkpoint,clear_constant_wind,1.225,0
2026-01-24T13:58:37.916342,0.710634291,0.00017901,-10.31809044,-0.034779304,-0.020133839,-2.094124813,-0.035528895,-2.30E-05,-2.491410494,0.014137829,0.009161875,-3.51E-05,0.000267923,-0.000412211,-9.779497147,0.014137829,0.009161875,-3.51E-05,133.9407806,11.6262806,-0.375160623,-9.45E-05,-2.471690615,1,0,0,0,0,suppressed_near_checkpoint,clear_constant_wind,1.225,0
2026-01-24T13:58:38.027571,0.705862343,0.000175411,-10.54212093,-0.033526668,-0.019397395,-2.094152477,-0.070324801,-5.71E-05,-2.487167835,0.018227154,0.011383515,-2.53E-05,0.000333518,-0.000532866,-9.777238846,0.018227154,0.011383515,-2.53E-05,133.5921783,0,-0.390980071,-9.72E-05,-2.46923765,1,0,0,0,0,suppressed_near_checkpoint,clear_constant_wind,1.225,0
2026-01-24T13:58:38.138371,0.699239671,0.000170113,-10.7359705,-0.032243451,-0.018654976,-2.094178658,-0.099317849,-7.78E-05,-2.483299017,0.021657547,0.012567588,-1.96E-05,0.00036791,-0.000641063,-9.773960114,0.021657547,0.012567588,-1.96E-05,134.0543365,0,-0.404560643,-9.84E-05,-2.467048981,1,0,0,0,0,suppressed_near_checkpoint,clear_constant_wind,1.225,0
2026-01-24T13:58:38.247511,0.691156864,0.000163929,-10.91464138,-0.031020113,-0.017942929,-2.094202321,-0.125051662,-9.19E-05,-2.479741096,0.022295393,0.012652989,-1.57E-05,0.000368655,-0.000658229,-9.773516655,0.022295393,0.012652989,-1.57E-05,134.2154388,0,-0.417021689,-9.89E-05,-2.464973205,1,0,0,0,0,suppressed_near_checkpoint,clear_constant_wind,1.225,0
2026-01-24T13:58:38.358634,0.681257188,0.000156857,-11.09305954,-0.029776911,-0.017220188,-2.094225254,-0.149783149,-0.000102329,-2.476286888,0.022180906,0.012574967,-1.28E-05,0.000371158,-0.000645474,-9.775625229,0.021768946,0.012681664,-1.28E-05,134.2259979,0,-0.4294477,-9.89E-05,-2.462838741,1,0,0,0,0,suppressed_near_checkpoint,clear_constant_wind,1.225,0
2026-01-24T13:58:38.466259,0.665356815,0.000146462,-11.3305769,-0.028058726,-0.016210733,-2.094255597,-0.181186318,-0.000113657,-2.47212553,0.019586597,0.012072133,-1.02E-05,0.000354752,-0.000572741,-9.780881882,0.019586597,0.012072133,-1.02E-05,134.5666809,0,-0.446038331,-9.82E-05,-2.459888168,1,0,0,0,0,suppressed_near_checkpoint,clear_constant_wind,1.225,0
2026-01-24T13:58:38.576448,0.648413777,0.000136422,-11.54546547,-0.026673377,-0.015411558,-2.094278507,-0.208100751,-0.000119203,-2.468026876,0.017659301,0.010995064,-8.32E-06,0.000323877,-0.000430599,-9.779413223,0.017659301,0.010995064,-8.32E-06,135.0552521,0,-0.46119444,-9.70E-05,-2.457091712,1,0,0,0,0,suppressed_near_checkpoint,clear_constant_wind,1.225,0
2026-01-24T13:58:38.686492,0.631970644,0.000127316,-11.73043442,-0.025613684,-0.014801454,-2.094295175,-0.230240822,-0.00012338,-2.464477777,0.018463394,0.010482038,-6.92E-06,0.000306517,-0.000416741,-9.776345253,0.018463394,0.010482038,-6.92E-06,135.0684662,0,-0.474440755,-9.56E-05,-2.454568386,1,0,0,0,0,suppressed_near_checkpoint,clear_constant_wind,1.225,0
2026-01-24T13:58:38.796491,0.613899827,0.000117828,-11.91514015,-0.024636222,-0.014238432,-2.094309571,-0.251519233,-0.000128714,-2.461031437,0.017082307,0.00986786,-5.78E-06,0.000288799,-0.000335567,-9.777938843,0.017082307,0.00986786,-5.78E-06,135.0209198,0,-0.487942216,-9.37E-05,-2.451920142,1,0,0,0,0,suppressed_near_checkpoint,clear_constant_wind,1.225,0
2026-01-24T13:58:38.907401,0.594263136,0.000107922,-12.09958935,-0.023755447,-0.013728291,-2.094322167,-0.272007167,-0.00013393,-2.457613945,0.015798042,0.009192741,-4.84E-06,0.00020197,-0.000234321,-9.77939415,0.015292824,0.009203416,-4.82E-06,135.8000031,0,-0.501798887,-9.11E-05,-2.449121857,1,0,0,0,0,suppressed_near_checkpoint,clear_constant_wind,1.225,0
2026-01-24T13:58:39.017643,0.566933334,9.49E-05,-12.33531952,-0.022674193,-0.013090922,-2.094337364,-0.297181726,-0.000138323,-2.453591824,0.012918664,0.008187045,-3.92E-06,0.000152871,-9.20E-05,-9.784297943,0.012918664,0.008187045,-3.92E-06,135.134491,0,-0.520251588,-8.71E-05,-2.445268549,1,0,0,0,0,suppressed_near_checkpoint,clear_constant_wind,1.225,0
2026-01-24T13:58:39.127419,0.540121436,8.29E-05,-12.54858494,-0.021926079,-0.012662347,-2.094346945,-0.319072187,-0.000140027,-2.449304342,0.010507126,0.006938918,-3.15E-06,9.78E-05,3.56E-05,-9.780837059,0.010507126,0.006938918,-3.15E-06,136.0244904,0,-0.537924009,-8.25E-05,-2.441441737,1,0,0,0,0,suppressed_near_checkpoint,clear_constant_wind,1.225,0
2026-01-24T13:58:39.236635,0.515501857,7.23E-05,-12.73213768,-0.021449482,-0.012391407,-2.094353428,-0.337390751,-0.000140373,-2.445371389,0.011481359,0.006382444,-2.54E-06,6.16E-05,6.13E-05,-9.774559975,0.011481359,0.006382444,-2.54E-06,136.2357635,0,-0.554133101,-7.77E-05,-2.437813877,1,0,0,0,0,suppressed_near_checkpoint,clear_constant_wind,1.225,0
2026-01-24T13:58:39.346612,0.489522725,6.17E-05,-12.91538811,-0.021078938,-0.012180891,-2.094358469,-0.355345607,-0.000142289,-2.441354036,0.009998645,0.005740811,-2.05E-06,2.52E-05,0.000159532,-9.774878502,0.009998645,0.005740811,-2.05E-06,136.1776581,0,-0.57152057,-7.20E-05,-2.433796259,1,0,0,0,0,suppressed_near_checkpoint,clear_constant_wind,1.225,0
2026-01-24T13:58:40.762807,0.156168416,-0.000136459,-13.49784565,0.020496329,0.01185418,-2.094522279,-0.174402118,-7.37E-05,0.349369884,-0.02567835,-0.01489301,-2.64E-05,-0.000455499,0.000931822,-10.18091106,-0.02567835,-0.01489301,-2.64E-05,136.9857941,0,0.063610488,2.422846679,-0.569151975,0.99584467,1,0.3,0,0,applied,clear_constant_wind,1.225,0
2026-01-24T13:58:40.880412,0.142908067,0.000587279,-13.47607231,-0.027707476,0.094589597,-2.094821062,-0.151524648,0.039478958,0.107637644,-0.45747754,0.900112867,0.005631733,0.042967916,0.021443009,-15.50707912,-0.45747754,0.900112867,0.005631733,136.8378906,0,0.066958695,2.421941234,-0.574362613,0.996006042,1,0.3,0,0,applied,clear_constant_wind,1.225,0
2026-01-24T13:58:40.990002,0.13257423,0.008780117,-13.4850769,-0.059787901,0.149396605,-2.096793196,-0.124129117,0.192255542,-0.34685722,-0.311048359,0.506778836,0.006207085,0.025009215,0.015392303,-16.23286247,-0.311048359,0.506778836,0.006207085,136.444397,0,0.069262658,2.422541793,-0.572757839,0.996117069,1,0.3,0,0,applied,clear_constant_wind,1.225,0
2026-01-24T13:58:41.100530,0.124221452,0.030366581,-13.5252676,-0.076885447,0.177111629,-2.098280567,-0.099982828,0.379464954,-0.668455362,-0.156018466,0.23683089,0.005133371,0.009055197,0.006216288,-12.31637001,-0.156018466,0.23683089,0.005133371,136.7348938,0,0.070629291,2.424600447,-0.564536759,0.996182921,1,0.3,0,0,applied,clear_constant_wind,1.225,0
2026-01-24T13:58:41.209316,0.116943128,0.068469428,-13.58417988,-0.084670358,0.188352395,-2.098836293,-0.080392316,0.558783472,-0.762620509,-0.047256555,0.052608158,0.003798546,0.002281487,0.002082348,-10.49714565,-0.047256555,0.052608158,0.003798546,136.7745056,0,0.071282056,2.427386819,-0.552703659,0.996214373,1,0.3,0,0,applied,clear_constant_wind,1.225,0
2026-01-24T13:58:41.319430,0.109817937,0.136207819,-13.66235256,-0.085606255,0.186583003,-2.098355723,-0.059825916,0.767165959,-0.760163784,0.020844787,-0.075776003,0.002519679,-0.000696123,0.000331879,-9.769276619,0.020844787,-0.075776003,0.002519679,136.8458252,0,0.071152381,2.430745468,-0.537685075,0.996208125,1,0.3,0,0,applied,clear_constant_wind,1.225,0
2026-01-24T13:58:41.427669,0.10583505,0.19914268,-13.71813393,-0.082859503,0.179049758,-2.097541294,-0.046599522,0.909758925,-0.725597978,0.047664128,-0.124926344,0.001883376,-0.00105834,-8.21E-05,-9.524463654,0.047664128,-0.124926344,0.001883376,136.9224091,0,0.070457467,2.432898911,-0.527553898,0.996174642,1,0.3,0,0,applied,clear_constant_wind,1.225,0
2026-01-24T13:58:41.537731,0.103007048,0.266231835,-13.76690674,-0.078982577,0.169633777,-2.096648333,-0.035540871,1.033622622,-0.687692642,0.061236043,-0.14936012,0.001468314,-0.000616252,-9.56E-05,-9.455389977,0.061236043,-0.14936012,0.001468314,137.3713684,0,0.069402782,2.434599399,-0.519182714,0.996123821,1,0.3,0,0,applied,clear_constant_wind,1.225,0
2026-01-24T13:58:41.649036,0.100683965,0.35203582,-13.81885338,-0.07378955,0.1575233,-2.095606432,-0.024224592,1.164937973,-0.645069361,0.068394117,-0.161935568,0.001136609,0.000442386,0.000141621,-9.465064049,0.068394117,-0.161935568,0.001136609,137.5298157,0,0.067754104,2.436205147,-0.510848634,0.996044373,1,0.3,0,0,applied,clear_constant_wind,1.225,0
2026-01-24T13:58:41.757326,0.099113517,0.45545727,-13.87120819,-0.067842083,0.14387676,-2.094541422,-0.013391639,1.295642376,-0.602799535,0.070233844,-0.163715839,0.000887195,0.002035618,0.000586271,-9.497981071,0.070233844,-0.163715839,0.000887195,136.6873627,0,0.06545994,2.437589435,-0.503138856,0.99593381,1,0.3,0,0,applied,clear_constant_wind,1.225,0
2026-01-24T13:58:41.868591,0.098348796,0.590767205,-13.9286623,-0.06088161,0.128008849,-2.093430691,-0.002348289,1.435463548,-0.560482562,0.068282738,-0.157066151,0.000682266,0.004295707,0.001252055,-9.566478729,0.068321943,-0.156786039,0.000677154,137.3027039,0,0.062096911,2.438813226,-0.495572567,0.995771713,1,0.3,0,0,applied,clear_constant_wind,1.225,0
2026-01-24T13:58:41.977613,0.098448314,0.702073991,-13.96964073,-0.055867442,0.11655393,-2.092709301,0.00483035,1.531232119,-0.53297931,0.065365188,-0.148759231,0.000567074,0.005997926,0.001764715,-9.579572678,0.065365188,-0.148759231,0.000567074,137.263092,0,0.059093199,2.439486188,-0.490786158,0.995626912,1,0.3,0,0,applied,clear_constant_wind,1.225,0
2026-01-24T13:58:42.089213,0.099082828,0.825114071,-14.01026726,-0.050978647,0.10535163,-2.092065835,0.011265703,1.622152925,-0.50977087,0.06066741,-0.138526291,0.000471555,0.007834643,0.002348006,-9.631806374,0.06066741,-0.138526291,0.000471555,137.3264771,0,0.055568573,2.439980061,-0.486570218,0.995456972,1,0.3,0,0,applied,clear_constant_wind,1.225,0
2026-01-24T13:58:42.199580,0.100081131,0.944705188,-14.04632473,-0.046804647,0.095723224,-2.091560847,0.016321149,1.69858849,-0.492439091,0.056629315,-0.128576264,0.000399099,0.009568095,0.002891302,-9.667266846,0.056358844,-0.128136024,0.0003964,137.1812134,0,0.051962651,2.440273184,-0.483264174,0.995283083,1,0.3,0,0,applied,clear_constant_wind,1.225,0
2026-01-24T13:58:42.307536,0.10166502,1.09084022,-14.08699799,-0.042323461,0.085392262,-2.091068261,0.021209922,1.779280901,-0.476837665,0.051276091,-0.116857223,0.000329245,0.011362612,0.00346911,-9.705990791,0.051276091,-0.116857223,0.000329245,137.0121918,0,0.04733952,2.440441234,-0.480009651,0.995060096,1,0.3,0,0,applied,clear_constant_wind,1.225,0
2026-01-24T13:58:42.418045,0.104074039,1.276847243,-14.13486004,-0.03747759,0.074123773,-2.090586715,0.025784452,1.865900993,-0.462957263,0.045406293,-0.10330639,0.000260279,0.013471484,0.00415498,-9.746012688,0.045406293,-0.10330639,0.000260279,137.5192566,0,0.04113749,2.440424811,-0.476777666,0.994760875,1,0.3,0,0,applied,clear_constant_wind,1.225,0
2026-01-24T13:58:42.525535,0.106021389,1.413180351,-14.16790009,-0.034460355,0.066944768,-2.090310885,0.02818612,1.920148611,-0.455188811,0.041657586,-0.094407514,0.00021981,0.014851481,0.004597247,-9.751968384,0.041657586,-0.094407514,0.00021981,137.350235,0,0.036378073,2.44028406,-0.474886497,0.994531194,1,0.3,0,0,applied,clear_constant_wind,1.225,0
2026-01-24T13:58:42.634450,0.10820733,1.55914247,-14.20180607,-0.031622459,0.060129213,-2.090070196,0.029981691,1.97120738,-0.449320644,0.037378289,-0.085619546,0.000183892,0.016183555,0.005052388,-9.772150993,0.037378289,-0.085619546,0.000183892,137.5562286,0,0.031089181,2.440032882,-0.473208732,0.994275898,1,0.3,0,0,applied,clear_constant_wind,1.225,0
2026-01-24T13:58:42.744703,0.110502437,1.708740234,-14.2353363,-0.029079004,0.053937196,-2.089869463,0.031104213,2.017161846,-0.445099831,0.033753373,-0.077511676,0.000153374,0.017456412,0.005490214,-9.786664963,0.033445206,-0.077182673,0.000152286,137.9946289,0,0.025464544,2.439683409,-0.471778706,0.994004324,1,0.3,0,0,applied,clear_constant_wind,1.225,0
2026-01-24T13:58:42.852846,0.113142461,1.880154967,-14.27258015,-0.026529764,0.047696005,-2.089684159,0.031618882,2.063132763,-0.441954285,0.029756313,-0.069177456,0.000124774,0.018658444,0.005911589,-9.798126221,0.029756313,-0.069177456,0.000124774,137.754303,0,0.01876705,2.439182799,-0.470420345,0.993680853,1,0.3,0,0,applied,clear_constant_wind,1.225,0
2026-01-24T13:58:42.964556,0.116358265,2.093150139,-14.31752205,-0.02385184,0.04099328,-2.089503527,0.031255517,2.111962795,-0.43973875,0.025829101,-0.060290124,9.66E-05,0.019999757,0.006398052,-9.810541153,0.025829101,-0.060290124,9.66E-05,137.3845673,0,0.010066599,2.438427494,-0.469052215,0.993260486,1,0.3,0,0,applied,clear_constant_wind,1.225,0
2026-01-24T13:58:43.074681,0.118672639,2.252754688,-14.35045719,-0.022176177,0.036575555,-2.08939433,0.030356584,2.143497467,-0.438679457,0.023249038,-0.054456323,7.96E-05,0.020878464,0.006713688,-9.810627937,0.023249038,-0.054456323,7.96E-05,137.5615082,0,0.003267262,2.437772361,-0.468204656,0.992931849,1,0.3,0,0,applied,clear_constant_wind,1.225,0
2026-01-24T13:58:43.182018,0.120812118,2.408085585,-14.38202763,-0.020769282,0.032725201,-2.08930622,0.028980937,2.170663834,-0.438266009,0.020834548,-0.049364418,6.58E-05,0.021668553,0.007027477,-9.815450668,0.020552617,-0.049090821,6.53E-05,137.2894897,0,-0.003585565,2.437064491,-0.467495959,0.992600517,1,0.3,0,0,applied,clear_constant_wind,1.225,0
2026-01-24T13:58:43.290445,0.122997545,2.57844758,-14.41622066,-0.019406253,0.028965103,-2.089226031,0.026956515,2.196992874,-0.438325077,0.018522989,-0.044140574,5.35E-05,0.022379145,0.007307589,-9.818603516,0.018522989,-0.044140574,5.35E-05,137.8704987,0,-0.011375776,2.436210694,-0.466821788,0.992223728,1,0.3,0,0,applied,clear_constant_wind,1.225,0
2026-01-24T13:58:43.400439,0.125077546,2.757410288,-14.4517355,-0.01818225,0.02544635,-2.089156076,0.024297038,2.221261263,-0.438709021,0.015845636,-0.039470635,4.29E-05,0.023057371,0.007610068,-9.820929527,0.015845636,-0.039470635,4.29E-05,137.9154053,0,-0.019878478,2.435225985,-0.466210427,0.991812314,1,0.3,0,0,applied,clear_constant_wind,1.225,0
2026-01-24T13:58:43.510730,0.127352938,2.98537612,-14.4965229,-0.016865416,0.021536964,-2.089083377,0.020173732,2.247870684,-0.439605206,0.013909947,-0.03428461,3.25E-05,0.023791164,0.007941335,-9.823788643,0.013909947,-0.03428461,3.25E-05,137.8308868,0,-0.031203782,2.43384057,-0.465536396,0.99126406,1,0.3,0,0,applied,clear_constant_wind,1.225,0
2026-01-24T13:58:43.619954,0.128786802,3.161418676,-14.53083992,-0.016054025,0.018833634,-2.089036511,0.016494608,2.265586615,-0.440325707,0.01199655,-0.030871939,2.60E-05,0.02427531,0.008177243,-9.822104454,0.01199655,-0.030871939,2.60E-05,137.9708557,0,-0.040348138,2.432666775,-0.465075806,0.990821164,1,0.3,0,0,applied,clear_constant_wind,1.225,0
2026-01-24T13:58:43.729738,0.129877165,3.331919432,-14.56389427,-0.015415,0.016469711,-2.088997532,0.012494286,2.280706882,-0.44114399,0.010660835,-0.027850211,2.09E-05,0.024696946,0.008410618,-9.822515488,0.010357126,-0.027702665,2.07E-05,138.0474548,0,-0.049553398,2.431438931,-0.464668855,0.990375118,1,0.3,0,0,applied,clear_constant_wind,1.225,0
2026-01-24T13:58:43.839710,0.130674958,3.510372639,-14.59834003,-0.014837578,0.014250695,-2.088962259,0.007872415,2.294643879,-0.442073166,0.009620748,-0.024896447,1.66E-05,0.025049582,0.008602336,-9.82229805,0.009620748,-0.024896447,1.66E-05,137.9972687,0,-0.059574483,2.430053037,-0.464271932,0.989889312,1,0.3,0,0,applied,clear_constant_wind,1.225,0
2026-01-24T13:58:43.947413,0.131085575,3.682928562,-14.63152885,-0.014397728,0.012291529,-2.088931376,0.002991508,2.306496382,-0.44296366,0.008452068,-0.022518503,1.32E-05,0.025349602,0.008799978,-9.821802139,0.008452068,-0.022518503,1.32E-05,137.7463837,0,-0.069660958,2.428608661,-0.463908125,0.989400095,1,0.3,0,0,applied,clear_constant_wind,1.225,0
2026-01-24T13:58:44.058685,0.131023616,3.918926716,-14.67677307,-0.013884212,0.009948553,-2.08889591,-0.004337942,2.320443392,-0.444229394,0.007111271,-0.019585421,9.64E-06,0.025686517,0.009068333,-9.822173119,0.007111271,-0.019585421,9.64E-06,137.8837128,0,-0.08412819,2.426454061,-0.463428767,0.988697979,1,0.3,0,0,applied,clear_constant_wind,1.225,0
2026-01-24T13:58:44.168682,0.130388096,4.114271164,-14.71412659,-0.013597728,0.008165956,-2.088870192,-0.010899174,2.330270529,-0.445152074,0.004793623,-0.017812015,7.31E-06,0.025903866,0.009297229,-9.820415497,0.004793623,-0.017812015,7.31E-06,138.1293182,0,-0.396734655,2.424499711,-0.463036464,1,0,0,0,0,suppressed_near_checkpoint,clear_constant_wind,1.225,0
2026-01-24T13:58:44.279453,0.129333392,4.282327175,-14.74628067,-0.023324996,0.001012934,-2.088738744,-0.020147396,2.337768078,-0.448899865,-0.066466071,-0.070920244,-0.000108769,0.024428442,0.011420287,-9.890802383,-0.066466071,-0.070920244,-0.000108769,137.9550171,0,-0.408050359,2.422691786,-0.462665556,1,0,0,0,0,suppressed_near_checkpoint,clear_constant_wind,1.225,0
2026-01-24T13:58:44.390786,0.127176508,4.457922935,-14.78015232,-0.03069783,-0.004584151,-2.088595771,-0.038593002,2.344535112,-0.454118222,-0.074860051,-0.054502971,-0.000127739,0.024935514,0.011994652,-9.870946884,-0.074860051,-0.054502971,-0.000127739,138.4567871,0,-0.420143553,2.420724877,-0.462136846,1,0,0,0,0,suppressed_near_checkpoint,clear_constant_wind,1.225,0
2026-01-24T13:58:44.499622,0.123414472,4.633990765,-14.81434917,-0.034817286,-0.008178513,-2.088486334,-0.062391363,2.350376368,-0.457538426,-0.035396453,-0.033943415,-0.000111342,0.025415659,0.011245094,-9.847230911,-0.035396453,-0.033943415,-0.000111342,137.8784332,0,-0.43233855,2.418702555,-0.461477334,1,0,0,0,0,suppressed_near_checkpoint,clear_constant_wind,1.225,0
2026-01-24T13:58:44.609474,0.115211643,4.874084949,-14.86114025,-0.036721506,-0.010813734,-2.088401038,-0.098943435,2.357011318,-0.459558189,-0.002399226,-0.014628508,-7.80E-05,0.025701702,0.010846108,-9.823714256,-0.002399226,-0.014628508,-7.80E-05,137.7411041,0,-0.44886007,2.415885539,-0.460458142,1,0,0,0,0,suppressed_near_checkpoint,clear_constant_wind,1.225,0
2026-01-24T13:58:44.719068,0.106364667,5.058104992,-14.89699459,-0.036657167,-0.011848106,-2.088367801,-0.127970085,2.361210823,-0.45961076,0.010013063,-0.006014292,-5.70E-05,0.025691837,0.010968253,-9.81199646,0.009829819,-0.005825895,-5.63E-05,138.0184021,0,-0.461351527,2.413686879,-0.459641621,1,0,0,0,0,suppressed_near_checkpoint,clear_constant_wind,1.225,0
2026-01-24T13:58:44.829433,0.095252059,5.242424965,-14.93282604,-0.035821268,-0.012317314,-2.08835435,-0.156908035,2.364736319,-0.459054947,0.017718084,-0.000431489,-4.13E-05,0.025574714,0.011210814,-9.805965424,0.017718084,-0.000431489,-4.13E-05,138.1504517,0,-0.473685424,2.411451432,-0.458829063,1,0,0,0,0,suppressed_near_checkpoint,clear_constant_wind,1.225,0
2026-01-24T13:58:44.940303,0.082458705,5.419892788,-14.96722412,-0.034609032,-0.012454738,-2.088351526,-0.184129402,2.367556572,-0.458185732,0.021695206,0.002880054,-3.03E-05,0.025390863,0.011562735,-9.802710533,0.021695206,0.002880054,-3.03E-05,138.3802032,0,-0.485394211,2.409267052,-0.458066296,1,0,0,0,0,suppressed_near_checkpoint,clear_constant_wind,1.225,0
2026-01-24T13:58:45.049682,0.06765531,5.597553253,-15.00154972,-0.033179322,-0.012387499,-2.088355498,-0.21047242,2.369871855,-0.45718509,0.023482231,0.004966747,-2.26E-05,0.025169671,0.011973366,-9.801170349,0.023482231,0.004966747,-2.26E-05,138.4567871,0,-0.496969123,2.407046034,-0.457330383,1,0,0,0,0,suppressed_near_checkpoint,clear_constant_wind,1.225,0
2026-01-24T13:58:45.160627,0.044427697,5.839416504,-15.04811096,-0.031045069,-0.012038752,-2.088367982,-0.244628057,2.372297764,-0.455848396,0.024043091,0.006441719,-1.56E-05,0.024831295,0.012580439,-9.801342964,0.024043091,0.006441719,-1.56E-05,138.5888367,0,-0.512543169,2.403959539,-0.456374882,1,0,0,0,0,suppressed_near_checkpoint,clear_constant_wind,1.225,0
2026-01-24T13:58:45.270575,0.024377041,6.024516106,-15.08362484,-0.029460175,-0.011770734,-2.088376525,-0.269301325,2.373666763,-0.45475325,0.023103401,0.006761219,-1.19E-05,0.024550214,0.01307331,-9.800569534,0.022526916,0.006698131,-1.18E-05,138.0923462,0,-0.524376048,2.401538648,-0.455677387,1,0,0,0,0,suppressed_near_checkpoint,clear_constant_wind,1.225,0
2026-01-24T13:58:45.379887,0.00419941,6.195458889,-15.11633396,-0.02808309,-0.011506919,-2.088384294,-0.291025937,2.374585152,-0.453839093,0.022570096,0.006549349,-9.38E-06,0.024295747,0.013477504,-9.800820351,0.022439858,0.006790848,-9.31E-06,138.7842712,0,-0.535289464,2.399246822,-0.455060303,1,0,0,0,0,suppressed_near_checkpoint,clear_constant_wind,1.225,0
2026-01-24T13:58:45.488690,-0.019383563,6.380707741,-15.15169811,-0.026634064,-0.011192514,-2.088393303,-0.313481897,2.375234842,-0.452949345,0.021281274,0.006968561,-7.38E-06,0.024045423,0.013905853,-9.801592827,0.021281274,0.006968561,-7.38E-06,138.5465851,0,-0.547158779,2.396690215,-0.454415321,1,0,0,0,0,suppressed_near_checkpoint,clear_constant_wind,1.225,0
2026-01-24T13:58:45.596594,-0.044675905,6.56599474,-15.18699551,-0.025306755,-0.010903902,-2.088401154,-0.334870905,2.375560284,-0.452128381,0.01933925,0.006678232,-5.85E-06,0.023778647,0.014357984,-9.802142143,0.01933925,0.006678232,-5.85E-06,138.1979828,0,-0.559144681,2.394040986,-0.453789578,1,0,0,0,0,suppressed_near_checkpoint,clear_constant_wind,1.225,0
2026-01-24T13:58:45.707208,-0.080198526,6.808306217,-15.23306274,-0.023697128,-0.010507161,-2.088410756,-0.36137566,2.375540018,-0.45121333,0.017845849,0.00616768,-4.46E-06,0.023431629,0.01490771,-9.803414345,0.017845849,0.00616768,-4.46E-06,138.2032623,0,-0.575130812,2.390402547,-0.452990299,1,0,0,0,0,suppressed_near_checkpoint,clear_constant_wind,1.225,0
2026-01-24T13:58:45.817045,-0.109139569,6.993592262,-15.26822758,-0.022638146,-0.010315385,-2.088414939,-0.380571455,2.375230551,-0.45049116,0.016014142,0.005593229,-3.55E-06,0.023176044,0.015303746,-9.802940369,0.016014142,0.005593229,-3.55E-06,138.6522217,0,-0.587724981,2.387451737,-0.452386507,1,0,0,0,0,suppressed_near_checkpoint,clear_constant_wind,1.225,0
2026-01-24T13:58:45.925799,-0.138351977,7.171719551,-15.30199146,-0.021758594,-0.010174637,-2.088418098,-0.398317635,2.374693155,-0.449880391,0.014686349,0.005118143,-2.81E-06,0.022932336,0.015677065,-9.803398132,0.014686349,0.005118143,-2.81E-06,138.2455139,0,-0.600263279,2.384440345,-0.451805533,1,0,0,0,0,suppressed_near_checkpoint,clear_constant_wind,1.225,0
2026-01-24T13:58:46.035549,-0.170119449,7.356920242,-15.33705997,-0.020934488,-0.010055241,-2.088420934,-0.416128367,2.373899221,-0.449303955,0.013176962,0.004769176,-2.21E-06,0.022690892,0.016052499,-9.803868294,0.013176962,0.004769176,-2.21E-06,138.5492249,0,-0.613896427,2.381083099,-0.451192257,1,0,0,0,0,suppressed_near_checkpoint,clear_constant_wind,1.225,0
2026-01-24T13:58:46.145801,-0.203253001,7.542049408,-15.37208366,-0.020227899,-0.009990909,-2.088422413,-0.433361799,2.372880459,-0.448754966,0.011852748,0.004214407,-1.73E-06,0.022446245,0.016412191,-9.804052353,0.011852748,0.004214407,-1.73E-06,138.7974701,0,-0.628325455,2.377436057,-0.450560668,1,0,0,0,0,suppressed_near_checkpoint,clear_constant_wind,1.225,0
2026-01-24T13:58:46.254643,-0.247210875,7.776893616,-15.41647816,-0.019441578,-0.009922534,-2.088423803,-0.454553694,2.37127161,-0.448132992,0.009658661,0.003184751,-1.29E-06,0.022127897,0.016882226,-9.804756165,0.009658661,0.003184751,-1.29E-06,138.813324,0,-0.648190605,2.37225823,-0.449710829,1,0,0,0,0,suppressed_near_checkpoint,clear_constant_wind,1.225,0
2026-01-24T13:58:47.703072,-0.620535195,9.544394493,-15.72837925,0.076777182,-0.086198274,-2.085826829,-0.172264442,0.769393146,-0.089362361,-0.102299452,0.118925832,0.000637684,0.005701065,0.004938245,-9.581374168,-0.102299452,0.118925832,0.000637684,139.254364,0,-1.129215596,-2.051175539,-0.004657142,0.93658705,1,0.3,0,0,applied,clear_constant_wind,1.225,0
2026-01-24T13:58:47.822790,-0.63397485,9.601939201,-15.74082279,0.070040959,-0.172117127,-2.092110846,-0.168700531,0.626853228,-0.289282769,-0.093339212,-0.775560737,-0.000183841,-0.030975461,0.005544186,-14.11344147,-0.093339212,-0.775560737,-0.000183841,139.3626404,0,-1.126874441,-2.052806506,-0.003844048,0.936707027,1,0.3,0,0,applied,clear_constant_wind,1.225,0
2026-01-24T13:58:47.932278,-0.648578942,9.642744064,-15.77348709,0.063934547,-0.229715976,-2.096107083,-0.210937038,0.415916085,-0.523603201,-0.086643666,-0.503825963,-0.000557689,-0.017681062,0.004431009,-12.21651363,-0.086643666,-0.503825963,-0.000557689,139.0483704,0,-1.124994567,-2.054114778,-0.001721107,0.936803353,1,0.3,0,0,applied,clear_constant_wind,1.225,0
2026-01-24T13:58:48.038646,-0.667336702,9.666817665,-15.81888294,0.057906928,-0.256214972,-2.097833835,-0.271559745,0.202936515,-0.621147871,-0.079635777,-0.193666652,-0.000590233,-0.00613302,0.003545523,-10.74043083,-0.079635777,-0.193666652,-0.000590233,138.8872681,10.53104016,-1.123440741,-2.055192194,0.001225512,0.936882964,1,0.3,0,0,applied,clear_constant_wind,1.225,0
2026-01-24T13:58:48.149560,-0.699371159,9.67414856,-15.88287735,0.050481337,-0.262168032,-2.098237675,-0.356755078,-0.055055097,-0.616156757,-0.069075339,0.048324611,-0.000425213,0.001329184,0.002700806,-9.658058167,-0.069075339,0.048324611,-0.000425213,139.4867554,10.53104016,-1.121808913,-2.056314778,0.005380474,0.936966565,1,0.3,0,0,applied,clear_constant_wind,1.225,0
2026-01-24T13:58:48.258806,-0.728449523,9.663435936,-15.92722893,0.045545319,-0.254706419,-2.09789717,-0.418337673,-0.228500947,-0.562415779,-0.061636563,0.143361017,-0.00027388,0.003594637,0.00224185,-9.262599945,-0.061255075,0.14617449,-0.000268022,139.4471436,10.4031288,-1.120851805,-2.056966659,0.008265233,0.937015596,1,0.3,0,0,applied,clear_constant_wind,1.225,0
2026-01-24T13:58:48.368497,-0.763500869,9.638996124,-15.96831226,0.040915063,-0.241182204,-2.097312131,-0.479906619,-0.396057159,-0.489559531,-0.054608297,0.198359922,-0.000135038,0.004109502,0.001908898,-9.112832069,-0.054608297,0.198359922,-0.000135038,139.1962585,10.4031288,-1.120045933,-2.05751057,0.010945488,0.937056877,1,0.3,0,0,applied,clear_constant_wind,1.225,0
2026-01-24T13:58:48.478763,-0.801620364,9.603610992,-16.00225449,0.036923792,-0.225251821,-2.096681947,-0.53606379,-0.545699716,-0.41580075,-0.04889711,0.223752722,-3.12E-05,0.003542215,0.001651168,-9.085094452,-0.04889711,0.223752722,-3.12E-05,139.8010406,10.39912806,-1.119435626,-2.057918621,0.013170118,0.937088139,1,0.3,0,0,applied,clear_constant_wind,1.225,0
2026-01-24T13:58:48.587978,-0.845597982,9.555344582,-16.03180122,0.033200517,-0.207411473,-2.096040777,-0.590918303,-0.690015018,-0.342927724,-0.043761853,0.231960535,4.57E-05,0.002185941,0.001437664,-9.128031731,-0.043761853,0.231960535,4.57E-05,139.5422211,10.39912806,-1.11895701,-2.058235265,0.015119513,0.937112654,1,0.3,0,0,applied,clear_constant_wind,1.225,0
2026-01-24T13:58:48.698395,-0.909289539,9.476037979,-16.06237602,0.028902316,-0.183958265,-2.095290198,-0.656799257,-0.861899436,-0.259436518,-0.038200732,0.22605519,0.000106227,-0.000323012,0.001219273,-9.233057022,-0.038200732,0.22605519,0.000106227,139.3890533,10.39912806,-1.118549777,-2.058499962,0.017159117,0.937133513,1,0.3,0,0,applied,clear_constant_wind,1.225,0
2026-01-24T13:58:48.819242,-0.962330699,9.404102325,-16.08045006,0.025993183,-0.16676472,-2.094801389,-0.702539742,-0.980742753,-0.205402464,-0.034554243,0.214498416,0.000129463,-0.002563924,0.001083732,-9.311327934,-0.034554243,0.214498416,0.000129463,139.3230286,10.38764979,-1.118390651,-2.058599035,0.018384038,0.937141664,1,0.3,0,0,applied,clear_constant_wind,1.225,0
2026-01-24T13:58:48.932334,-1.02775383,9.310142517,-16.09653854,0.022986292,-0.148217483,-2.094328845,-0.75041467,-1.104979753,-0.154029235,-0.030827167,0.197494268,0.000139248,-0.005285457,0.000950694,-9.407495499,-0.030827167,0.197494268,0.000139248,139.2464294,0,-1.118355367,-2.058613105,0.019497137,0.937143471,1,0.3,0,0,applied,clear_constant_wind,1.225,0
2026-01-24T13:58:49.040817,-1.08776927,9.220106125,-16.10708809,0.020645418,-0.133440407,-2.093992265,-0.787795186,-1.201989174,-0.11776498,-0.028029343,0.181506529,0.000137874,-0.007661462,0.000798583,-9.476729393,-0.028029343,0.181506529,0.000137874,139.5290222,0,-1.118442222,-2.058546008,0.020248328,0.937139022,1,0.3,0,0,applied,clear_constant_wind,1.225,0
2026-01-24T13:58:49.151072,-1.145636797,9.130587578,-16.11454391,0.018679038,-0.120913114,-2.093733892,-0.819097877,-1.283289671,-0.090245716,-0.025641456,0.166644976,0.000131486,-0.009805456,0.000734627,-9.533731461,-0.025641456,0.166644976,0.000131486,139.3916931,0,-1.118610713,-2.058424415,0.020798351,0.937130392,1,0.3,0,0,applied,clear_constant_wind,1.225,0
2026-01-24T13:58:49.258877,-1.220969081,9.01089859,-16.12137222,0.016458702,-0.106734054,-2.093471859,-0.854204416,-1.374576688,-0.062709957,-0.022972766,0.148685411,0.00011951,-0.012366444,0.000662565,-9.595355034,-0.022972766,0.148685411,0.00011951,139.2860565,0,-1.118930078,-2.058198845,0.021329531,0.937114034,1,0.3,0,0,applied,clear_constant_wind,1.225,0
2026-01-24T13:58:49.369713,-1.30459106,8.874728203,-16.12624741,0.014349009,-0.093331482,-2.093254202,-0.887145579,-1.460343719,-0.040050525,-0.020401787,0.13082765,0.000104527,-0.014989406,0.000589192,-9.647502899,-0.020311182,0.1302948,0.000104043,139.2702026,0,-1.119391299,-2.057876451,0.021745191,0.937090409,1,0.3,0,0,applied,clear_constant_wind,1.225,0
2026-01-24T13:58:49.480697,-1.371998906,8.762932777,-16.12871552,0.012865781,-0.084007014,-2.093120178,-0.909958899,-1.51979208,-0.026177434,-0.018511141,0.118006438,9.26E-05,-0.016753875,0.00053823,-9.676215172,-0.018511141,0.118006438,9.26E-05,139.190979,0,-1.11982977,-2.057571393,0.021986059,0.93706795,1,0.3,0,0,applied,clear_constant_wind,1.225,0
2026-01-24T13:58:49.590891,-1.432666302,8.661034584,-16.13010788,0.011667954,-0.076567085,-2.093023222,-0.928119898,-1.567124486,-0.016252501,-0.017024521,0.107578337,8.24E-05,-0.018260553,0.000496507,-9.699237823,-0.017024521,0.107578337,8.24E-05,139.1513672,0,-1.120267436,-2.057267561,0.022149293,0.93704553,1,0.3,0,0,applied,clear_constant_wind,1.225,0
2026-01-24T13:58:49.699611,-1.500149846,8.546485901,-16.13095093,0.010471971,-0.069203539,-2.092936492,-0.946074605,-1.613896012,-0.007450185,-0.015509123,0.097107626,7.19E-05,-0.019784868,0.000452995,-9.720509529,-0.015509123,0.097107626,7.19E-05,138.9506531,0,-1.120795553,-2.0569014,0.022285163,0.937018477,1,0.3,0,0,applied,clear_constant_wind,1.225,0
2026-01-24T13:58:49.809703,-1.594920516,8.383825302,-16.13119888,0.009000735,-0.060241762,-2.092842738,-0.967922032,-1.670729518,0.00188963,-0.013722686,0.084198639,5.88E-05,-0.021683224,0.000402361,-9.743454933,-0.013722686,0.084198639,5.88E-05,139.4445038,0,-1.121600555,-2.056343702,0.022415174,0.936977239,1,0.3,0,0,applied,clear_constant_wind,1.225,0
2026-01-24T13:58:49.921204,-1.676923633,8.241674423,-16.13077545,0.007885711,-0.05358198,-2.092781701,-0.984171569,-1.71289134,0.00789167,-0.012355187,0.074511558,4.91E-05,-0.023123674,0.000362009,-9.758936882,-0.012355187,0.074511558,4.91E-05,139.4550781,0,-1.122348431,-2.055825702,0.022486079,0.936938926,1,0.3,0,0,applied,clear_constant_wind,1.225,0
2026-01-24T13:58:50.030897,-1.7542243,8.106682777,-16.1299839,0.006949233,-0.048087622,-2.092736745,-0.997608721,-1.747623324,0.012183663,-0.011081926,0.066466533,4.13E-05,-0.02433113,0.000325024,-9.768338203,-0.011081926,0.066466533,4.13E-05,139.4339447,0,-1.123091202,-2.055311158,0.022527211,0.936900872,1,0.3,0,0,applied,clear_constant_wind,1.225,0
2026-01-24T13:58:50.138553,-1.826461911,7.979799271,-16.12898827,0.006162088,-0.043544682,-2.092703767,-1.008754849,-1.776292205,0.015348936,-0.010018425,0.059783593,3.51E-05,-0.025341786,0.000294209,-9.775998116,-0.010018425,0.059783593,3.51E-05,139.9515686,0,-1.123814484,-2.054809934,0.022548795,0.936863816,1,0.3,0,0,applied,clear_constant_wind,1.225,0
2026-01-24T13:58:50.247420,-1.899462223,7.850961685,-16.12779045,0.005445003,-0.039459022,-2.092676922,-1.018823385,-1.802030087,0.017868549,-0.009075525,0.053751323,2.97E-05,-0.026260264,0.000266612,-9.782408714,-0.009075525,0.053751323,2.97E-05,139.4313049,0,-1.124570971,-2.054285445,0.022557905,0.936825057,1,0.3,0,0,applied,clear_constant_wind,1.225,0
2026-01-24T13:58:50.357136,-2.004044294,7.665477276,-16.12582397,0.004544714,-0.034368122,-2.092648924,-1.031458497,-1.83402729,0.02055973,-0.007920831,0.046207674,2.32E-05,-0.027417205,0.000234008,-9.789495468,-0.007920831,0.046207674,2.32E-05,139.7218018,0,-1.125694702,-2.053505765,0.02255421,0.936767478,1,0.3,0,0,applied,clear_constant_wind,1.225,0
2026-01-24T13:58:50.466722,-2.09107995,7.510433674,-16.12402534,0.003884084,-0.030716132,-2.092631778,-1.040602088,-1.856907368,0.022181695,-0.007212935,0.040790167,1.89E-05,-0.028255127,0.000211626,-9.793793678,-0.007212935,0.040790167,1.89E-05,139.5554199,0,-1.12666187,-2.052834102,0.022540173,0.936717919,1,0.3,0,0,applied,clear_constant_wind,1.225,0
2026-01-24T13:58:50.576702,-2.169406176,7.370471478,-16.12232018,0.003346149,-0.027818729,-2.092619647,-1.047927856,-1.87499845,0.02327971,-0.006385823,0.036479842,1.57E-05,-0.028924655,0.00018765,-9.796847343,-0.006385823,0.036479842,1.57E-05,139.3969727,0,-1.127554388,-2.052213743,0.022521596,0.936672183,1,0.3,0,0,applied,clear_constant_wind,1.225,0
2026-01-24T13:58:50.685908,-2.248255014,7.229226589,-16.12053871,0.002859185,-0.02522735,-2.092609998,-1.054555655,-1.891119838,0.024118828,-0.005737253,0.032620173,1.30E-05,-0.029526889,0.000168413,-9.799257278,-0.005737253,0.032620173,1.30E-05,139.5527802,0,-1.128472169,-2.05157527,0.022498347,0.93662515,1,0.3,0,0,applied,clear_constant_wind,1.225,0
2026-01-24T13:58:50.795431,-2.330758572,7.081123829,-16.11862946,0.002401825,-0.022822561,-2.092602428,-1.060790777,-1.906015873,0.024774646,-0.005180721,0.029034516,1.07E-05,-0.030088611,0.000151977,-9.801221848,-0.005180721,0.029034516,1.07E-05,139.1407928,0,-1.129451409,-2.050893399,0.022470763,0.936574965,1,0.3,0,0,applied,clear_constant_wind,1.225,0
2026-01-24T13:58:50.905789,-2.432933092,6.897355556,-16.11622047,0.00190418,-0.020222743,-2.092595966,-1.067655087,-1.92203033,0.025350075,-0.004602443,0.025158251,8.32E-06,-0.03069878,0.000136152,-9.803002357,-0.004602443,0.025158251,8.32E-06,139.5897522,0,-1.130688462,-2.050031042,0.022433256,0.936511563,1,0.3,0,0,applied,clear_constant_wind,1.225,0
2026-01-24T13:58:51.014882,-2.522847176,6.735378742,-16.11408424,0.001511978,-0.018233488,-2.092592456,-1.073019624,-1.93419385,0.025687546,-0.004128661,0.022190537,6.69E-06,-0.031183101,0.000121817,-9.804273605,-0.004144964,0.022092447,6.64E-06,139.1751251,0,-1.131797554,-2.049256952,0.022398846,0.936454716,1,0.3,0,0,applied,clear_constant_wind,1.225,0
2026-01-24T13:58:51.124944,-2.60672307,6.584112644,-16.11206245,0.001182373,-0.01659676,-2.092590372,-1.07753396,-1.94412601,0.025900163,-0.00351396,0.019742711,5.45E-06,-0.031554211,0.000103138,-9.805124283,-0.00351396,0.019742711,5.45E-06,139.3388672,0,-1.132847972,-2.04852301,0.022364421,0.936400873,1,0.3,0,0,applied,clear_constant_wind,1.225,0
2026-01-24T13:58:51.234918,-2.68769002,6.43797636,-16.11010742,0.000893119,-0.015192727,-2.092589165,-1.081503272,-1.952572227,0.026031656,-0.003167602,0.0176461,4.48E-06,-0.031899147,9.37E-05,-9.805764198,-0.003206665,0.017566346,4.44E-06,139.6795502,0,-1.133875409,-2.047804349,0.022330679,0.936348205,1,0.3,0,0,applied,clear_constant_wind,1.225,0
2026-01-24T13:58:51.343227,-2.768943071,6.291243553,-16.10815239,0.000631382,-0.01393763,-2.092587061,-1.085150003,-1.960050583,0.026110107,-0.002792288,0.015771884,3.68E-06,-0.032184102,8.19E-05,-9.806250572,-0.002792288,0.015771884,3.68E-06,139.3864136,0,-1.134918765,-2.04707376,0.022297029,0.936294718,1,0.3,0,0,applied,clear_constant_wind,1.225,0
2026-01-24T13:58:51.451989,-2.873327494,6.102665424,-16.10564995,0.000338332,-0.012524116,-2.092585349,-1.089405417,-1.968370676,0.026155408,-0.002602285,0.013659382,2.86E-06,-0.032519851,7.73E-05,-9.806592941,-0.002602285,0.013659382,2.86E-06,139.2253113,0,-1.136275963,-2.046122215,0.022254015,0.936225137,1,0.3,0,0,applied,clear_constant_wind,1.225,0
2026-01-24T13:58:51.560126,-2.968262672,5.931125641,-16.10338211,9.75E-05,-0.011406254,-2.092583835,-1.092909932,-1.97484231,0.026148768,-0.002341099,0.011992476,2.26E-06,-0.032785252,6.86E-05,-9.806932449,-0.002341099,0.011992476,2.26E-06,139.6795502,0,-1.137525653,-2.045244848,0.022215027,0.936161064,1,0.3,0,0,applied,clear_constant_wind,1.225,0
2026-01-24T13:58:51.670829,-3.050338268,5.782823086,-16.10142708,-9.50E-05,-0.010552132,-2.092581547,-1.09569943,-1.979702115,0.026118731,-0.001875857,0.010713202,1.85E-06,-0.032988027,5.48E-05,-9.807173729,-0.001875857,0.010713202,1.85E-06,139.5237427,0,-1.138617147,-2.044477609,0.022181364,0.936105098,1,0.3,0,0,applied,clear_constant_wind,1.225,0
2026-01-24T13:58:51.778572,-3.132616043,5.634178162,-16.09947205,-0.000268794,-0.009788673,-2.092579427,-1.098302841,-1.983967066,0.026073998,-0.001670427,0.009569922,1.53E-06,-0.033169203,4.85E-05,-9.807282448,-0.001670427,0.009569922,1.53E-06,139.7218018,0,-1.139721033,-2.043700768,0.022147619,0.936048493,1,0.3,0,0,applied,clear_constant_wind,1.225,0
2026-01-24T13:58:51.887164,-3.215082884,5.485233307,-16.09751701,-0.000426806,-0.009106095,-2.09257808,-1.100741267,-1.987699032,0.026018182,-0.001471129,0.008549258,1.25E-06,-0.033330955,4.27E-05,-9.807370186,-0.001471129,0.008549258,1.25E-06,139.692749,0,-1.140836696,-2.042914731,0.022113761,0.935991281,1,0.3,0,0,applied,clear_constant_wind,1.225,0
2026-01-24T13:58:51.996791,-3.320897579,5.29420805,-16.09501457,-0.000599343,-0.008337998,-2.092579231,-1.103651047,-1.991787434,0.025939854,-0.001385588,0.007403859,9.56E-07,-0.033512756,4.15E-05,-9.807349205,-0.001385588,0.007403859,9.56E-07,139.2675629,0,-1.14228101,-2.041895784,0.022070214,0.935917209,1,0.3,0,0,applied,clear_constant_wind,1.225,0
2026-01-24T13:58:52.107193,-3.413707018,5.126764297,-16.09282494,-0.000739563,-0.007749636,-2.092580336,-1.106023908,-1.994807243,0.025857033,-0.001245864,0.006527722,7.57E-07,-0.033651423,3.60E-05,-9.807450294,-0.001245864,0.006527722,7.57E-07,139.0298767,0,-1.143559073,-2.040992846,0.022031879,0.93585166,1,0.3,0,0,applied,clear_constant_wind,1.225,0
2026-01-24T13:58:52.216433,-3.496736288,4.977062225,-16.0908699,-0.000858014,-0.00728277,-2.092581035,-1.108026743,-1.997113585,0.025779631,-0.000921834,0.005830331,6.05E-07,-0.033761024,2.66E-05,-9.807514191,-0.000921834,0.005830331,6.05E-07,139.2622833,0,-1.144710991,-2.040177998,0.021997443,0.935792576,1,0.3,0,0,applied,clear_constant_wind,1.225,0
2026-01-24T13:58:52.324680,-3.579912424,4.827201366,-16.08894348,-0.000964575,-0.006865416,-2.09258049,-1.10993576,-1.999090314,0.025701128,-0.000787731,0.005206212,4.89E-07,-0.033858757,2.25E-05,-9.807499886,-0.000787731,0.005206212,4.89E-07,139.0219574,0,-1.145872617,-2.03935527,0.02196496,0.93573299,1,0.3,0,0,applied,clear_constant_wind,1.225,0
2026-01-24T13:58:52.433424,-3.663228512,4.677201748,-16.08703613,-0.001061638,-0.006492244,-2.092580001,-1.111761689,-2.000771999,0.025624126,-0.000670183,0.004648294,4.15E-07,-0.03394904,2.04E-05,-9.807455063,-0.000720766,0.004626483,4.11E-07,139.7667084,0,-1.147043749,-2.038524785,0.02193372,0.935672913,1,0.3,0,0,applied,clear_constant_wind,1.225,0
2026-01-24T13:58:52.543196,-3.773410082,4.479028225,-16.08451843,-0.001163896,-0.006060849,-2.092579578,-1.114058375,-2.002592802,0.025530927,-0.000651719,0.004004783,3.00E-07,-0.034045927,1.98E-05,-9.807341576,-0.000651719,0.004004783,3.00E-07,139.3600006,0,-1.148603605,-2.037417073,0.021892145,0.935592889,1,0.3,0,0,applied,clear_constant_wind,1.225,0
2026-01-24T13:58:52.654995,-3.870419502,4.304741383,-16.08230591,-0.001253448,-0.005729618,-2.092579301,-1.115981817,-2.003865004,0.025442701,-0.000685907,0.003519825,2.42E-07,-0.034121789,1.97E-05,-9.807377815,-0.000685907,0.003519825,2.42E-07,139.0219574,0,-1.149987149,-2.036433062,0.021855265,0.935521904,1,0.3,0,0,applied,clear_constant_wind,1.225,0
2026-01-24T13:58:52.763184,-3.950827599,4.160428047,-16.08047485,-0.001328681,-0.005485372,-2.092579087,-1.117518783,-2.004711151,0.025369752,-0.000319029,0.003155798,2.10E-07,-0.034177221,9.22E-06,-9.807442665,-0.000319029,0.003155798,2.10E-07,139.7059631,0,-1.151140922,-2.035611386,0.021824483,0.935462704,1,0.3,0,0,applied,clear_constant_wind,1.225,0
2026-01-24T13:58:52.874900,-4.038059235,4.004027367,-16.07849121,-0.001397077,-0.00524917,-2.092578946,-1.119139194,-2.005436659,0.025294997,-0.000326312,0.002799711,1.84E-07,-0.034232624,1.06E-05,-9.8073349,-0.000389087,0.002787435,1.85E-07,139.8115997,0,-1.152399588,-2.034713886,0.021790853,0.935398118,1,0.3,0,0,applied,clear_constant_wind,1.225,0
2026-01-24T13:58:52.985741,-4.125415802,3.847577333,-16.07650757,-0.001459066,-0.005038947,-2.092578799,-1.12071538,-2.005986214,0.025223039,-0.000181282,0.002486001,1.57E-07,-0.034279414,5.91E-06,-9.807332039,-0.000224435,0.002473569,1.56E-07,139.6689911,0,-1.15366712,-2.033808875,0.021756915,0.935333072,1,0.3,0,0,applied,clear_constant_wind,1.225,0
2026-01-24T13:58:53.095955,-4.229729652,3.660994053,-16.07414246,-0.001521382,-0.004818693,-2.092578673,-1.122546315,-2.006436348,0.025141262,-0.000342395,0.002163239,1.21E-07,-0.034326188,1.04E-05,-9.807226181,-0.000342395,0.002163239,1.21E-07,139.3098145,0,-1.155189832,-2.032720091,0.021716029,0.935254926,1,0.3,0,0,applied,clear_constant_wind,1.225,0
2026-01-24T13:58:53.206762,-4.337585449,3.46835804,-16.07174301,-0.001581704,-0.004620588,-2.092578515,-1.124386668,-2.006697893,0.025057647,-0.000255689,0.001875598,1.06E-07,-0.034368884,8.25E-06,-9.807191849,-0.000255689,0.001875598,1.06E-07,139.2226715,0,-1.156774382,-2.031585224,0.021676666,0.935173598,1,0.3,0,0,applied,clear_constant_wind,1.225,0
2026-01-24T13:58:53.316465,-4.418591499,3.323869228,-16.06995773,-0.00163107,-0.004488272,-2.092578477,-1.125737667,-2.006774664,0.02499372,0.000107617,0.001680583,9.08E-08,-0.034397956,-2.97E-06,-9.807281494,7.77E-05,0.001668996,9.04E-08,139.4814758,0,-1.15797124,-2.030726773,0.021647971,0.935112165,1,0.3,0,0,applied,clear_constant_wind,1.225,0
2026-01-24T13:58:53.440937,-4.499694824,3.179377079,-16.06817245,-0.001675391,-0.004369521,-2.092578379,-1.127072453,-2.006756544,0.024935173,0.000124996,0.001506,7.47E-08,-0.0344235,-2.03E-06,-9.8072052,3.76E-05,0.001484617,7.26E-08,138.8318024,0,-1.159175248,-2.029862117,0.021619006,0.93505036,1,0.3,0,0,applied,clear_constant_wind,1.225,0
2026-01-24T13:58:53.552353,-4.594435692,3.010810852,-16.06608963,-0.001713127,-0.00424699,-2.092578396,-1.128609896,-2.006629229,0.024873046,5.03E-05,0.001313754,5.85E-08,-0.03444754,-6.45E-07,-9.807139397,-3.99E-06,0.001308533,5.85E-08,139.4524231,0,-1.16058879,-2.028845603,0.021584857,0.934977794,1,0.3,0,0,applied,clear_constant_wind,1.225,0
2026-01-24T13:58:53.659763,-4.689304352,2.842259407,-16.06400681,-0.001751863,-0.004138226,-2.092578338,-1.13012743,-2.006401062,0.024810756,2.59E-05,0.001158981,3.76E-08,-0.034468032,-1.61E-06,-9.807138443,2.59E-05,0.001158981,3.76E-08,139.6637115,0,-1.162011913,-2.02782069,0.021550313,0.934904731,1,0.3,0,0,applied,clear_constant_wind,1.225,0
2026-01-24T13:58:53.768968,-4.801277637,2.643639565,-16.06155205,-0.001795063,-0.0040262,-2.092578282,-1.131899476,-2.006014824,0.024741763,4.31E-05,0.001002468,3.15E-08,-0.034489028,-3.91E-08,-9.807025909,4.31E-05,0.001002468,3.15E-08,139.0615692,0,-1.163701298,-2.02660205,0.021509076,0.93481799,1,0.3,0,0,applied,clear_constant_wind,1.225,0
2026-01-24T13:58:53.878912,-4.882822514,2.499215364,-16.05976677,-0.00183031,-0.003953047,-2.092578276,-1.133173943,-2.005666971,0.024686655,0.000347715,0.000898177,2.81E-08,-0.034502726,-9.92E-06,-9.807160378,0.000307993,0.000889693,2.80E-08,139.3731995,0,-1.164938193,-2.025708458,0.021478718,0.934754478,1,0.3,0,0,applied,clear_constant_wind,1.225,0
2026-01-24T13:58:53.985952,-4.967862606,2.348802567,-16.0579071,-0.001862106,-0.003884951,-2.092578187,-1.134497881,-2.005245447,0.024633715,0.000268484,0.000794454,2.63E-08,-0.034514479,-7.14E-06,-9.807098389,0.000209109,0.000788155,2.47E-08,138.8819885,0,-1.166233988,-2.024771081,0.021446757,0.934687936,1,0.3,0,0,applied,clear_constant_wind,1.225,0
2026-01-24T13:58:54.097759,-5.056409359,2.1924088,-16.05597305,-0.001891324,-0.003821773,-2.092578206,-1.135870337,-2.004750013,0.024581455,0.000245218,0.000699382,1.74E-08,-0.034524404,-8.03E-06,-9.807082176,0.000245218,0.000699382,1.74E-08,139.5422211,0,-1.16758959,-2.023789088,0.021413141,0.934618317,1,0.3,0,0,applied,clear_constant_wind,1.225,0
2026-01-24T13:58:54.205171,-5.151887894,2.024030685,-16.05389023,-0.001919563,-0.003761363,-2.092578134,-1.137345195,-2.004158735,0.024526617,8.29E-05,0.00061703,5.42E-09,-0.034533545,-3.16E-06,-9.807022095,8.29E-05,0.00061703,5.42E-09,139.4788361,0,-1.169058475,-2.022723471,0.021376501,0.934542876,1,0.3,0,0,applied,clear_constant_wind,1.225,0
2026-01-24T13:58:54.316497,-5.267990112,1.819641829,-16.05138016,-0.001947146,-0.00369765,-2.092578162,-1.139131546,-2.003370047,0.02446508,0.000286815,0.000524527,3.48E-09,-0.0345424,-7.12E-06,-9.806921005,0.000286815,0.000524527,3.48E-09,139.4260254,0,-1.1708549,-2.021418008,0.021332998,0.934450603,1,0.3,0,0,applied,clear_constant_wind,1.225,0
2026-01-24T13:58:54.426147,-5.350053787,1.675417185,-16.04964066,-0.001975538,-0.003656216,-2.092578108,-1.140386581,-2.002774715,0.02441426,0.000422182,0.000469807,-9.18E-10,-0.034547284,-1.34E-05,-9.807087898,0.000422182,0.000469807,-9.18E-10,139.6082458,0,-1.172131378,-2.020488881,0.021304637,0.934385032,1,0.3,0,0,applied,clear_constant_wind,1.225,0
2026-01-24T13:58:54.538991,-5.435634136,1.525230408,-16.04782867,-0.002001579,-0.003617713,-2.092578061,-1.141698003,-2.002117395,0.024368903,0.000307188,0.000415839,3.71E-09,-0.034551427,-1.01E-05,-9.807006836,0.000307188,0.000415839,3.71E-09,139.254364,0,-1.173468394,-2.019514367,0.021274757,0.934316346,1,0.3,0,0,applied,clear_constant_wind,1.225,0
2026-01-24T13:58:54.649370,-5.521313667,1.375093937,-16.04601669,-0.002025677,-0.003583059,-2.092578117,-1.143012047,-2.00142765,0.024326043,0.000343278,0.000366212,1.28E-08,-0.034554768,-9.25E-06,-9.806968689,0.000282964,0.000363154,1.36E-08,139.3626404,0,-1.174812965,-2.018532979,0.021244527,0.934247267,1,0.3,0,0,applied,clear_constant_wind,1.225,0
2026-01-24T13:58:54.758800,-5.617389679,1.20700407,-16.04398727,-0.002042613,-0.003549252,-2.092578084,-1.144484401,-2.000621319,0.024281649,0.000286656,0.0003138,1.41E-08,-0.034557231,-9.25E-06,-9.806938171,0.000286656,0.0003138,1.41E-08,139.4761963,0,-1.176328048,-2.017425493,0.021210241,0.934169421,1,0.3,0,0,applied,clear_constant_wind,1.225,0
2026-01-24T13:58:54.870605,-5.734219551,1.002987862,-16.04152298,-0.002062112,-0.003513333,-2.092578049,-1.146274328,-1.999599934,0.024229903,0.000370209,0.000270489,4.54E-09,-0.034558635,-9.47E-06,-9.806842804,0.000370209,0.000270489,4.54E-09,139.1038208,0,-1.178180769,-2.016068831,0.021167987,0.934074219,1,0.3,0,0,applied,clear_constant_wind,1.225,0
2026-01-24T13:58:54.980997,-5.823683739,0.847046971,-16.03963852,-0.002083443,-0.003487403,-2.092578018,-1.14764142,-1.998793364,0.024182713,0.000332117,0.000238771,-5.75E-09,-0.034559097,-1.13E-05,-9.806972504,0.000332117,0.000238771,-5.75E-09,138.9929047,0,-1.179607206,-2.015022536,0.021135205,0.934000914,1,0.3,0,0,applied,clear_constant_wind,1.225,0
2026-01-24T13:58:55.090874,-5.90636158,0.7031582,-16.03789902,-0.002109143,-0.003465377,-2.092577987,-1.148909569,-1.998026133,0.024141539,0.000402907,0.00021557,1.87E-09,-0.034558713,-1.24E-05,-9.806986809,0.000402907,0.00021557,1.87E-09,139.4207458,0,-1.180931401,-2.014049846,0.021104574,0.933932859,1,0.3,0,0,applied,clear_constant_wind,1.225,0
2026-01-24T13:58:55.202363,-5.992581844,0.55333364,-16.03608704,-0.002129217,-0.003444969,-2.092577962,-1.150237441,-1.997204781,0.024101041,0.000422874,0.000182267,4.99E-09,-0.034558218,-1.34E-05,-9.806944847,0.000422874,0.000182267,4.99E-09,139.0140381,0,-1.182318477,-2.013029531,0.021072281,0.933861567,1,0.3,0,0,applied,clear_constant_wind,1.225,0
2026-01-24T13:58:55.310546,-6.085811138,0.391593158,-16.0341301,-0.002145883,-0.00342551,-2.092578038,-1.151677489,-1.996296048,0.024059208,0.000303856,0.000154568,-3.74E-09,-0.034557022,-9.88E-06,-9.806909561,0.000303856,0.000154568,-3.74E-09,139.5158081,0,-1.183825461,-2.011919345,0.021036952,0.933784106,1,0.3,0,0,applied,clear_constant_wind,1.225,0
2026-01-24T13:58:55.420478,-6.203375816,0.18802619,-16.0316658,-0.002160016,-0.00340461,-2.092578019,-1.153497934,-1.995123744,0.02401091,0.00044898,0.000129833,-5.43E-09,-0.034554388,-1.18E-05,-9.806799889,0.00044898,0.000129833,-5.43E-09,139.1883392,0,-1.185736499,-2.010508991,0.020991781,0.933685866,1,0.3,0,0,applied,clear_constant_wind,1.225,0
2026-01-24T13:58:55.526721,-6.283012867,0.050387315,-16.02999878,-0.002182882,-0.003389661,-2.092577995,-1.154728651,-1.994317889,0.023968052,0.000619479,0.000123283,4.42E-09,-0.034551989,-1.86E-05,-9.807019234,0.000619479,0.000123283,4.42E-09,139.0483704,0,-1.187037608,-2.009547163,0.020960783,0.933618975,1,0.3,0,0,applied,clear_constant_wind,1.225,0
2026-01-24T13:58:55.636929,-6.369669914,-0.09915635,-16.0281868,-0.002200894,-0.003375556,-2.092577977,-1.156076431,-1.99342382,0.023926998,0.000457394,9.82E-05,-7.47E-09,-0.034549706,-1.47E-05,-9.806932449,0.000457394,9.82E-05,-7.47E-09,139.7931061,0,-1.18845982,-2.008494321,0.020926677,0.933545852,1,0.3,0,0,applied,clear_constant_wind,1.225,0
2026-01-24T13:58:55.745873,-6.452955723,-0.242654666,-16.0264473,-0.002220706,-0.003362967,-2.092577958,-1.157376885,-1.992551327,0.023888199,0.000507917,8.47E-05,-1.41E-09,-0.034546819,-1.56E-05,-9.806950569,0.000507917,8.47E-05,-1.41E-09,139.4022522,0,-1.18983293,-2.007476352,0.020893523,0.933475248,1,0.3,0,0,applied,clear_constant_wind,1.225,0
2026-01-24T13:58:55.854814,-6.557195187,-0.42193836,-16.02427292,-0.002231596,-0.0033502,-2.092577946,-1.159011722,-1.991442323,0.023844648,0.000228796,6.96E-05,2.61E-09,-0.03454297,-6.78E-06,-9.806838989,0.000228796,6.96E-05,2.61E-09,139.5712738,0,-1.191560108,-2.006193824,0.0208515,0.933386431,1,0.3,0,0,applied,clear_constant_wind,1.225,0
2026-01-24T13:58:55.965997,-6.665064335,-0.607092679,-16.02207756,-0.002246468,-0.003337645,-2.092577931,-1.160706282,-1.990280151,0.02379673,0.000227838,6.47E-05,-5.42E-09,-0.034538202,-6.22E-06,-9.80683136,0.000227838,6.47E-05,-5.42E-09,139.2490845,0,-1.193357599,-2.004856586,0.020812209,0.933293989,1,0.3,0,0,applied,clear_constant_wind,1.225,0
2026-01-24T13:58:56.075951,-6.752170563,-0.756331384,-16.02031326,-0.002265081,-0.003327108,-2.092577915,-1.162075996,-1.989332318,0.023756951,0.000570631,4.92E-05,-1.19E-08,-0.034534443,-1.76E-05,-9.806936264,0.000570631,4.92E-05,-1.19E-08,139.1592865,0,-1.19481678,-2.003769188,0.020780635,0.93321894,1,0.3,0,0,applied,clear_constant_wind,1.225,0
2026-01-24T13:58:56.187310,-6.835889339,-0.899533391,-16.01861954,-0.002285627,-0.003317496,-2.092577898,-1.163400292,-1.988409758,0.023720397,0.000544086,4.22E-05,1.23E-09,-0.034530438,-1.52E-05,-9.806900024,0.000477234,3.80E-05,2.00E-09,139.4286652,0,-1.196225781,-2.002717617,0.02074993,0.933146465,1,0.3,0,0,applied,clear_constant_wind,1.225,0
2026-01-24T13:58:56.295958,-6.923198223,-1.048630953,-16.01685524,-0.002301452,-0.00330877,-2.092577885,-1.164787412,-1.987436771,0.02368542,0.000556271,2.84E-05,5.21E-09,-0.0345263,-1.70E-05,-9.806898117,0.000556271,2.84E-05,5.21E-09,139.2675629,0,-1.197702064,-2.001614176,0.020717525,0.933070523,1,0.3,0,0,applied,clear_constant_wind,1.225,0
2026-01-24T13:58:56.403447,-7.031606197,-1.233409047,-16.01466751,-0.002312469,-0.003299935,-2.092577876,-1.166518092,-1.986214161,0.02364511,0.000231483,2.49E-05,2.21E-09,-0.034520574,-6.45E-06,-9.806794167,0.000231483,2.49E-05,2.21E-09,139.2966156,0,-1.199544929,-2.000234356,0.020676737,0.932975716,1,0.3,0,0,applied,clear_constant_wind,1.225,0
2026-01-24T13:58:56.513439,-7.136670589,-1.412117481,-16.01255035,-0.002328894,-0.003290934,-2.092577863,-1.168199897,-1.985018253,0.023601644,0.000199078,2.49E-05,-4.25E-09,-0.034514412,-5.83E-06,-9.80680275,0.000212939,2.48E-05,-4.64E-09,139.1487274,0,-1.201341508,-1.998886642,0.020636608,0.932883281,1,0.3,0,0,applied,clear_constant_wind,1.225,0
2026-01-24T13:58:56.624869,-7.224339962,-1.56095922,-16.01078606,-0.002349436,-0.003282818,-2.092577848,-1.169607401,-1.984012485,0.023562564,0.0005553,1.22E-05,2.18E-09,-0.034509823,-1.71E-05,-9.806922913,0.0005553,1.22E-05,2.18E-09,139.8274384,0,-1.202848747,-1.997754032,0.020602664,0.932805725,1,0.3,0,0,applied,clear_constant_wind,1.225,0
2026-01-24T13:58:56.733444,-7.312115192,-1.709725499,-16.00902176,-0.002368884,-0.00327526,-2.092577834,-1.171025753,-1.982994199,0.023524657,0.00050078,3.60E-06,-3.52E-09,-0.034504686,-1.36E-05,-9.806879044,0.000420652,2.29E-06,-4.70E-09,139.3652802,0,-1.204365268,-1.996612653,0.020568252,0.932727685,1,0.3,0,0,applied,clear_constant_wind,1.225,0
2026-01-24T13:58:56.842347,-7.399997711,-1.858414888,-16.00725746,-0.002386076,-0.003268411,-2.092577822,-1.17245245,-1.981965423,0.023488259,0.000571176,-1.90E-06,-8.15E-09,-0.03449953,-1.74E-05,-9.806911469,0.000571176,-1.90E-06,-8.15E-09,139.4735565,0,-1.2058911,-1.995462447,0.020533363,0.932649159,1,0.3,0,0,applied,clear_constant_wind,1.225,0
2026-01-24T13:58:56.950384,-7.509120941,-2.042681932,-16.00506973,-0.002397589,-0.003261773,-2.092577814,-1.174233794,-1.98067534,0.023446068,0.00023695,-2.67E-06,-6.43E-09,-0.034492742,-6.60E-06,-9.80679512,0.00023695,-2.67E-06,-6.43E-09,139.3335876,0,-1.207796303,-1.994023694,0.020489422,0.9325511,1,0.3,0,0,applied,clear_constant_wind,1.225,0
2026-01-24T13:58:57.060244,-7.611354351,-2.214951515,-16.00302315,-0.002415358,-0.003254497,-2.092577802,-1.175908446,-1.979457736,0.023401145,0.000221253,-4.55E-07,-1.56E-08,-0.03448607,-6.98E-06,-9.80684185,0.000221253,-4.55E-07,-1.56E-08,139.8300781,0,-1.209591968,-1.992665046,0.020447619,0.93245867,1,0.3,0,0,applied,clear_constant_wind,1.225,0
2026-01-24T13:58:57.167910,-7.699604034,-2.363374472,-16.00125885,-0.002436958,-0.003247592,-2.092577788,-1.177359581,-1.978398681,0.023360467,0.000549972,-9.16E-06,-1.31E-08,-0.034480438,-1.69E-05,-9.806937218,0.000549972,-9.16E-06,-1.31E-08,139.315094,0,-1.211150502,-1.991483756,0.020411029,0.932378438,1,0.3,0,0,applied,clear_constant_wind,1.225,0
2026-01-24T13:58:57.280412,-7.787962437,-2.511717558,-15.99950218,-0.002456605,-0.003241132,-2.092577776,-1.17882216,-1.977327824,0.02332047,0.000526141,-1.72E-05,-5.48E-09,-0.034474701,-1.66E-05,-9.806911469,0.000526141,-1.72E-05,-5.48E-09,139.4788361,0,-1.21271897,-1.990292991,0.020374694,0.932297688,1,0.3,0,0,applied,clear_constant_wind,1.225,0
2026-01-24T13:58:57.388384,-7.876431465,-2.65997982,-15.99776173,-0.00247567,-0.003235,-2.092577764,-1.180295229,-1.976246238,0.023281746,0.000528136,-2.03E-05,-2.20E-09,-0.034468696,-1.66E-05,-9.806904793,0.000528136,-2.03E-05,-2.20E-09,139.3309479,0,-1.214297404,-1.989092677,0.020339503,0.932216418,1,0.3,0,0,applied,clear_constant_wind,1.225,0
2026-01-24T13:58:57.498222,-7.989832878,-2.849636555,-15.99553394,-0.002486328,-0.003229626,-2.092577608,-1.182193518,-1.974847794,0.023239693,0.000323403,-1.88E-05,-8.75E-11,-0.034460716,-8.67E-06,-9.806773186,0.000323403,-1.88E-05,-8.75E-11,139.3362274,0,-1.216332663,-1.987542055,0.020293711,0.932111616,1,0.3,0,0,applied,clear_constant_wind,1.225,0
2026-01-24T13:58:57.606834,-8.089209557,-3.01547575,-15.99358463,-0.002504135,-0.003223098,-2.092577598,-1.183861494,-1.973615885,0.023195129,0.000275301,-1.37E-05,4.12E-09,-0.034453526,-9.15E-06,-9.806858063,0.000275301,-1.37E-05,4.12E-09,139.3098145,0,-1.218127351,-1.986171988,0.020252937,0.932019192,1,0.3,0,0,applied,clear_constant_wind,1.225,0
2026-01-24T13:58:57.717035,-8.174500465,-3.157540798,-15.9919138,-0.002528799,-0.003216593,-2.092577584,-1.185300112,-1.972550511,0.023155896,0.000578839,-1.64E-05,7.82E-09,-0.034447297,-1.74E-05,-9.806951523,0.000578839,-1.64E-05,7.82E-09,139.5026093,0,-1.219676197,-1.984987534,0.020217451,0.931939421,1,0.3,0,0,applied,clear_constant_wind,1.225,0
2026-01-24T13:58:57.825652,-8.267017365,-3.311357975,-15.99010372,-0.002546207,-0.003210728,-2.092577575,-1.186871767,-1.971383572,0.023115775,0.000477999,-3.14E-05,-5.87E-10,-0.034440998,-1.54E-05,-9.806880951,0.000477999,-3.14E-05,-5.87E-10,139.3969727,0,-1.221365132,-1.983693768,0.020178436,0.931852428,1,0.3,0,0,applied,clear_constant_wind,1.225,0
2026-01-24T13:58:57.935914,-8.356091499,-3.459172249,-15.98836327,-0.002566484,-0.00320485,-2.092577564,-1.188392758,-1.970251918,0.023076419,0.00054823,-3.17E-05,-1.19E-09,-0.034434289,-1.71E-05,-9.806911469,0.00054823,-3.17E-05,-1.19E-09,138.8476563,0,-1.223000087,-1.98243918,0.020140348,0.931768207,1,0.3,0,0,applied,clear_constant_wind,1.225,0
2026-01-24T13:58:58.048377,-8.473845482,-3.654156685,-15.98608112,-0.002576638,-0.003199904,-2.092577559,-1.190414548,-1.968743086,0.023031561,0.000402081,-2.89E-05,2.16E-09,-0.034425225,-1.06E-05,-9.806764603,0.000402081,-2.89E-05,2.16E-09,139.3864136,0,-1.22517493,-1.980766971,0.020090837,0.931656163,1,0.3,0,0,applied,clear_constant_wind,1.225,0
2026-01-24T13:58:58.156601,-8.573914528,-3.819480658,-15.98415852,-0.002595325,-0.003193416,-2.0925774,-1.192136645,-1.967455268,0.022984326,0.000268318,-2.39E-05,3.76E-09,-0.034417424,-9.14E-06,-9.806873322,0.000268318,-2.39E-05,3.76E-09,139.2226715,0,-1.227035521,-1.979333356,0.020049542,0.931560299,1,0.3,0,0,applied,clear_constant_wind,1.225,0
2026-01-24T13:58:58.266022,-8.659803391,-3.96110034,-15.98251057,-0.002622471,-0.003186788,-2.092577387,-1.19362247,-1.966341376,0.022944311,0.000577595,-2.37E-05,-1.88E-09,-0.03441048,-1.66E-05,-9.806930542,0.000535113,-2.94E-05,-2.26E-09,139.7006836,0,-1.228641647,-1.97809357,0.020013581,0.931477537,1,0.3,0,0,applied,clear_constant_wind,1.225,0
2026-01-24T13:58:58.376042,-8.749386787,-4.10853529,-15.98079395,-0.002641537,-0.003181051,-2.092577378,-1.195182562,-1.965169311,0.022905545,0.000645704,-3.47E-05,-5.59E-09,-0.034403659,-1.82E-05,-9.806897163,0.000582437,-3.98E-05,-5.19E-09,139.2411499,0,-1.230325867,-1.976791268,0.019975553,0.931390743,1,0.3,0,0,applied,clear_constant_wind,1.225,0
2026-01-24T13:58:58.484242,-8.839084625,-4.255882263,-15.97907734,-0.002662121,-0.003175114,-2.092577369,-1.196754813,-1.963986158,0.022865683,0.000578526,-3.88E-05,-5.91E-10,-0.034396663,-1.83E-05,-9.806910515,0.000578526,-3.88E-05,-5.91E-10,139.3071747,0,-1.232021969,-1.975477463,0.019936931,0.931303329,1,0.3,0,0,applied,clear_constant_wind,1.225,0
2026-01-24T13:58:58.593553,-8.96126461,-4.456130505,-15.97674274,-0.002676382,-0.003169874,-2.092577362,-1.198911548,-1.962358952,0.022819877,0.000588882,-4.17E-05,9.17E-09,-0.034386683,-1.54E-05,-9.806739807,0.000588882,-4.17E-05,9.17E-09,138.9717712,0,-1.234347575,-1.973672254,0.019883427,0.931183458,1,0.3,0,0,applied,clear_constant_wind,1.225,0
2026-01-24T13:58:58.703389,-9.05484581,-4.609149456,-15.97495747,-0.002696562,-0.003163098,-2.092577354,-1.200565815,-1.961108446,0.022772079,0.000504677,-3.59E-05,1.84E-08,-0.034378864,-1.68E-05,-9.806936264,0.000504677,-3.59E-05,1.84E-08,139.0668488,0,-1.236140981,-1.972277159,0.019841733,0.931091008,1,0.3,0,0,applied,clear_constant_wind,1.225,0
2026-01-24T13:58:58.813249,-9.144948959,-4.7561903,-15.97324085,-0.002722922,-0.003156411,-2.092577194,-1.202169657,-1.959893584,0.022728834,0.000510763,-3.56E-05,2.42E-08,-0.034371175,-1.61E-05,-9.806939125,0.000510763,-3.56E-05,2.42E-08,139.2517242,0,-1.237877993,-1.970923438,0.019800987,0.931001457,1,0.3,0,0,applied,clear_constant_wind,1.225,0
2026-01-24T13:58:58.923097,-9.231562614,-4.897263527,-15.97161579,-0.002748038,-0.003149961,-2.092577184,-1.203721762,-1.958715439,0.022687031,0.000635202,-3.59E-05,1.43E-08,-0.034363721,-1.95E-05,-9.806957245,0.000635202,-3.59E-05,1.43E-08,139.3731995,0,-1.239557164,-1.969612431,0.01976389,0.930914879,1,0.3,0,0,applied,clear_constant_wind,1.225,0
2026-01-24T13:58:59.030465,-9.329136848,-5.055868149,-15.9697876,-0.002765361,-0.003144239,-2.092577177,-1.205482841,-1.957376361,0.022645239,0.000422002,-4.65E-05,4.50E-09,-0.034355704,-1.37E-05,-9.806862831,0.000422002,-4.65E-05,4.50E-09,139.5871124,0,-1.241460108,-1.968123929,0.019721461,0.930816754,1,0.3,0,0,applied,clear_constant_wind,1.225,0
2026-01-24T13:58:59.143184,-9.452213287,-5.255438328,-15.96748543,-0.002781021,-0.003138527,-2.092577172,-1.207716942,-1.955673575,0.022598159,0.000600169,-4.49E-05,2.37E-10,-0.034344669,-1.58E-05,-9.806743622,0.000600169,-4.49E-05,2.37E-10,139.7957458,0,-1.243877653,-1.966228624,0.019666961,0.930692079,1,0.3,0,0,applied,clear_constant_wind,1.225,0
2026-01-24T13:58:59.251552,-9.539227486,-5.396206379,-15.96586037,-0.002807138,-0.003131034,-2.092577163,-1.209298372,-1.954465866,0.022551494,0.000747734,-3.58E-05,2.12E-09,-0.03433669,-2.33E-05,-9.806998253,0.000747734,-3.58E-05,2.12E-09,139.0193176,0,-1.245598786,-1.964876368,0.01962775,0.930603308,1,0.3,0,0,applied,clear_constant_wind,1.225,0
2026-01-24T13:58:59.358996,-9.626356125,-5.536886692,-15.96423531,-0.002833951,-0.003124094,-2.092577005,-1.210895181,-1.953244328,0.022509087,0.000642644,-3.76E-05,9.23E-09,-0.034328818,-2.00E-05,-9.806956291,0.000642644,-3.76E-05,9.23E-09,139.1170349,0,-1.247332204,-1.963511997,0.019587911,0.930513895,1,0.3,0,0,applied,clear_constant_wind,1.225,0
2026-01-24T13:58:59.466960,-9.713600159,-5.677479267,-15.96261024,-0.00285877,-0.003117506,-2.092576997,-1.212505817,-1.952010036,0.022467565,0.000671165,-4.25E-05,2.19E-09,-0.034320902,-1.88E-05,-9.806927681,0.000595147,-4.85E-05,1.41E-09,140.0492859,0,-1.249078124,-1.962135282,0.019547428,0.930423828,1,0.3,0,0,applied,clear_constant_wind,1.225,0
2026-01-24T13:58:59.575029,-9.82281971,-5.853094578,-15.96057892,-0.002869973,-0.003112386,-2.092576994,-1.214532971,-1.950453162,0.022422189,0.000358888,-5.07E-05,-1.43E-08,-0.034311261,-1.10E-05,-9.806833267,0.000358888,-5.07E-05,-1.43E-08,139.1460876,0,-1.251278267,-1.960396809,0.019495897,0.930310317,1,0.3,0,0,applied,clear_constant_wind,1.225,0
2026-01-24T13:58:59.686683,-9.939520836,-6.040261269,-15.95843601,-0.002892094,-0.003105389,-2.092576988,-1.216709137,-1.948778272,0.022368539,0.000320955,-3.11E-05,-2.27E-08,-0.034299374,-1.07E-05,-9.806793213,0.000417479,-3.56E-05,-2.23E-08,139.3705597,0,-1.253647353,-1.95852033,0.019442684,0.930188075,1,0.3,0,0,applied,clear_constant_wind,1.225,0
2026-01-24T13:58:59.794205,-10.02718449,-6.180529594,-15.95683384,-0.002918137,-0.003097996,-2.092576981,-1.218345761,-1.947516561,0.022323266,0.000847237,-2.16E-05,-8.71E-09,-0.034290832,-2.43E-05,-9.80705452,0.000847237,-2.16E-05,-8.71E-09,139.037796,0,-1.25543948,-1.95709774,0.019402619,0.930095592,1,0.3,0,0,applied,clear_constant_wind,1.225,0
2026-01-24T13:58:59.904218,-10.11862659,-6.326545238,-15.95516491,-0.002943965,-0.003090273,-2.092576826,-1.22006917,-1.94618547,0.022277156,0.00063858,-4.33E-05,-1.68E-10,-0.034282811,-2.06E-05,-9.806949615,0.00063858,-4.33E-05,-1.68E-10,139.5078888,0,-1.257320608,-1.955601623,0.01936017,0.929998506,1,0.3,0,0,applied,clear_constant_wind,1.225,0
2026-01-24T13:59:00.014121,-10.2101984,-6.472461224,-15.95349598,-0.002972575,-0.003082716,-2.092576819,-1.221808314,-1.944839239,0.022232927,0.000558126,-4.76E-05,7.97E-10,-0.03427403,-1.78E-05,-9.806946754,0.000558126,-4.76E-05,7.97E-10,139.2807617,0,-1.259216593,-1.954090702,0.019316974,0.929900644,1,0.3,0,0,applied,clear_constant_wind,1.225,0
2026-01-24T13:59:00.121062,-10.32025909,-6.647427559,-15.95149326,-0.002993158,-0.003076066,-2.092576815,-1.223914504,-1.943205714,0.02218473,0.000276086,-4.17E-05,5.88E-10,-0.034262996,-8.16E-06,-9.80683136,0.000276086,-4.17E-05,5.88E-10,139.0827026,0,-1.261511588,-1.952257784,0.019264127,0.929782172,1,0.3,0,0,applied,clear_constant_wind,1.225,0
2026-01-24T13:59:00.232393,-10.43418884,-6.828070641,-15.94942379,-0.003018047,-0.00306816,-2.092576811,-1.226106763,-1.941501975,0.022130718,0.000255447,-3.03E-05,9.44E-10,-0.03425115,-6.85E-06,-9.806833267,0.000255447,-3.03E-05,9.44E-10,139.3388672,0,-1.263906239,-1.950340564,0.01920832,0.92965854,1,0.3,0,0,applied,clear_constant_wind,1.225,0
2026-01-24T13:59:00.342272,-10.52621555,-6.97363472,-15.94776249,-0.003047089,-0.00305958,-2.092576806,-1.227884412,-1.940117478,0.022080218,0.000729111,-4.04E-05,5.22E-10,-0.034241989,-2.25E-05,-9.807019234,0.000729111,-4.04E-05,5.22E-10,139.3098145,0,-1.265855057,-1.94877672,0.01916339,0.929557914,1,0.3,0,0,applied,clear_constant_wind,1.225,0
2026-01-24T13:59:00.451467,-10.61468697,-7.113277435,-15.9461832,-0.003078801,-0.003051075,-2.092576652,-1.229607821,-1.938772798,0.02203281,0.000690494,-3.78E-05,8.76E-10,-0.034232683,-2.14E-05,-9.807006836,0.000690494,-3.78E-05,8.76E-10,139.1302338,0,-1.267740938,-1.947260311,0.019121519,0.929460526,1,0.3,0,0,applied,clear_constant_wind,1.225,0
2026-01-24T13:59:00.560838,-10.71067142,-7.264447689,-15.94447231,-0.003104847,-0.003043284,-2.092576649,-1.231488585,-1.93730104,0.021986352,0.000517274,-5.60E-05,1.17E-09,-0.034223266,5.66E-05,-9.806926727,0.000517274,-5.60E-05,1.17E-09,139.1619263,0,-1.269800909,-1.945600483,0.019075322,0.929354137,1,0.3,0,0,applied,clear_constant_wind,1.225,0
2026-01-24T13:59:00.668066,-10.82160568,-7.43873167,-15.94249821,-0.003127413,-0.003035958,-2.092576647,-1.233675838,-1.93558538,0.021936426,0.000291351,-4.45E-05,5.40E-09,-0.034211129,6.88E-05,-9.80684185,0.000291351,-4.45E-05,5.40E-09,139.0721283,0,-1.27220007,-1.943662817,0.019020903,0.929230215,1,0.3,0,0,applied,clear_constant_wind,1.225,0
2026-01-24T13:59:00.779039,-10.93273735,-7.612860203,-15.9405241,-0.003155806,-0.003027163,-2.092576496,-1.235879183,-1.933853149,0.021881238,0.000219464,-3.08E-05,2.02E-09,-0.034198649,7.53E-05,-9.806858063,0.000219464,-3.08E-05,2.02E-09,139.1487274,0,-1.274623595,-1.941700506,0.018965251,0.929105018,1,0.3,0,0,applied,clear_constant_wind,1.225,0
2026-01-24T13:59:00.888846,-11.02178574,-7.7520504,-15.93894482,-0.003190547,-0.00301774,-2.092576494,-1.237653375,-1.932455778,0.02183092,0.000758928,-3.55E-05,-5.36E-09,-0.034188792,6.32E-05,-9.807025909,0.000712522,-4.47E-05,-6.53E-09,139.1619263,0,-1.276580377,-1.940112459,0.018919815,0.92900392,1,0.3,0,0,applied,clear_constant_wind,1.225,0
2026-01-24T13:59:00.998046,-11.11840057,-7.902726173,-15.93723392,-0.003216171,-0.003009432,-2.092576493,-1.239593625,-1.930924535,0.02178091,0.000656339,-5.60E-05,-1.04E-08,-0.034178805,6.80E-05,-9.806979179,0.000656339,-5.60E-05,-1.04E-08,139.7667084,0,-1.278718547,-1.938373464,0.018869648,0.928893438,1,0.3,0,0,applied,clear_constant_wind,1.225,0
2026-01-24T13:59:01.107097,-11.21144295,-8.047492981,-15.93560791,-0.003249012,-0.003000349,-2.092576344,-1.24147594,-1.929436326,0.021729954,0.0006214,-5.33E-05,1.45E-09,-0.034168229,7.29E-05,-9.807012558,0.0006214,-5.33E-05,1.45E-09,139.1856995,0,-1.280792739,-1.936682732,0.018823105,0.928786249,1,0.3,0,0,applied,clear_constant_wind,1.225,0
2026-01-24T13:59:01.215476,-11.32701206,-8.226847649,-15.93359756,-0.00327411,-0.002992196,-2.092576344,-1.243832827,-1.927568197,0.021675933,0.000276192,-4.37E-05,-1.93E-09,-0.034154765,9.00E-05,-9.806834221,0.000276192,-4.37E-05,-1.93E-09,139.4814758,0,-1.283390195,-1.934560252,0.018764952,0.928652002,1,0.3,0,0,applied,clear_constant_wind,1.225,0
2026-01-24T13:59:01.326428,-11.43906307,-8.400250435,-15.93165207,-0.003305585,-0.002982198,-2.092576197,-1.246131063,-1.925742507,0.021617666,0.000192093,-2.89E-05,4.74E-09,-0.034141298,9.67E-05,-9.806875229,0.000192093,-2.89E-05,4.74E-09,139.4735565,0,-1.285931241,-1.932478236,0.018707312,0.928520652,1,0.3,0,0,applied,clear_constant_wind,1.225,0
2026-01-24T13:59:01.433603,-11.52885342,-8.538854599,-15.93009567,-0.00334473,-0.00297153,-2.092576199,-1.24798274,-1.924268126,0.02156532,0.000761449,-3.29E-05,8.94E-09,-0.034130622,8.37E-05,-9.807080269,0.000761449,-3.29E-05,8.94E-09,139.0879822,0,-1.28798401,-1.930792216,0.018660203,0.928414528,1,0.3,0,0,applied,clear_constant_wind,1.225,0
2026-01-24T13:59:01.545067,-11.62627602,-8.68888855,-15.92840958,-0.003376496,-0.00296164,-2.092576202,-1.250011563,-1.922649503,0.021512156,0.000539296,-5.63E-05,1.13E-08,-0.034119803,9.31E-05,-9.806972504,0.000539296,-5.63E-05,1.13E-08,139.3626404,0,-1.290228331,-1.928944684,0.018608136,0.928298487,1,0.3,0,0,applied,clear_constant_wind,1.225,0
2026-01-24T13:59:01.655124,-11.72385883,-8.838794708,-15.92672348,-0.003410885,-0.002951728,-2.092576056,-1.25205946,-1.921012282,0.021458937,0.000530849,-5.71E-05,8.41E-09,-0.034107946,9.84E-05,-9.806986809,0.000530849,-5.71E-05,8.41E-09,139.415451,0,-1.292494033,-1.927075107,0.018554962,0.928181325,1,0.3,0,0,applied,clear_constant_wind,1.225,0
2026-01-24T13:59:01.763422,-11.83665466,-9.011603355,-15.92480469,-0.00343981,-0.002942342,-2.092576061,-1.254444838,-1.919100881,0.02140061,0.000271909,-4.53E-05,1.03E-08,-0.034093726,0.00011296,-9.806887627,0.000271909,-4.53E-05,1.03E-08,138.8608551,0,-1.295135535,-1.924889742,0.018496145,0.928044713,1,0.3,0,0,applied,clear_constant_wind,1.225,0
2026-01-24T13:59:01.872196,-11.94966507,-9.184240341,-15.9228878,-0.00347541,-0.002931167,-2.092576067,-1.256851315,-1.917167664,0.021339826,0.000202536,-2.98E-05,1.99E-08,-0.034079056,0.000120964,-9.806884766,0.000202536,-2.98E-05,1.99E-08,138.9585724,0,-1.297807226,-1.922673185,0.018436136,0.927906518,1,0.3,0,0,applied,clear_constant_wind,1.225,0
2026-01-24T13:59:01.982163,-12.04400539,-9.327969551,-15.9212904,-0.003514575,-0.002919473,-2.092575926,-1.258871794,-1.915541053,0.021284141,0.000753268,-4.60E-05,9.93E-09,-0.034067377,0.000108369,-9.807064056,0.000753268,-4.60E-05,9.93E-09,139.404892,0,-1.300057117,-1.920801712,0.018384962,0.927790125,1,0.3,0,0,applied,clear_constant_wind,1.225,0
2026-01-24T13:59:02.091125,-12.13471699,-9.465834618,-15.91975689,-0.003555247,-0.002907893,-2.092575934,-1.260831952,-1.913959384,0.021230578,0.000754771,-4.31E-05,8.21E-09,-0.034055367,0.000115769,-9.807032585,0.000652814,-5.23E-05,9.39E-09,139.3731995,0,-1.302237442,-1.918983849,0.01833481,0.927677318,1,0.3,0,0,applied,clear_constant_wind,1.225,0
2026-01-24T13:59:02.201055,-12.22935867,-9.609322548,-15.91815948,-0.003589229,-0.00289749,-2.092575794,-1.262893558,-1.912292123,0.021178065,0.000774904,-5.75E-05,1.48E-08,-0.03404332,0.00012017,-9.807014465,0.000688624,-6.64E-05,1.60E-08,139.4313049,0,-1.304530461,-1.917067497,0.018281463,0.927558664,1,0.3,0,0,applied,clear_constant_wind,1.225,0
2026-01-24T13:59:02.310098,-12.35072613,-9.792802811,-15.91613007,-0.003612824,-0.002888276,-2.092575802,-1.265556574,-1.910133123,0.021117134,0.00031596,-5.27E-05,1.85E-08,-0.034027334,0.000139846,-9.806867599,0.00031596,-5.27E-05,1.85E-08,139.0087585,0,-1.307498705,-1.914579893,0.018213869,0.927405049,1,0.3,0,0,applied,clear_constant_wind,1.225,0
2026-01-24T13:59:02.421143,-12.46474171,-9.96462822,-15.91424179,-0.003654587,-0.002875048,-2.092575666,-1.268073916,-1.908087015,0.021049021,0.00012477,-2.04E-05,5.99E-09,-0.034010932,0.000151457,-9.806926727,0.00012477,-2.04E-05,5.99E-09,138.977066,0,-1.310316291,-1.912211281,0.018151034,0.927259207,1,0.3,0,0,applied,clear_constant_wind,1.225,0
2026-01-24T13:59:02.532586,-12.55992794,-10.10767269,-15.91266823,-0.003701108,-0.002861336,-2.092575532,-1.270190835,-1.906362534,0.020989379,0.000731219,-4.01E-05,8.89E-09,-0.033998266,0.000138201,-9.807098389,0.000731219,-4.01E-05,8.89E-09,139.1460876,0,-1.312690584,-1.910209823,0.018097379,0.927136292,1,0.3,0,0,applied,clear_constant_wind,1.225,0
2026-01-24T13:59:02.641118,-12.659091,-10.25630188,-15.91103172,-0.003743801,-0.002848276,-2.092575548,-1.272419214,-1.904542565,0.0209301,0.000519556,-5.47E-05,1.19E-08,-0.033984929,0.000149677,-9.807026863,0.000519556,-5.47E-05,1.19E-08,139.2622833,0,-1.315185991,-1.908100826,0.01804029,0.92700709,1,0.3,0,0,applied,clear_constant_wind,1.225,0
2026-01-24T13:59:02.751617,-12.75460529,-10.39908028,-15.90945816,-0.003789205,-0.002835089,-2.092575417,-1.27458477,-1.902769566,0.020872058,0.000647965,-5.42E-05,1.59E-08,-0.033970844,0.000155712,-9.8070364,0.00053951,-5.77E-05,1.44E-08,139.3018951,0,-1.317610975,-1.906045987,0.017984116,0.926881517,1,0.3,0,0,applied,clear_constant_wind,1.225,0
2026-01-24T13:59:02.860094,-12.86943817,-10.57023621,-15.90757847,-0.003820498,-0.002823728,-2.092575432,-1.277209759,-1.900615215,0.020809608,0.000344748,-5.87E-05,2.26E-08,-0.033954881,0.00016964,-9.806931496,0.000344748,-5.87E-05,2.26E-08,139.2385101,0,-1.320554675,-1.903544469,0.017916416,0.92672906,1,0.3,0,0,applied,clear_constant_wind,1.225,0
2026-01-24T13:59:02.971038,-12.9960289,-10.75828266,-15.90553284,-0.003865694,-0.002809296,-2.092575454,-1.280127406,-1.898213744,0.02073684,0.000414253,-3.43E-05,2.21E-08,-0.033935312,0.000179078,-9.806858063,0.000414253,-3.43E-05,2.21E-08,138.8687744,0,-1.3238366,-1.90074625,0.017843461,0.926559057,1,0.3,0,0,applied,clear_constant_wind,1.225,0
2026-01-24T13:59:03.079020,-13.09212303,-10.90058327,-15.90398312,-0.00391258,-0.002793926,-2.09257533,-1.282353759,-1.896376848,0.020671241,0.000905729,-4.30E-05,1.97E-08,-0.033921193,0.000167249,-9.8071661,0.000905729,-4.30E-05,1.97E-08,139.341507,0,-1.326354528,-1.89859279,0.017786664,0.926428608,1,0.3,0,0,applied,clear_constant_wind,1.225,0
2026-01-24T13:59:03.190204,-13.18838596,-11.04274464,-15.9024334,-0.003964556,-0.002778451,-2.092575209,-1.284609318,-1.894510984,0.020608155,0.000617071,-4.67E-05,1.28E-08,-0.033906713,0.000182187,-9.807106018,0.000617071,-4.67E-05,1.28E-08,139.1407928,0,-1.328900248,-1.896409682,0.017728498,0.9262967,1,0.3,0,0,applied,clear_constant_wind,1.225,0
2026-01-24T13:59:03.298786,-13.2848196,-11.18476486,-15.90088367,-0.004015533,-0.002763381,-2.092575089,-1.286892653,-1.892617226,0.020546475,0.00064053,-5.41E-05,1.41E-08,-0.033891551,0.000192713,-9.807058334,0.000517375,-5.77E-05,1.61E-08,139.4339447,0,-1.331474383,-1.894196174,0.017668915,0.926163301,1,0.3,0,0,applied,clear_constant_wind,1.225,0
2026-01-24T13:59:03.405824,-13.39302826,-11.34365845,-15.89915943,-0.004054591,-0.002749839,-2.092574965,-1.289477229,-1.890467882,0.020482123,0.000511289,-7.03E-05,1.38E-08,-0.033875491,0.000200983,-9.807021141,0.000511289,-7.03E-05,1.38E-08,139.7086029,0,-1.334392228,-1.891679729,0.017602466,0.926012066,1,0.3,0,0,applied,clear_constant_wind,1.225,0
2026-01-24T13:59:03.519138,-13.52471924,-11.53635597,-15.89708424,-0.004102779,-0.002734016,-2.092574849,-1.292652965,-1.887819171,0.020407034,0.000654178,-5.03E-05,2.40E-08,-0.033853445,0.00021155,-9.806837082,0.000654178,-5.03E-05,2.40E-08,139.5290222,0,-1.337985792,-1.888569698,0.017522609,0.925825774,1,0.3,0,0,applied,clear_constant_wind,1.225,0
2026-01-24T13:59:03.625217,-13.61787319,-11.67221451,-15.89561939,-0.004159806,-0.002715616,-2.09257474,-1.294912338,-1.885929823,0.020335916,0.000922717,-3.57E-05,2.33E-08,-0.033837587,0.000210486,-9.807180405,0.000759089,-4.28E-05,2.33E-08,139.4339447,0,-1.340556912,-1.886337193,0.017464578,0.925692463,1,0.3,0,0,applied,clear_constant_wind,1.225,0
2026-01-24T13:59:03.735474,-13.71897507,-11.81923962,-15.89403248,-0.004210206,-0.002699341,-2.092574779,-1.297391415,-1.883850574,0.020270243,0.000644733,-5.69E-05,1.72E-08,-0.033821754,0.000222715,-9.80711174,0.000644733,-5.69E-05,1.72E-08,139.000824,0,-1.343375358,-1.88388287,0.017400093,0.925546307,1,0.3,0,0,applied,clear_constant_wind,1.225,0
2026-01-24T13:59:03.845123,-13.82027054,-11.9661026,-15.89244556,-0.004264795,-0.002682198,-2.092574673,-1.299901128,-1.881740451,0.02020172,0.000546587,-5.87E-05,1.23E-08,-0.033804759,0.000233911,-9.807108879,0.000546587,-5.87E-05,1.23E-08,139.468277,0,-1.346229301,-1.881390078,0.017333859,0.925398286,1,0.3,0,0,applied,clear_constant_wind,1.225,0
2026-01-24T13:59:03.952594,-13.92176437,-12.11279774,-15.89087677,-0.004319628,-0.002664757,-2.092574569,-1.302440524,-1.879599452,0.020132065,0.000567778,-5.82E-05,2.21E-09,-0.033787239,0.000242209,-9.80711937,0.000567778,-5.82E-05,2.21E-09,139.505249,0,-1.349119082,-1.878858171,0.017269249,0.925248382,1,0.3,0,0,applied,clear_constant_wind,1.225,0
2026-01-24T13:59:04.063621,-14.05478764,-12.3043766,-15.888834,-0.004371681,-0.002647176,-2.092574467,-1.305806398,-1.8767519,0.020055516,0.000722966,-5.89E-05,1.21E-09,-0.033763543,0.000254668,-9.806834221,0.000722966,-5.89E-05,1.21E-09,139.3943329,0,-1.352954395,-1.875485667,0.017183722,0.925049392,1,0.3,0,0,applied,clear_constant_wind,1.225,0
2026-01-24T13:59:04.171150,-14.156744,-12.45068073,-15.88727188,-0.004428662,-0.002626759,-2.092574373,-1.308401823,-1.874549985,0.01997624,0.000579591,-4.38E-05,1.20E-08,-0.033745188,0.00026178,-9.807180405,0.000579591,-4.38E-05,1.20E-08,138.9480133,0,-1.355931665,-1.872858072,0.017116178,0.924894891,1,0.3,0,0,applied,clear_constant_wind,1.225,0
2026-01-24T13:59:04.281163,-14.25497055,-12.59119511,-15.88576984,-0.004495556,-0.002606468,-2.092574288,-1.310931087,-1.872398376,0.019904051,0.000604327,-4.16E-05,1.35E-08,-0.033727001,0.000271827,-9.807191849,0.000604327,-4.16E-05,1.35E-08,139.3494263,0,-1.358832047,-1.870290234,0.017049403,0.924744356,1,0.3,0,0,applied,clear_constant_wind,1.225,0
2026-01-24T13:59:04.392435,-14.35338879,-12.73154545,-15.88428116,-0.004557654,-0.002586656,-2.092574203,-1.313493609,-1.870212078,0.019832455,0.000705706,-5.42E-05,6.43E-09,-0.033709057,0.000278335,-9.807184219,0.000705706,-5.42E-05,6.43E-09,139.1196747,0,-1.361769923,-1.867680991,0.016983448,0.924591849,1,0.3,0,0,applied,clear_constant_wind,1.225,0
2026-01-24T13:59:04.499454,-14.45594692,-12.87733555,-15.88274384,-0.004616074,-0.002567091,-2.092574117,-1.316192031,-1.867902994,0.019760123,0.000588643,-6.57E-05,1.12E-08,-0.033690087,0.000291696,-9.807135582,0.000588643,-6.57E-05,1.12E-08,139.1355133,0,-1.364866738,-1.864921614,0.016915098,0.924431065,1,0.3,0,0,applied,clear_constant_wind,1.225,0
2026-01-24T13:59:04.610351,-14.59038639,-13.06771088,-15.88073349,-0.004674378,-0.002546877,-2.092574036,-1.319770455,-1.864830375,0.019679582,0.000757852,-6.01E-05,9.44E-09,-0.033663567,0.000306241,-9.806843758,0.000757852,-6.01E-05,9.44E-09,139.3943329,0,-1.368981207,-1.86124118,0.016822619,0.924217401,1,0.3,0,0,applied,clear_constant_wind,1.225,0
2026-01-24T13:59:04.720220,-14.69344044,-13.2130785,-15.87919617,-0.004738364,-0.00252333,-2.092573965,-1.322530985,-1.862452745,0.019593716,0.000588723,-4.18E-05,1.12E-08,-0.033643108,0.000315178,-9.807232857,0.000588723,-4.18E-05,1.12E-08,139.1672058,0,-1.372179175,-1.858369248,0.016749407,0.924051297,1,0.3,0,0,applied,clear_constant_wind,1.225,0
2026-01-24T13:59:04.830846,-14.80068588,-13.36383915,-15.87761402,-0.004810936,-0.002499992,-2.092573808,-1.325438738,-1.85994029,0.019512067,0.000320385,-4.10E-05,-3.18E-10,-0.03362149,0.000336422,-9.807153702,0.000320385,-4.10E-05,-3.18E-10,139.3388672,0,-1.3755495,-1.855331735,0.016674048,0.923876208,1,0.3,0,0,applied,clear_constant_wind,1.225,0
2026-01-24T13:59:04.940080,-14.90418243,-13.50882244,-15.87610149,-0.004882993,-0.00247608,-2.092573753,-1.328276157,-1.857481003,0.019432612,0.00058591,-4.53E-05,6.63E-09,-0.033600301,0.000340084,-9.8072052,0.00058591,-4.53E-05,6.63E-09,139.101181,0,-1.37884394,-1.85235186,0.016601554,0.92370503,1,0.3,0,0,applied,clear_constant_wind,1.225,0
2026-01-24T13:59:05.051584,-15.00390911,-13.64804745,-15.87464714,-0.004956427,-0.002451839,-2.092573703,-1.331041336,-1.855077028,0.019355351,0.000722202,-4.49E-05,3.25E-09,-0.033579282,0.000347666,-9.807244301,0.000722202,-4.49E-05,3.25E-09,139.0219574,0,-1.382058216,-1.849434218,0.016529665,0.923537986,1,0.3,0,0,applied,clear_constant_wind,1.225,0
2026-01-24T13:59:05.159418,-15.13186359,-13.82598877,-15.87278557,-0.005022467,-0.002428419,-2.092573501,-1.334632039,-1.851943374,0.019269612,0.000240862,-2.62E-05,8.10E-10,-0.033551428,0.000381088,-9.806948662,0.000240862,-2.62E-05,8.10E-10,139.2702026,0,-1.386241351,-1.845621851,0.016434359,0.923320546,1,0.3,0,0,applied,clear_constant_wind,1.225,0
2026-01-24T13:59:05.267425,-15.25213623,-13.99253368,-15.87105942,-0.005100403,-0.002400216,-2.092573471,-1.338041067,-1.848958135,0.019171836,-4.78E-05,9.66E-06,1.29E-08,-0.033524245,0.000402264,-9.807084084,-4.78E-05,9.66E-06,1.29E-08,139.0985413,0,-1.390236006,-1.841964999,0.016345865,0.923112855,1,0.3,0,0,applied,clear_constant_wind,1.225,0
2026-01-24T13:59:05.377224,-15.35259914,-14.13111401,-15.86962891,-0.005186769,-0.00237121,-2.092573358,-1.340918303,-1.846430302,0.019084465,0.000809206,-1.62E-05,1.32E-08,-0.033502325,0.000388376,-9.807364464,0.000809206,-1.62E-05,1.32E-08,139.3283081,0,-1.393620983,-1.838853776,0.016271347,0.922936826,1,0.3,0,0,applied,clear_constant_wind,1.225,0
2026-01-24T13:59:05.487177,-15.4532795,-14.26950264,-15.86819839,-0.005271398,-0.002342548,-2.092573346,-1.343841314,-1.843852997,0.018999722,0.00069215,-3.08E-05,2.33E-08,-0.033479288,0.000409881,-9.807244301,0.000500368,-3.72E-05,2.33E-08,139.1143951,0,-1.397058738,-1.835682266,0.016194376,0.922758019,1,0.3,0,0,applied,clear_constant_wind,1.225,0
2026-01-24T13:59:05.594310,-15.55418015,-14.40769768,-15.86676788,-0.005352448,-0.002315096,-2.092573335,-1.346804738,-1.841231942,0.018917928,0.000854175,-3.11E-05,1.72E-08,-0.033456229,0.000414079,-9.80734539,0.000854175,-3.11E-05,1.72E-08,139.1143951,0,-1.400551212,-1.832448059,0.016114832,0.922576329,1,0.3,0,0,applied,clear_constant_wind,1.225,0
2026-01-24T13:59:05.703391,-15.67960835,-14.57878399,-15.86502171,-0.005431616,-0.002286581,-2.09257323,-1.350538373,-1.83791697,0.018822309,2.38E-05,-9.69E-06,3.05E-08,-0.033426128,0.000458186,-9.807040215,2.38E-05,-9.69E-06,3.05E-08,139.317749,0,-1.40496034,-1.828347238,0.016019242,0.922346902,1,0.3,0,0,applied,clear_constant_wind,1.225,0
2026-01-24T13:59:05.812722,-15.80538654,-14.7495575,-15.86327744,-0.00552642,-0.002252441,-2.09257311,-1.35432744,-1.834539413,0.018718904,-4.01E-05,3.15E-05,3.11E-08,-0.033394158,0.000478324,-9.807060242,-4.01E-05,3.15E-05,3.11E-08,139.2094574,0,-1.409459745,-1.824141972,0.015919997,0.922112718,1,0.3,0,0,applied,clear_constant_wind,1.225,0
2026-01-24T13:59:05.921117,-15.90707874,-14.88704777,-15.86187077,-0.005624645,-0.002217626,-2.092573002,-1.357424378,-1.831769824,0.018622553,0.000898493,-5.62E-07,3.24E-08,-0.033369593,0.000462539,-9.807457924,0.000898493,-5.62E-07,3.24E-08,139.0985413,0,-1.413157196,-1.820670651,0.015836784,0.921920229,1,0.3,0,0,applied,clear_constant_wind,1.225,0
2026-01-24T13:59:06.031315,-16.01308823,-15.02981377,-15.86042595,-0.005723387,-0.002182791,-2.092572955,-1.360701323,-1.828827024,0.018525131,0.000438942,-2.00E-05,3.32E-08,-0.033343375,0.000490956,-9.807342529,0.000438942,-2.00E-05,3.32E-08,139.154007,0,-1.417070036,-1.816981666,0.01575178,0.921716484,1,0.3,0,0,applied,clear_constant_wind,1.225,0
2026-01-24T13:59:06.142248,-16.11935616,-15.17234898,-15.85898781,-0.005825852,-0.00214735,-2.092572722,-1.364032626,-1.825824618,0.018429972,0.000469338,-2.09E-05,4.60E-08,-0.033314578,0.000513546,-9.807273865,0.000287845,-1.79E-05,4.60E-08,139.0615692,0,-1.421054552,-1.813208711,0.015665301,0.92150896,1,0.3,0,0,applied,clear_constant_wind,1.225,0
2026-01-24T13:59:06.250026,-16.2340889,-15.3255825,-15.85743904,-0.005918789,-0.002112694,-2.092572683,-1.367674947,-1.822529078,0.018333087,0.00043849,-3.45E-05,3.56E-08,-0.033285476,0.000527086,-9.807271004,0.00043849,-3.45E-05,3.56E-08,139.0615692,0,-1.425429097,-1.809047278,0.015568391,0.921281068,1,0.3,0,0,applied,clear_constant_wind,1.225,0
2026-01-24T13:59:06.362494,-16.37382507,-15.5112772,-15.85558033,-0.006035514,-0.002071109,-2.092572651,-1.372179627,-1.818433523,0.018217739,0.000599943,3.59E-06,3.35E-08,-0.033245422,0.000552977,-9.806977272,0.000599943,3.59E-06,3.35E-08,139.3256683,0,-1.430862593,-1.803850311,0.015451206,0.920997932,1,0.3,0,0,applied,clear_constant_wind,1.225,0
2026-01-24T13:59:06.470882,-16.47686386,-15.64754772,-15.85422134,-0.00615302,-0.002026702,-2.092572541,-1.37553978,-1.815366864,0.018103387,0.000754505,2.45E-05,3.27E-08,-0.033216227,0.000557393,-9.807559967,0.000754505,2.45E-05,3.27E-08,138.8951874,0,-1.434947463,-1.799922574,0.015363236,0.920785015,1,0.3,0,0,applied,clear_constant_wind,1.225,0
2026-01-24T13:59:06.578675,-16.58429718,-15.78902149,-15.852808,-0.006277162,-0.001983084,-2.092572602,-1.379102588,-1.812101841,0.017997131,0.000282843,1.40E-05,4.13E-08,-0.033185594,0.000591617,-9.807413101,0.000282843,1.40E-05,4.13E-08,139.3335876,0,-1.439279205,-1.795737936,0.015268017,0.920559176,1,0.3,0,0,applied,clear_constant_wind,1.225,0
2026-01-24T13:59:06.689220,-16.6878624,-15.92481232,-15.85146427,-0.006402176,-0.001938897,-2.092572529,-1.382589817,-1.808893204,0.017891904,0.000618546,1.60E-05,4.48E-08,-0.033154637,0.000601679,-9.807514191,0.000618546,1.60E-05,4.48E-08,139.3388672,0,-1.443528599,-1.791613149,0.015177155,0.920337576,1,0.3,0,0,applied,clear_constant_wind,1.225,0
2026-01-24T13:59:06.796446,-16.79584885,-16.06577682,-15.85007572,-0.006522828,-0.001894312,-2.092572314,-1.386281967,-1.805481195,0.017784726,0.000453421,-2.97E-06,4.85E-08,-0.033122599,0.000626428,-9.807432175,0.000453421,-2.97E-06,4.85E-08,139.164566,0,-1.448039339,-1.7872132,0.015081332,0.92010229,1,0.3,0,0,applied,clear_constant_wind,1.225,0
2026-01-24T13:59:06.906247,-16.93750381,-16.24970818,-15.84825993,-0.006656489,-0.001844882,-2.092572297,-1.391209006,-1.800905228,0.017664421,0.000687692,1.13E-05,4.72E-08,-0.033077303,0.000656266,-9.806979179,0.000687692,1.13E-05,4.72E-08,138.9717712,0,-1.454084713,-1.781281373,0.01494959,0.91978686,1,0.3,0,0,applied,clear_constant_wind,1.225,0
2026-01-24T13:59:07.015275,-17.0503521,-16.39543533,-15.846838,-0.006790073,-0.001790788,-2.092572308,-1.39518261,-1.797198057,0.017530395,4.65E-05,6.61E-05,6.33E-08,-0.033040326,0.000688063,-9.80753994,4.65E-05,6.61E-05,6.33E-08,139.2517242,0,-1.459011177,-1.776417542,0.014845728,0.919529731,1,0.3,0,0,applied,clear_constant_wind,1.225,0
2026-01-24T13:59:07.125274,-17.1551342,-16.53009796,-15.8455267,-0.006945525,-0.001735382,-2.092572386,-1.398934126,-1.793682337,0.01741055,0.00044623,7.33E-05,5.01E-08,-0.033004187,0.000707475,-9.807572365,0.000248634,6.29E-05,4.93E-08,138.8925476,0,-1.463676734,-1.771786361,0.014746805,0.919286154,1,0.3,0,0,applied,clear_constant_wind,1.225,0
2026-01-24T13:59:07.232611,-17.26440811,-16.66986275,-15.84417152,-0.007087012,-0.001681586,-2.092572299,-1.40291059,-1.789938688,0.017293138,0.000646973,4.04E-05,5.41E-08,-0.032968964,0.000719123,-9.807607651,0.000646973,4.04E-05,5.41E-08,139.3203888,0,-1.468640453,-1.766832352,0.014641964,0.91902694,1,0.3,0,0,applied,clear_constant_wind,1.225,0
2026-01-24T13:59:07.343437,-17.37399292,-16.80933189,-15.84283257,-0.007240311,-0.001623438,-2.092572172,-1.406966567,-1.786102057,0.017168216,0.000317575,5.24E-05,6.40E-08,-0.032930657,0.000752658,-9.807599068,0.000317575,5.24E-05,6.40E-08,139.2147522,0,-1.473723974,-1.76172981,0.014537513,0.918761394,1,0.3,0,0,applied,clear_constant_wind,1.225,0
2026-01-24T13:59:07.453414,-17.50930786,-16.98056984,-15.84118462,-0.007405372,-0.001560778,-2.092572206,-1.412067533,-1.781250477,0.017034007,-0.000215157,0.000123877,7.17E-08,-0.032879774,0.000807345,-9.807186127,-0.000215157,0.000123877,7.17E-08,139.5237427,0,-1.480153435,-1.755233984,0.014401762,0.91842543,1,0.3,0,0,applied,clear_constant_wind,1.225,0
2026-01-24T13:59:07.562281,-17.63661385,-17.14067459,-15.83966255,-0.007588717,-0.001488048,-2.092572243,-1.416950822,-1.776581407,0.016879199,-0.000740295,0.000207724,7.57E-08,-0.032830376,0.000851085,-9.807409286,-0.000740295,0.000207724,7.57E-08,138.6416626,0,-1.486365122,-1.74891277,0.014274892,0.918100729,1,0.3,0,0,applied,clear_constant_wind,1.225,0
2026-01-24T13:59:07.675414,-17.74730492,-17.27909279,-15.83834839,-0.007777539,-0.001414396,-2.092572231,-1.421272278,-1.772427678,0.016735956,0.000396925,0.000146567,6.56E-08,-0.032788165,0.000851436,-9.807713509,0.000120691,0.000147228,6.52E-08,138.6231689,0,-1.491903082,-1.743239176,0.014160501,0.917811148,1,0.3,0,0,applied,clear_constant_wind,1.225,0
2026-01-24T13:59:07.783215,-17.8583374,-17.41717911,-15.83705044,-0.007965851,-0.001341029,-2.092572295,-1.425688624,-1.768159389,0.016595973,0.000436687,0.00013776,8.09E-08,-0.032745872,0.00087126,-9.807841301,0.000436687,0.00013776,8.09E-08,139.5633545,0,-1.49759152,-1.737373718,0.014046034,0.917513604,1,0.3,0,0,applied,clear_constant_wind,1.225,0
2026-01-24T13:59:07.895407,-17.97400856,-17.56021881,-15.83571148,-0.008168846,-0.001261687,-2.092572104,-1.430385232,-1.7635957,0.016447185,-0.000261484,0.00015981,9.98E-08,-0.032698639,0.000922875,-9.80769825,-0.000261484,0.00015981,9.98E-08,139.4867554,0,-1.503668331,-1.731065185,0.013923861,0.917195639,1,0.3,0,0,applied,clear_constant_wind,1.225,0
2026-01-24T13:59:08.002707,-18.090065,-17.70288467,-15.83438683,-0.008383535,-0.001177399,-2.092571705,-1.435193419,-1.758896589,0.01629507,-0.000206111,0.000186446,1.06E-07,-0.032648895,0.000955183,-9.807748795,-0.000206111,0.000186446,1.06E-07,138.9691315,0,-1.509928555,-1.724519696,0.013800132,0.916867961,1,0.3,0,0,applied,clear_constant_wind,1.225,0
2026-01-24T13:59:08.113429,-18.23677444,-17.88198662,-15.83273315,-0.008632365,-0.001079446,-2.092571761,-1.441417217,-1.752773881,0.0161248,0.000263847,0.000212683,1.10E-07,-0.032582834,0.000996549,-9.80717659,0.000263847,0.000212683,1.10E-07,139.1407928,0,-1.81809037,-1.715914151,0.013639412,1,0,0,0,0,suppressed_near_checkpoint,clear_constant_wind,1.225,0
2026-01-24T13:59:08.222497,-18.35383797,-18.02375984,-15.83154964,-0.019832462,-0.007388941,-2.092482612,-1.451061368,-1.747662663,0.012166826,-0.122285992,-0.058373805,-9.87E-05,-0.034283593,0.004474834,-9.872219086,-0.122285992,-0.058373805,-9.87E-05,139.1777649,0,-1.8247887,-1.708789738,0.013558464,1,0,0,0,0,suppressed_near_checkpoint,clear_constant_wind,1.225,0
2026-01-24T13:59:08.330209,-18.46769714,-18.15988541,-15.83077812,-0.027621225,-0.011475561,-2.092394178,-1.469371557,-1.74264586,0.00785908,-0.075375177,-0.038450025,-0.000107256,-0.033875316,0.003434986,-9.852103233,-0.075375177,-0.038450025,-0.000107256,139.0774231,0,-1.83129865,-1.701810568,0.013639836,1,0,0,0,0,suppressed_near_checkpoint,clear_constant_wind,1.225,0
2026-01-24T13:59:08.441287,-18.58318901,-18.29561615,-15.83026886,-0.03142742,-0.013467501,-2.092342798,-1.492513537,-1.737488627,0.005517672,-0.027486343,-0.017052248,-8.68E-05,-0.033446819,0.002115063,-9.829517365,-0.027486343,-0.017052248,-8.68E-05,139.4260254,0,-1.83776503,-1.694823858,0.013848561,1,0,0,0,0,suppressed_near_checkpoint,clear_constant_wind,1.225,0
2026-01-24T13:59:08.551688,-18.70514107,-18.43613434,-15.82985878,-0.033019812,-0.01415879,-2.092326544,-1.518876076,-1.731974244,0.004872713,-0.006731506,-0.003469364,-6.39E-05,-0.033286005,0.001644798,-9.812101364,-0.006731506,-0.003469364,-6.39E-05,139.000824,0,-1.84436986,-1.687631446,0.014139314,1,0,0,0,0,suppressed_near_checkpoint,clear_constant_wind,1.225,0
2026-01-24T13:59:08.659818,-18.84319305,-18.5917263,-15.82940102,-0.033109474,-0.013965594,-2.092337374,-1.548874259,-1.725648284,0.005474124,0.007733886,0.00508572,-4.44E-05,-0.033310771,0.001414433,-9.801139832,0.007733886,0.00508572,-4.44E-05,139.0959015,0,-1.85153662,-1.679762536,0.014490246,1,0,0,0,0,suppressed_near_checkpoint,clear_constant_wind,1.225,0
2026-01-24T13:59:08.769186,-18.98866272,-18.75190353,-15.82883358,-0.03213981,-0.013174441,-2.092366259,-1.579231381,-1.718906879,0.006815118,0.015923012,0.009629272,-3.12E-05,-0.033451647,0.001382157,-9.796045303,0.015923012,0.009629272,-3.12E-05,138.9612122,0,-1.858741787,-1.671783099,0.014840536,1,0,0,0,0,suppressed_near_checkpoint,clear_constant_wind,1.225,0
2026-01-24T13:59:08.879292,-19.10799408,-18.88061523,-15.82827473,-0.030960228,-0.01230698,-2.092395304,-1.602659583,-1.713345647,0.008099836,0.021014165,0.011185574,-2.42E-05,-0.033609807,0.00139638,-9.794682503,0.021014165,0.011185574,-2.42E-05,139.3996124,0,-1.864406303,-1.665461271,0.015096074,1,0,0,0,0,suppressed_near_checkpoint,clear_constant_wind,1.225,0
2026-01-24T13:59:08.987310,-19.22904015,-19.00890732,-15.8276186,-0.029593246,-0.011362197,-2.092425245,-1.624927282,-1.707662582,0.009382018,0.022146896,0.011728168,-1.93E-05,-0.033778906,0.001531854,-9.794671059,0.022146896,0.011728168,-1.93E-05,138.9717712,0,-1.869951792,-1.659230416,0.015320695,1,0,0,0,0,suppressed_near_checkpoint,clear_constant_wind,1.225,0
2026-01-24T13:59:09.097288,-19.35170937,-19.13676834,-15.82686806,-0.028148114,-0.010404572,-2.092453565,-1.645932078,-1.701881051,0.010591558,0.022542657,0.011608636,-1.58E-05,-0.03395398,0.001705363,-9.795339584,0.022237271,0.011580136,-1.57E-05,139.2200317,0,-1.875390996,-1.653078335,0.015512193,1,0,0,0,0,suppressed_near_checkpoint,clear_constant_wind,1.225,0
2026-01-24T13:59:09.206280,-19.50091743,-19.28962517,-15.8258543,-0.026356901,-0.009310314,-2.092484412,-1.669429064,-1.694855809,0.011899433,0.021317936,0.010977623,-1.27E-05,-0.034135535,0.001927678,-9.796422005,0.021317936,0.010977623,-1.27E-05,138.8582153,0,-1.881802525,-1.645774224,0.015699062,1,0,0,0,0,suppressed_near_checkpoint,clear_constant_wind,1.225,0
2026-01-24T13:59:09.315231,-19.66738701,-19.45703506,-15.82461452,-0.024492248,-0.008181631,-2.092514143,-1.693177581,-1.687059522,0.013132839,0.020271918,0.010087317,-1.02E-05,-0.034314424,0.002178216,-9.797877312,0.020271918,0.010087317,-1.02E-05,139.1936188,0,-1.888748914,-1.637796148,0.015852981,1,0,0,0,0,suppressed_near_checkpoint,clear_constant_wind,1.225,0
2026-01-24T13:59:09.425307,-19.78988266,-19.57830238,-15.82364178,-0.0232575,-0.007406591,-2.092533381,-1.709134221,-1.681375742,0.013885378,0.020526614,0.009299585,-8.75E-06,-0.034435809,0.002324041,-9.79943943,0.020286098,0.009197868,-8.70E-06,139.2807617,0,-1.893758822,-1.631999903,0.015932368,1,0,0,0,0,suppressed_near_checkpoint,clear_constant_wind,1.225,0
2026-01-24T13:59:09.532913,-19.92384148,-19.70920944,-15.82253075,-0.021988901,-0.006644844,-2.092550566,-1.725291133,-1.675177336,0.014573685,0.018425057,0.008292768,-7.40E-06,-0.034540579,0.00252952,-9.800478935,0.018425057,0.008292768,-7.40E-06,139.1830597,0,-1.899175146,-1.625693117,0.015989275,1,0,0,0,0,suppressed_near_checkpoint,clear_constant_wind,1.225,0
2026-01-24T13:59:09.641253,-20.05379105,-19.83462715,-15.82141781,-0.020887634,-0.005970531,-2.092565953,-1.739798427,-1.669192076,0.015120857,0.017094567,0.007491495,-6.29E-06,-0.034630269,0.002731929,-9.801486015,0.016746162,0.007444147,-6.25E-06,139.127594,0,-1.904404895,-1.61956333,0.01601918,1,0,0,0,0,suppressed_near_checkpoint,clear_constant_wind,1.225,0
2026-01-24T13:59:09.750471,-20.2005806,-19.97455978,-15.82012463,-0.019727991,-0.005300034,-2.092580549,-1.754947901,-1.662470341,0.015630431,0.015304067,0.006579935,-5.23E-06,-0.034706369,0.002928899,-9.802305222,0.015304067,0.006579935,-5.23E-06,139.4471436,0,-1.910324445,-1.612576756,0.016022445,1,0,0,0,0,suppressed_near_checkpoint,clear_constant_wind,1.225,0
2026-01-24T13:59:09.860250,-20.38046837,-20.14371872,-15.81850624,-0.018480046,-0.004580085,-2.092594094,-1.771941423,-1.654289126,0.016115267,0.013965404,0.005725421,-4.15E-06,-0.034772485,0.003165339,-9.802903175,0.013965404,0.005725421,-4.15E-06,139.2253113,0,-1.917676026,-1.603827609,0.015989398,1,0,0,0,0,suppressed_near_checkpoint,clear_constant_wind,1.225,0
2026-01-24T13:59:09.969835,-20.51915741,-20.27251244,-15.81724167,-0.017678893,-0.004062258,-2.092603272,-1.784000039,-1.648035288,0.01635626,0.012480803,0.005145932,-3.44E-06,-0.034808919,0.003332903,-9.804351807,0.012480803,0.005145932,-3.44E-06,139.0087585,0,-1.92348762,-1.596853582,0.01593784,1,0,0,0,0,suppressed_near_checkpoint,clear_constant_wind,1.225,0
2026-01-24T13:59:10.077747,-20.65337563,-20.39589119,-15.81600285,-0.017027366,-0.003602887,-2.092610979,-1.794945121,-1.641981244,0.016526148,0.011387127,0.004631101,-2.85E-06,-0.034829862,0.00349733,-9.805011749,0.011387127,0.004631101,-2.85E-06,139.2332306,0,-1.929297202,-1.589830417,0.015860402,1,0,0,0,0,suppressed_near_checkpoint,clear_constant_wind,1.225,0
2026-01-24T13:59:10.187353,-20.79380989,-20.52372169,-15.81471348,-0.016427199,-0.003166415,-2.092618806,-1.805732369,-1.635630012,0.016639426,0.010110032,0.004109358,-2.35E-06,-0.034842052,0.003665543,-9.805480003,0.010110032,0.004109358,-2.35E-06,139.254364,0,-1.935649503,-1.582091139,0.015768072,1,0,0,0,0,suppressed_near_checkpoint,clear_constant_wind,1.225,0
2026-01-24T13:59:10.295561,-20.93506241,-20.65105438,-15.81342316,-0.01593025,-0.002756436,-2.092626166,-1.815984607,-1.629213333,0.016696176,0.008985037,0.003730037,-1.91E-06,-0.034839883,0.003827555,-9.80600071,0.008985037,0.003730037,-1.91E-06,138.8687744,0,-1.942424037,-1.573767332,0.015660324,1,0,0,0,0,suppressed_near_checkpoint,clear_constant_wind,1.225,0
2026-01-24T13:59:11.721378,-22.32268715,-21.85763741,-16.07004929,0.03762147,0.107694038,-2.094706913,-0.590861499,-0.503024697,-0.102420777,-0.049535427,-0.148231417,-0.000408352,-0.007820636,0.00190556,-9.568228722,-0.049535427,-0.148231417,-0.000408352,139.3731995,0,-0.442081572,-1.929566658,1.405733778,0.971164337,1,0.3,0,0,applied,clear_constant_wind,1.225,0
2026-01-24T13:59:11.840639,-22.36868477,-21.8970089,-16.06857681,0.060419388,0.022082526,-2.09888552,-0.552035332,-0.48053506,0.203009278,0.245879352,-0.862703204,0.002561833,-0.015705287,-0.003051154,-4.95533514,0.245879352,-0.862703204,0.002561833,139.3335876,0,-0.438328672,-1.92901913,1.408458721,0.971349807,1,0.3,0,0,applied,clear_constant_wind,1.225,0
2026-01-24T13:59:11.950960,-22.41086388,-21.93498993,-16.0379734,0.077766115,-0.043033805,-2.103199598,-0.530691803,-0.497536451,0.581303179,0.172209904,-0.655602098,0.003096328,-0.01323843,-0.002444908,-4.990069389,0.172209904,-0.655602098,0.003096328,139.3837585,0,-0.435478709,-1.929886565,1.408761483,0.97149063,1,0.3,0,0,applied,clear_constant_wind,1.225,0
2026-01-24T13:59:12.060493,-22.45162964,-21.97514915,-15.97796154,0.085509051,-0.08231274,-2.106203755,-0.515472114,-0.534793079,0.956739128,0.048510846,-0.373902649,0.002593966,-0.009872735,-0.000768542,-5.056007862,0.048510846,-0.373902649,0.002593966,139.4022522,0,-0.43337906,-1.932095119,1.406827497,0.971594365,1,0.3,0,0,applied,clear_constant_wind,1.225,0
2026-01-24T13:59:12.169062,-22.49289703,-22.02050781,-15.88505363,0.087176009,-0.103768447,-2.107891785,-0.503633261,-0.588958085,1.31753087,-0.009838561,-0.173951745,0.001909254,-0.008899271,0.000193536,-6.970871449,-0.009838561,-0.173951745,0.001909254,139.2120972,0,-0.431973316,-1.935745026,1.402535653,0.971663811,1,0.3,0,0,applied,clear_constant_wind,1.225,0
2026-01-24T13:59:12.279187,-22.54341316,-22.08654022,-15.74304008,0.08399112,-0.113262802,-2.108558748,-0.487189651,-0.712446094,1.425773263,-0.051094007,-0.027171835,0.001244369,-0.007539928,0.001467109,-9.662760735,-0.051094007,-0.027171835,0.001244369,139.0906219,0,-0.431046868,-1.941189031,1.395476844,0.971709576,1,0.3,0,0,applied,clear_constant_wind,1.225,0
2026-01-24T13:59:12.389020,-22.58243942,-22.14872169,-15.62732601,0.079216615,-0.112751765,-2.108432205,-0.476940453,-0.82276243,1.429405808,-0.066067673,0.03616073,0.000900153,-0.006887913,0.001860738,-9.872631073,-0.066067673,0.03616073,0.000900153,138.4832001,0,-0.43072885,-1.945215719,1.390025595,0.971725285,1,0.3,0,0,applied,clear_constant_wind,1.225,0
2026-01-24T13:59:12.499380,-22.61933517,-22.21695328,-15.51586914,0.073774938,-0.108551027,-2.108047328,-0.469423234,-0.925832212,1.428757429,-0.07248503,0.070511155,0.000681283,-0.007034779,0.001948833,-9.860049248,-0.07248503,0.070511155,0.000681283,138.7974701,0,-0.430713463,-1.948719837,1.385116902,0.971726046,1,0.3,0,0,applied,clear_constant_wind,1.225,0
2026-01-24T13:59:12.609362,-22.65571404,-22.29299355,-15.40441704,0.068023403,-0.102362684,-2.107558504,-0.463527471,-1.022934914,1.429375529,-0.073950619,0.088345744,0.000534939,-0.007650793,0.001864254,-9.837187767,-0.073950619,0.088345744,0.000534939,138.3590851,0,-0.430961717,-1.951877512,1.380532197,0.971713783,1,0.3,0,0,applied,clear_constant_wind,1.225,0
2026-01-24T13:59:12.717917,-22.691679,-22.3763504,-15.29288578,0.062278613,-0.095216107,-2.107052383,-0.458764821,-1.11314714,1.430544615,-0.072410211,0.095800191,0.000433922,-0.00853008,0.001678467,-9.828629494,-0.072410211,0.095800191,0.000433922,138.8054047,0,-0.431456628,-1.954717458,1.376245204,0.971689335,1,0.3,0,0,applied,clear_constant_wind,1.225,0
2026-01-24T13:59:12.826350,-22.73411942,-22.48451996,-15.15980053,0.055684838,-0.08630509,-2.106488059,-0.454136699,-1.211329341,1.431788921,-0.068363748,0.096489489,0.000348881,-0.009750426,0.001380742,-9.821883202,-0.068363748,0.096489489,0.000348881,138.7024078,0,-0.432344981,-1.957724894,1.371489726,0.971645451,1,0.3,0,0,applied,clear_constant_wind,1.225,0
2026-01-24T13:59:12.936752,-22.77482224,-22.59746361,-15.03097343,0.049714233,-0.077855442,-2.10601232,-0.450452834,-1.296884775,1.431191206,-0.063443363,0.092431843,0.000287941,-0.01098448,0.001064062,-9.83314991,-0.063443363,0.092431843,0.000287941,138.1108246,0,-0.433488033,-1.960277057,1.367226816,0.971588981,1,0.3,0,0,applied,clear_constant_wind,1.225,0
2026-01-24T13:59:13.046379,-22.81119156,-22.70537567,-14.91511917,0.044739425,-0.070653808,-2.105649451,-0.447659463,-1.366271734,1.429312706,-0.058693159,0.086879142,0.000244082,-0.012077957,0.000771344,-9.847547531,-0.058693159,0.086879142,0.000244082,138.2349548,0,-0.434735446,-1.962296432,1.363655579,0.971527353,1,0.3,0,0,applied,clear_constant_wind,1.225,0
2026-01-24T13:59:13.154734,-22.84468079,-22.81006813,-14.80801964,0.040480856,-0.064428423,-2.105366303,-0.445445567,-1.424486279,1.426620841,-0.054202728,0.080843277,0.00020982,-0.013057321,0.000500917,-9.856084824,-0.054202728,0.080843277,0.00020982,138.1108246,0,-0.436059958,-1.963948894,1.360558885,0.971461911,1,0.3,0,0,applied,clear_constant_wind,1.225,0
2026-01-24T13:59:13.265603,-22.87934875,-22.9233551,-14.69687557,0.03640321,-0.058438208,-2.105120338,-0.443481684,-1.479299426,1.423222303,-0.049675461,0.074342847,0.00017913,-0.014021218,0.000228763,-9.858359337,-0.049675461,0.074342847,0.00017913,138.1874237,0,-0.437597549,-1.965461927,1.357537943,0.971385935,1,0.3,0,0,applied,clear_constant_wind,1.225,0
2026-01-24T13:59:13.373859,-22.91652298,-23.0498867,-14.57750416,0.032397106,-0.052547926,-2.104903703,-0.441716522,-1.532320976,1.419002056,-0.045075525,0.067359284,0.000150662,-0.014990717,-4.71E-05,-9.859892845,-0.045075525,0.067359284,0.000150662,137.72789,0,-0.439423537,-1.966874706,1.354495007,0.971295702,1,0.3,0,0,applied,clear_constant_wind,1.225,0
2026-01-24T13:59:13.487363,-22.96148682,-23.20914841,-14.43307209,0.028036934,-0.046152775,-2.104696356,-0.440022826,-1.58912456,1.413438559,-0.039776638,0.059327971,0.000121448,-0.016066656,-0.000359952,-9.856805801,-0.039776638,0.059327971,0.000121448,137.603775,0,-0.441858684,-1.968313237,1.351069463,0.971175353,1,0.3,0,0,applied,clear_constant_wind,1.225,0
2026-01-24T13:59:13.595419,-22.99313545,-23.32486916,-14.33148003,0.025257435,-0.042130309,-2.104580629,-0.439100593,-1.624747276,1.40854001,-0.036311593,0.054030068,0.000103884,-0.016783342,-0.000570506,-9.869668961,-0.036226153,0.053836055,0.000103201,137.8414612,0,-0.443710945,-1.969161326,1.348813443,0.971083801,1,0.3,0,0,applied,clear_constant_wind,1.225,0
2026-01-24T13:59:13.706662,-23.02735901,-23.45298004,-14.22180653,0.02251352,-0.038172715,-2.104478685,-0.438355148,-1.659530044,1.403576493,-0.032967761,0.048792139,8.74E-05,-0.017443582,-0.000763774,-9.866519928,-0.032967761,0.048792139,8.74E-05,137.3159027,0,-0.445832643,-1.969934594,1.346510811,0.970978922,1,0.3,0,0,applied,clear_constant_wind,1.225,0
2026-01-24T13:59:13.817942,-23.06284142,-23.58873749,-14.10833073,0.0199301,-0.034477652,-2.104393716,-0.437845439,-1.691874385,1.398404241,-0.02982454,0.043767374,7.28E-05,-0.018095136,-0.000952184,-9.863871574,-0.02982454,0.043767374,7.28E-05,137.6460266,0,-0.448156205,-1.970589562,1.344261534,0.97086405,1,0.3,0,0,applied,clear_constant_wind,1.225,0
2026-01-24T13:59:13.928989,-23.09697723,-23.72181511,-13.99945164,0.017674247,-0.031286671,-2.1043289,-0.437596679,-1.719742894,1.393421769,-0.026908636,0.039374325,6.08E-05,-0.01866594,-0.00112091,-9.863570213,-0.026908636,0.039374325,6.08E-05,137.6803589,0,-0.45050241,-1.971088722,1.342220318,0.970748046,1,0.3,0,0,applied,clear_constant_wind,1.225,0
2026-01-24T13:59:14.036714,-23.14028168,-23.89365387,-13.86180782,0.015121259,-0.02768792,-2.104264063,-0.437606245,-1.750969648,1.387565136,-0.023737425,0.034350216,4.81E-05,-0.019318201,-0.001305789,-9.855330467,-0.023737425,0.034350216,4.81E-05,136.948822,0,-0.453624653,-1.971551732,1.33978866,0.97059365,1,0.3,0,0,applied,clear_constant_wind,1.225,0
2026-01-24T13:59:14.148589,-23.17836189,-24.04706192,-13.74133205,0.01311797,-0.024918781,-2.104221297,-0.437892795,-1.775028706,1.382212877,-0.021376617,0.030413842,3.91E-05,-0.019828856,-0.001447812,-9.856759071,-0.021376617,0.030413842,3.91E-05,136.5764465,0,-0.456491943,-1.971814867,1.337784015,0.97045184,1,0.3,0,0,applied,clear_constant_wind,1.225,0
2026-01-24T13:59:14.258475,-23.21121597,-24.18089676,-13.63783455,0.011549351,-0.022793044,-2.104192318,-0.438343644,-1.793504119,1.377758265,-0.019036289,0.027451161,3.26E-05,-0.020225435,-0.001570076,-9.857729912,-0.019036289,0.027451161,3.26E-05,137.1970673,0,-0.459052174,-1.971941807,1.336145691,0.970325199,1,0.3,0,0,applied,clear_constant_wind,1.225,0
2026-01-24T13:59:14.366865,-23.2454319,-24.32148361,-13.53054237,0.010071983,-0.020804132,-2.104168503,-0.439009607,-1.810720921,1.373424053,-0.01724639,0.024669334,2.69E-05,-0.020600274,-0.001672149,-9.853214264,-0.01724639,0.024669334,2.69E-05,137.1125488,0,-0.461796967,-1.971982335,1.334522781,0.97018941,1,0.3,0,0,applied,clear_constant_wind,1.225,0
2026-01-24T13:59:14.474579,-23.27839088,-24.45785332,-13.42768764,0.008778307,-0.019088333,-2.104150216,-0.439827234,-1.825546026,1.369439721,-0.015512208,0.022230759,2.23E-05,-0.020929098,-0.001763448,-9.851581573,-0.015512208,0.022230759,2.23E-05,137.0227661,0,-0.464511507,-1.971940569,1.333031338,0.970055099,1,0.3,0,0,applied,clear_constant_wind,1.225,0
2026-01-24T13:59:14.583813,-23.3193512,-24.62840652,-13.3005476,0.007348971,-0.017188145,-2.104133368,-0.441069216,-1.841819644,1.36495924,-0.013981334,0.019509194,1.77E-05,-0.021296766,-0.001849487,-9.844573021,-0.013981334,0.019509194,1.77E-05,136.848465,0,-0.467977397,-1.971785844,1.331266804,0.969883586,1,0.3,0,0,applied,clear_constant_wind,1.225,0
2026-01-24T13:59:14.692549,-23.35910988,-24.79480743,-13.17790031,0.006109077,-0.01557826,-2.104120743,-0.442490071,-1.855597496,1.36070323,-0.012493993,0.017172992,1.41E-05,-0.021614894,-0.001927108,-9.8430233,-0.012493993,0.017172992,1.41E-05,136.2991486,0,-0.471432144,-1.971536326,1.329637906,0.969712594,1,0.3,0,0,applied,clear_constant_wind,1.225,0
2026-01-24T13:59:14.801249,-23.39367867,-24.93996811,-13.07190609,0.005134173,-0.014344579,-2.104113159,-0.443886697,-1.866145253,1.357144475,-0.010862672,0.015458716,1.16E-05,-0.021861084,-0.00199981,-9.843751907,-0.010862672,0.015458716,1.16E-05,136.8933563,0,-0.474503234,-1.971245981,1.328282358,0.969560565,1,0.3,0,0,applied,clear_constant_wind,1.225,0
2026-01-24T13:59:14.911295,-23.42702484,-25.0802784,-12.97024345,0.004276986,-0.013281841,-2.104108074,-0.445375085,-1.875193715,1.353920817,-0.009804392,0.013930706,9.57E-06,-0.022086143,-0.002047777,-9.840803146,-0.009871265,0.013880034,9.50E-06,136.2621765,0,-0.477521613,-1.9709058,1.327023161,0.969411123,1,0.3,0,0,applied,clear_constant_wind,1.225,0
2026-01-24T13:59:15.021006,-23.46317101,-25.2325325,-12.86070442,0.003445985,-0.012249485,-2.104102898,-0.447131693,-1.883882761,1.350735188,-0.008808015,0.012485144,7.77E-06,-0.022290343,-0.002093025,-9.838284492,-0.008808015,0.012485144,7.77E-06,136.1512451,0,-0.480851536,-1.970475857,1.325705765,0.969246229,1,0.3,0,0,applied,clear_constant_wind,1.225,0
2026-01-24T13:59:15.127742,-23.50081253,-25.39112091,-12.7473793,0.002664568,-0.011298438,-2.104098709,-0.44910714,-1.891829967,1.347583771,-0.008077771,0.011087536,6.25E-06,-0.022491379,-0.002125233,-9.835573196,-0.008077771,0.011087536,6.25E-06,135.9743042,0,-0.484379766,-1.969965306,1.324381016,0.969071485,1,0.3,0,0,applied,clear_constant_wind,1.225,0
2026-01-24T13:59:15.239094,-23.54675293,-25.58453178,-12.6101141,0.001823265,-0.010282788,-2.104096236,-0.451705426,-1.900187969,1.344129443,-0.006740858,0.009629981,4.81E-06,-0.022710023,-0.002168428,-9.830439568,-0.006740858,0.009629981,4.81E-06,136.0271301,0,-0.488764851,-1.969262096,1.322821532,0.968854259,1,0.3,0,0,applied,clear_constant_wind,1.225,0
2026-01-24T13:59:15.349119,-23.58070755,-25.72724915,-12.50940704,0.001250969,-0.009635383,-2.104095578,-0.453738093,-1.905534983,1.341445565,-0.005978638,0.008676965,3.95E-06,-0.022854583,-0.002197552,-9.83417511,-0.005978638,0.008676965,3.95E-06,135.763031,0,-0.492058176,-1.968690866,1.321703491,0.968691083,1,0.3,0,0,applied,clear_constant_wind,1.225,0
2026-01-24T13:59:15.457562,-23.61618614,-25.87608147,-12.40487289,0.000706951,-0.009029259,-2.104095435,-0.455974191,-1.910449266,1.338945866,-0.005587918,0.007809258,3.23E-06,-0.022992207,-0.002207428,-9.8310709,-0.005587918,0.007809258,3.23E-06,135.7445374,0,-0.495544723,-1.9680492,1.320564629,0.968518305,1,0.3,0,0,applied,clear_constant_wind,1.225,0
2026-01-24T13:59:15.568401,-23.65184593,-26.02527237,-12.30052757,0.000211637,-0.008486811,-2.104094958,-0.458324701,-1.914771199,1.33659482,-0.004915363,0.007032738,2.63E-06,-0.023118436,-0.002223268,-9.829624176,-0.004915363,0.007032738,2.63E-06,135.8554688,0,-0.499092767,-1.967362095,1.319445768,0.968342447,1,0.3,0,0,applied,clear_constant_wind,1.225,0
2026-01-24T13:59:15.676725,-23.68769073,-26.17477989,-12.19636059,-0.000240088,-0.008001672,-2.104093926,-0.460782975,-1.918560505,1.334356546,-0.004366101,0.006333739,2.16E-06,-0.023234531,-0.002233293,-9.82830143,-0.004366101,0.006333739,2.16E-06,135.8448944,0,-0.502702625,-1.966631231,1.318343695,0.968163492,1,0.3,0,0,applied,clear_constant_wind,1.225,0
2026-01-24T13:59:15.787498,-23.73347092,-26.3649292,-12.06439114,-0.000739437,-0.007450482,-2.104092609,-0.464046031,-1.922684312,1.331831098,-0.003915957,0.005515885,1.67E-06,-0.023369737,-0.002231658,-9.823805809,-0.003915957,0.005515885,1.67E-06,135.1899414,0,-0.507372028,-1.965643732,1.316964361,0.967931963,1,0.3,0,0,applied,clear_constant_wind,1.225,0
2026-01-24T13:59:15.897875,-23.77397346,-26.53234482,-11.94862747,-0.001148662,-0.007034773,-2.104093029,-0.467029572,-1.925748825,1.329510331,-0.003798429,0.00486529,1.33E-06,-0.023477914,-0.002225883,-9.824775696,-0.003798429,0.00486529,1.33E-06,135.1503296,0,-0.511557094,-1.964722392,1.315766318,0.967724402,1,0.3,0,0,applied,clear_constant_wind,1.225,0
2026-01-24T13:59:16.007449,-23.80769157,-26.67108154,-11.85296822,-0.001479818,-0.006734094,-2.104093155,-0.469585419,-1.927929521,1.327637434,-0.002778249,0.004422415,1.11E-06,-0.02356297,-0.002241721,-9.825857162,-0.002826518,0.004428159,1.10E-06,135.1503296,0,-0.515078301,-1.963923215,1.314782479,0.967549732,1,0.3,0,0,applied,clear_constant_wind,1.225,0
2026-01-24T13:59:16.117731,-23.84443092,-26.82154655,-11.74948406,-0.001792654,-0.006436442,-2.104093289,-0.472447187,-1.929962039,1.325794458,-0.002470529,0.004047669,9.14E-07,-0.02364138,-0.002238579,-9.824046135,-0.002470529,0.004047669,9.14E-07,134.9786682,0,-0.518951998,-1.963020399,1.313723158,0.967357539,1,0.3,0,0,applied,clear_constant_wind,1.225,0
2026-01-24T13:59:16.226418,-23.87996864,-26.966362,-11.65011501,-0.002080663,-0.006183046,-2.1040934,-0.47528407,-1.931623816,1.324048519,-0.002215093,0.00366152,7.50E-07,-0.023716031,-0.002230337,-9.823598862,-0.002215093,0.00366152,7.50E-07,135.1318512,0,-0.522735249,-1.962117084,1.312708367,0.967169797,1,0.3,0,0,applied,clear_constant_wind,1.225,0
2026-01-24T13:59:16.336903,-23.92577553,-27.15188789,-11.52310753,-0.002394968,-0.005887021,-2.104093634,-0.479031354,-1.933373094,1.322078109,-0.002282624,0.003206235,5.72E-07,-0.023804795,-0.002202716,-9.81946373,-0.002282624,0.003206235,5.72E-07,134.6908112,0,-0.527661226,-1.96091187,1.311412038,0.966925293,1,0.3,0,0,applied,clear_constant_wind,1.225,0
2026-01-24T13:59:16.448654,-23.96905136,-27.32595634,-11.40421295,-0.002674856,-0.005650812,-2.104093648,-0.482645035,-1.934672952,1.320140481,-0.002252293,0.002815871,4.50E-07,-0.023884891,-0.002182104,-9.819509506,-0.00222604,0.002802088,4.47E-07,134.793808,0,-0.532366157,-1.959732905,1.310195986,0.966691703,1,0.3,0,0,applied,clear_constant_wind,1.225,0
2026-01-24T13:59:16.557715,-24.00828171,-27.48270226,-11.29734802,-0.00291122,-0.005465073,-2.104093841,-0.485977173,-1.935590863,1.31844449,-0.00128434,0.002598045,3.62E-07,-0.023944959,-0.002192033,-9.821416855,-0.00128434,0.002598045,3.62E-07,134.6511993,0,-0.536673244,-1.958632023,1.309098346,0.966477816,1,0.3,0,0,applied,clear_constant_wind,1.225,0
2026-01-24T13:59:16.667666,-24.04631233,-27.63370895,-11.1945734,-0.003136206,-0.005309317,-2.104094032,-0.489270747,-1.936267972,1.316825867,-0.001386942,0.002341428,2.93E-07,-0.024003919,-0.002167529,-9.820627213,-0.001386942,0.002341428,2.93E-07,134.7092896,0,-0.540887826,-1.957534879,1.308038555,0.966268477,1,0.3,0,0,applied,clear_constant_wind,1.225,0
2026-01-24T13:59:16.776984,-24.08312988,-27.77895355,-11.09586811,-0.003344132,-0.005176929,-2.104094199,-0.492516726,-1.936743736,1.315325856,-0.001048798,0.002134654,2.38E-07,-0.024059184,-0.002150055,-9.819839478,-0.001184444,0.002133542,2.36E-07,134.7383423,0,-0.545001801,-1.956446475,1.307015359,0.966064091,1,0.3,0,0,applied,clear_constant_wind,1.225,0
2026-01-24T13:59:16.886706,-24.12465668,-27.94166374,-10.98544598,-0.003539761,-0.005038992,-2.104094404,-0.496236414,-1.937091827,1.313785315,-0.001045327,0.001959221,1.85E-07,-0.024112951,-0.002129255,-9.818598747,-0.001045327,0.001959221,1.85E-07,134.6168671,0,-0.549683269,-1.955188675,1.305862009,0.965831458,1,0.3,0,0,applied,clear_constant_wind,1.225,0
2026-01-24T13:59:16.997838,-24.1755085,-28.13926125,-10.85154057,-0.003760134,-0.004891109,-2.104094638,-0.50086683,-1.937278271,1.312017322,-0.000672623,0.001706678,1.53E-07,-0.024179302,-0.002102168,-9.815506935,-0.000672623,0.001706678,1.53E-07,133.9671936,0,-0.555474008,-1.953606686,1.304448213,0.965543627,1,0.3,0,0,applied,clear_constant_wind,1.225,0
2026-01-24T13:59:17.106695,-24.21471596,-28.29036522,-10.74926662,-0.003936032,-0.004801964,-2.104094847,-0.504478216,-1.93726635,1.310430765,-0.000667794,0.001548269,1.21E-07,-0.024226483,-0.00208401,-9.819431305,-0.000667794,0.001548269,1.21E-07,133.8404236,0,-0.559983013,-1.952356496,1.303354644,0.965319445,1,0.3,0,0,applied,clear_constant_wind,1.225,0
2026-01-24T13:59:17.219894,-24.25725937,-28.45309258,-10.63925648,-0.004115967,-0.004713903,-2.104095061,-0.508457363,-1.937111139,1.308912039,-0.000940343,0.001400851,9.74E-08,-0.024275539,-0.002045135,-9.817409515,-0.000940343,0.001400851,9.74E-08,133.7242279,0,-0.56491897,-1.950968664,1.30216606,0.965073976,1,0.3,0,0,applied,clear_constant_wind,1.225,0
2026-01-24T13:59:17.329512,-24.29552841,-28.59838295,-10.54114056,-0.004278814,-0.004648499,-2.10409519,-0.512081265,-1.93685925,1.307514191,-0.000235402,0.001297128,7.93E-08,-0.024319002,-0.002035238,-9.818387985,-0.000373243,0.00130102,7.78E-08,133.8483429,0,-0.569398852,-1.949692455,1.301093757,0.964851134,1,0.3,0,0,applied,clear_constant_wind,1.225,0
2026-01-24T13:59:17.437990,-24.33561897,-28.74943733,-10.43920612,-0.004427374,-0.004584861,-2.10409547,-0.515923142,-1.936492085,1.306141973,-0.000123574,0.001220542,6.88E-08,-0.024359319,-0.002015668,-9.818182945,-0.000123574,0.001220542,6.88E-08,133.8721161,0,-0.574130388,-1.948330385,1.299963374,0.964615718,1,0.3,0,0,applied,clear_constant_wind,1.225,0
2026-01-24T13:59:17.545768,-24.38381767,-28.92951012,-10.31781006,-0.004585618,-0.004513914,-2.104095648,-0.520598769,-1.935925603,1.30460012,-0.000745342,0.00106235,6.03E-08,-0.024409177,-0.00196034,-9.815294266,-0.000745342,0.00106235,6.03E-08,134.0252838,0,-0.579872668,-1.946655814,1.298597409,0.964329935,1,0.3,0,0,applied,clear_constant_wind,1.225,0
2026-01-24T13:59:17.653992,-24.43245506,-29.10952377,-10.19656467,-0.004747379,-0.004457113,-2.104095844,-0.525368035,-1.935232759,1.302972555,-0.000730491,0.000929788,4.67E-08,-0.024457552,-0.001925891,-9.81533432,-0.000730491,0.000929788,4.67E-08,133.1907501,0,-0.585727817,-1.944925969,1.297208236,0.964038448,1,0.3,0,0,applied,clear_constant_wind,1.225,0
2026-01-24T13:59:17.762715,-24.47200203,-29.2546463,-10.09889412,-0.004892568,-0.004423884,-2.10409605,-0.529280484,-1.934588909,1.301543832,0.000279831,0.000901539,4.19E-08,-0.024493875,-0.001930148,-9.819042206,0.000279831,0.000901539,4.19E-08,133.3914642,0,-0.590535044,-1.943489468,1.296069451,0.963799064,1,0.3,0,0,applied,clear_constant_wind,1.225,0
2026-01-24T13:59:17.872583,-24.51344872,-29.40551949,-9.997430801,-0.005034491,-0.004391913,-2.104096147,-0.533432722,-1.933838725,1.300138354,-0.000108098,0.000861064,3.36E-08,-0.024530858,-0.001889712,-9.817359924,-0.000108098,0.000861064,3.36E-08,133.3175201,0,-0.595616244,-1.94195454,1.294868375,0.963545972,1,0.3,0,0,applied,clear_constant_wind,1.225,0
2026-01-24T13:59:17.982439,-24.55521965,-29.55633354,-9.896073341,-0.005174847,-0.00436416,-2.104096378,-0.537663698,-1.933012009,1.298756719,-1.33E-05,0.000810492,2.55E-08,-0.024567921,-0.001861114,-9.817272186,-1.33E-05,0.000810492,2.55E-08,133.431076,0,-0.600784662,-1.94037708,1.293647471,0.963288468,1,0.3,0,0,applied,clear_constant_wind,1.225,0
2026-01-24T13:59:18.090523,-24.60057831,-29.71866608,-9.787041664,-0.005310576,-0.004335761,-2.104096499,-0.54230541,-1.932041764,1.297311425,-0.00026528,0.000747667,2.08E-08,-0.024607396,-0.001819596,-9.816102982,-0.00026528,0.000747667,2.08E-08,132.8632813,0,-0.606449462,-1.938630101,1.292309059,0.963006153,1,0.3,0,0,applied,clear_constant_wind,1.225,0
2026-01-24T13:59:18.201741,-24.65618515,-29.91567421,-9.654811859,-0.005459692,-0.004302506,-2.104096787,-0.548054993,-1.930760145,1.295663714,0.000280843,0.000689311,2.22E-08,-0.024654852,-0.001787997,-9.813261032,0.000280843,0.000689311,2.22E-08,133.1696167,0,-0.613472648,-1.936438194,1.290649,0.962656027,1,0.3,0,0,applied,clear_constant_wind,1.225,0
2026-01-24T13:59:18.309949,-24.69910812,-30.0662365,-9.553813934,-0.005596697,-0.00429127,-2.104097066,-0.552521467,-1.929712415,1.294076085,0.000137481,0.000631767,9.45E-09,-0.024690416,-0.001760683,-9.818306923,0.000137481,0.000631767,9.45E-09,132.8527069,0,-0.618953903,-1.934708573,1.289351178,0.962382681,1,0.3,0,0,applied,clear_constant_wind,1.225,0
2026-01-24T13:59:18.420006,-24.74071121,-30.21092987,-9.456810951,-0.005742704,-0.004283603,-2.104097206,-0.556899309,-1.928643346,1.292644262,0.000220196,0.000597286,1.04E-08,-0.024725586,-0.001723061,-9.817536354,3.05E-05,0.000603096,1.08E-08,133.0851135,0,-0.624317971,-1.932998731,1.288080818,0.962115105,1,0.3,0,0,applied,clear_constant_wind,1.225,0
2026-01-24T13:59:18.528873,-24.78601456,-30.36710358,-9.352166176,-0.00587248,-0.004271732,-2.104097232,-0.561713219,-1.927425504,1.291202188,0.000281294,0.00060537,7.93E-09,-0.024759494,-0.001697453,-9.817112923,0.000281294,0.00060537,7.93E-09,132.6916199,0,-0.630217442,-1.931099578,1.286681751,0.961820735,1,0.3,0,0,applied,clear_constant_wind,1.225,0
2026-01-24T13:59:18.637874,-24.82831383,-30.51161957,-9.255378723,-0.006012348,-0.004267775,-2.10409741,-0.566249371,-1.926241517,1.289748549,0.000451088,0.000556032,-4.79E-10,-0.024794627,-0.001663351,-9.817750931,0.000236857,0.000561965,-9.40E-10,132.7919617,0,-0.635781865,-1.929290881,1.285359481,0.961543,1,0.3,0,0,applied,clear_constant_wind,1.225,0
2026-01-24T13:59:18.745861,-24.88467598,-30.7022419,-9.127782822,-0.006143196,-0.004250738,-2.104097583,-0.572349906,-1.924599171,1.288110018,-5.92E-05,0.000517203,-5.64E-09,-0.024837267,-0.001607754,-9.813971519,-5.92E-05,0.000517203,-5.64E-09,132.6519928,0,-0.643282711,-1.9268257,1.283573313,0.961168487,1,0.3,0,0,applied,clear_constant_wind,1.225,0
2026-01-24T13:59:18.854927,-24.93297386,-30.86385155,-9.019659042,-0.006296471,-0.004251396,-2.10409766,-0.577618837,-1.923140168,1.286352277,-0.00040541,0.000441223,-7.10E-09,-0.024875451,-0.001566534,-9.81729126,-0.00040541,0.000441223,-7.10E-09,132.2136078,0,-0.64979297,-1.924662116,1.282017572,0.960843314,1,0.3,0,0,applied,clear_constant_wind,1.225,0
2026-01-24T13:59:18.965665,-24.97822189,-31.0138073,-8.919386864,-0.006453771,-0.004255325,-2.104097867,-0.58260715,-1.921725273,1.284749985,0.000249314,0.000461338,-6.74E-09,-0.024908897,-0.001551026,-9.8185215,0.000249314,0.000461338,-6.74E-09,131.9495087,0,-0.655962473,-1.922589848,1.280540521,0.960535061,1,0.3,0,0,applied,clear_constant_wind,1.225,0
2026-01-24T13:59:19.074722,-25.02386475,-31.1636467,-8.819238663,-0.006605814,-0.004259108,-2.104097958,-0.587695539,-1.920252442,1.283165455,0.000241844,0.000462878,-1.46E-08,-0.024942607,-0.001516615,-9.818199158,0.000241844,0.000462878,-1.46E-08,132.3562164,14.47048411,-0.662255485,-1.92045486,1.27902991,0.960220534,1,0.3,0,0,applied,clear_constant_wind,1.225,0
2026-01-24T13:59:19.185752,-25.07168579,-31.31912422,-8.715369225,-0.006757422,-0.004261915,-2.104098208,-0.593083739,-1.918661356,1.281537652,4.07E-05,0.000453955,-1.24E-08,-0.024977818,-0.001473974,-9.817552567,4.07E-05,0.000453955,-1.24E-08,132.2268066,14.47048411,-0.668927465,-1.918168066,1.277423515,0.959886953,1,0.3,0,0,applied,clear_constant_wind,1.225,0
2026-01-24T13:59:19.292539,-25.12354088,-31.48597527,-8.603956223,-0.006912038,-0.004263463,-2.104098202,-0.598983645,-1.916885495,1.279800296,-0.000253936,0.000419907,-1.05E-08,-0.025016412,-0.00142426,-9.816551208,-0.000253936,0.000419907,-1.05E-08,131.8227386,14.47048411,-0.676255404,-1.915628707,1.275653575,0.959520443,1,0.3,0,0,applied,clear_constant_wind,1.225,0
2026-01-24T13:59:19.401277,-25.18136024,-31.66990471,-8.481199265,-0.007088116,-0.004266141,-2.104098373,-0.605631828,-1.914845824,1.277864695,-0.000210284,0.000369196,-1.91E-09,-0.025059909,-0.001376306,-9.814807892,-0.000210284,0.000369196,-1.91E-09,131.7593536,14.22014882,-0.684545709,-1.912721526,1.27364285,0.959105631,1,0.3,0,0,applied,clear_constant_wind,1.225,0
2026-01-24T13:59:19.510522,-25.2269783,-31.8134594,-8.385424614,-0.007251481,-0.004277175,-2.104098554,-0.61091429,-1.913198113,1.276063323,0.000962507,0.000397628,-7.73E-09,-0.025091968,-0.001383055,-9.821554184,0.000962507,0.000397628,-7.73E-09,131.7223816,13.89872853,-0.691178953,-1.910370181,1.272025964,0.958773602,1,0.3,0,0,applied,clear_constant_wind,1.225,0
2026-01-24T13:59:19.620633,-25.27669716,-31.96835899,-8.282139778,-0.007424184,-0.004285837,-2.104098612,-0.616745472,-1.911352038,1.274234414,-0.000170337,0.000402566,-2.02E-08,-0.025126856,-0.001312948,-9.818562508,-0.000170337,0.000402566,-2.02E-08,131.7567139,13.89872853,-0.698502846,-1.907744808,1.270236913,0.958406869,1,0.3,0,0,applied,clear_constant_wind,1.225,0
2026-01-24T13:59:19.729559,-25.32502747,-32.11737442,-8.182822227,-0.00760517,-0.004296335,-2.104098713,-0.622476161,-1.90951097,1.272424936,0.000259535,0.000401698,-3.74E-08,-0.025161412,-0.00128808,-9.819841385,0.000259535,0.000401698,-3.74E-08,131.0119781,13.55961251,-0.705719307,-1.905129773,1.268467273,0.958045378,1,0.3,0,0,applied,clear_constant_wind,1.225,0
2026-01-24T13:59:19.837132,-25.37380791,-32.26624298,-8.083645821,-0.007784912,-0.004306603,-2.104098825,-0.628326356,-1.907605529,1.270584226,0.000270091,0.000406964,-3.38E-08,-0.02519577,-0.001251907,-9.819915771,0.000270091,0.000406964,-3.38E-08,131.2364502,13.33212737,-0.713104988,-1.902424368,1.266649046,0.957675269,1,0.3,0,0,applied,clear_constant_wind,1.225,0
2026-01-24T13:59:19.945762,-25.43829727,-32.46068954,-7.954172611,-0.00798658,-0.00430969,-2.104098992,-0.636159301,-1.905014753,1.268441081,0.000556728,0.000400275,-2.98E-08,-0.025241487,-0.001201103,-9.814066887,0.000556728,0.000400275,-2.98E-08,131.1228943,13.33212737,-0.723030641,-1.898741885,1.264194432,0.957177653,1,0.3,0,0,applied,clear_constant_wind,1.225,0
2026-01-24T13:59:20.052856,-25.48623085,-32.60349655,-7.859121799,-0.008181853,-0.004325337,-2.104099044,-0.642026842,-1.903047919,1.266294241,0.000682072,0.00037882,-3.18E-08,-0.025276441,-0.001167356,-9.822110176,0.000227085,0.00037624,-3.19E-08,130.8165436,13.33212737,-0.730534061,-1.895923998,1.262327906,0.956801301,1,0.3,0,0,applied,clear_constant_wind,1.225,0
2026-01-24T13:59:20.161214,-25.53655243,-32.75185013,-7.760427952,-0.00838393,-0.00433662,-2.10409913,-0.648261487,-1.90093112,1.26429522,0.000361506,0.000391496,-3.41E-08,-0.025309991,-0.001131585,-9.821831703,0.000361506,0.000391496,-3.41E-08,130.8904877,12.99246258,-0.738530579,-1.892886402,1.260331427,0.956400055,1,0.3,0,0,applied,clear_constant_wind,1.225,0
2026-01-24T13:59:20.269694,-25.58933067,-32.90573502,-7.658109665,-0.008596452,-0.004347842,-2.104099247,-0.654886007,-1.898653626,1.262169123,-0.000195544,0.000390968,-4.07E-08,-0.025346179,-0.00107661,-9.820616722,-0.000195544,0.000390968,-4.07E-08,130.6660156,12.99246258,-0.747054152,-1.889608862,1.258195514,0.955972176,1,0.3,0,0,applied,clear_constant_wind,1.225,0
2026-01-24T13:59:20.383007,-25.64066696,-33.05374908,-7.559745789,-0.008819614,-0.004360672,-2.10409942,-0.661408544,-1.896383047,1.260025501,0.000157413,0.000391635,-4.69E-08,-0.025381695,-0.001048346,-9.822208405,0.000157413,0.000391635,-4.69E-08,131.1440125,12.65791132,-0.75548526,-1.88632681,1.256074055,0.955548751,1,0.3,0,0,applied,clear_constant_wind,1.225,0
2026-01-24T13:59:20.492573,-25.70455933,-33.23566437,-7.438911915,-0.009056961,-0.004366026,-2.104099412,-0.669633985,-1.893480897,1.257609129,-0.000588582,0.000356375,-4.32E-08,-0.025426276,-0.00097111,-9.817052841,-0.000588582,0.000356375,-4.32E-08,131.0938416,12.65791132,-0.766178035,-1.882108314,1.253368539,0.95501147,1,0.3,0,0,applied,clear_constant_wind,1.225,0
2026-01-24T13:59:20.599987,-25.76314926,-33.40028381,-7.329624176,-0.009314983,-0.004379159,-2.104099565,-0.677269638,-1.890750051,1.254971623,-0.001124547,0.000322066,-4.12E-08,-0.025468539,-0.000911376,-9.819865227,-0.001236362,0.000311452,-4.11E-08,130.8799286,12.42842618,-0.77619177,-1.878100517,1.250819621,0.954508036,1,0.3,0,0,applied,clear_constant_wind,1.225,0
2026-01-24T13:59:20.711060,-25.81830406,-33.55332947,-7.228070259,-0.009569565,-0.004391104,-2.104099497,-0.684542656,-1.888114929,1.252500176,0.000360069,0.000395688,-4.69E-08,-0.025502056,-0.000923672,-9.824601173,0.000360069,0.000395688,-4.69E-08,130.3279724,12.42842618,-0.785807476,-1.874199602,1.248358113,0.954024361,1,0.3,0,0,applied,clear_constant_wind,1.225,0
2026-01-24T13:59:20.819956,-25.86990356,-33.69484711,-7.134226799,-0.00984912,-0.004406585,-2.104099345,-0.691450179,-1.885582089,1.250013232,0.000174738,0.000379676,-4.98E-08,-0.025538325,-0.000868608,-9.824946404,-0.00022497,0.000387565,-4.99E-08,130.5022736,12.09559908,-0.794978426,-1.870428007,1.246002134,0.95356283,1,0.3,0,0,applied,clear_constant_wind,1.225,0
2026-01-24T13:59:20.927462,-25.92412376,-33.84181976,-7.036822319,-0.01012387,-0.004417238,-2.104099228,-0.698816359,-1.882847905,1.247540832,0.000217832,0.000413874,-4.40E-08,-0.025573514,-0.000831361,-9.82429409,-0.000115429,0.000422142,-4.52E-08,130.3543701,12.09559908,-0.804804805,-1.866332355,1.24346688,0.953068066,1,0.3,0,0,applied,clear_constant_wind,1.225,0
2026-01-24T13:59:21.035857,-25.98528671,-34.00549316,-6.928415775,-0.010425431,-0.004424602,-2.104098968,-0.707259238,-1.879673481,1.244760513,-0.001282634,0.00039183,-4.53E-08,-0.025613278,-0.000752035,-9.822012901,-0.001282634,0.00039183,-4.53E-08,130.4151154,11.76820642,-0.816134629,-1.861540097,1.240528901,0.952497284,1,0.3,0,0,applied,clear_constant_wind,1.225,0
2026-01-24T13:59:21.146603,-26.05794525,-34.19702911,-6.801642418,-0.010784637,-0.004429052,-2.104098921,-0.717459619,-1.875779986,1.241545081,-0.000123385,0.000411845,-4.54E-08,-0.025660813,-0.000723067,-9.817853928,-0.000123385,0.000411845,-4.54E-08,130.2857056,11.76820642,-0.8299519,-1.855594062,1.236923353,0.951800724,1,0.3,0,0,applied,clear_constant_wind,1.225,0
2026-01-24T13:59:21.253873,-26.11204147,-34.33760452,-6.708648682,-0.011127112,-0.004443511,-2.104098805,-0.725161731,-1.872800112,1.238370419,0.000121607,0.000410822,-4.86E-08,-0.025695682,-0.000709325,-9.831064224,0.000121607,0.000410822,-4.86E-08,129.7126312,11.53645331,-1.140508838,-1.850977442,1.23414833,1,0,0,0,0,suppressed_near_checkpoint,clear_constant_wind,1.225,0
2026-01-24T13:59:21.362999,-26.16899872,-34.48355865,-6.612307549,-0.021736501,-0.010649173,-2.103996586,-0.737324715,-1.869451404,1.231037855,-0.094128244,-0.054871067,-0.00010212,-0.027593106,0.001992621,-9.905023575,-0.094128244,-0.054871067,-0.00010212,130.0744324,11.53645331,-1.151829521,-1.845921418,1.231203831,1,0,0,0,0,suppressed_near_checkpoint,clear_constant_wind,1.225,0
2026-01-24T13:59:21.471238,-26.22502136,-34.6236496,-6.520277023,-0.029515557,-0.014913005,-2.103894822,-0.757743359,-1.866171241,1.223458171,-0.081273712,-0.040081717,-0.000113523,-0.027502626,0.001925953,-9.88117218,-0.081273712,-0.040081717,-0.000113523,129.9714355,11.15984486,-1.162838139,-1.840844677,1.228453637,1,0,0,0,0,suppressed_near_checkpoint,clear_constant_wind,1.225,0
2026-01-24T13:59:21.580928,-26.28749275,-34.77466202,-6.421434402,-0.033946156,-0.017298284,-2.103827712,-0.785247147,-1.862485766,1.217644691,-0.031698313,-0.01844749,-9.32E-05,-0.02722317,0.000584796,-9.852344513,-0.031698313,-0.01844749,-9.32E-05,129.9978485,11.15984486,-1.174676582,-1.835219622,1.22560347,1,0,0,0,0,suppressed_near_checkpoint,clear_constant_wind,1.225,0
2026-01-24T13:59:21.689712,-26.36705399,-34.95881653,-6.301134586,-0.03591131,-0.018228988,-2.103803232,-0.822297454,-1.857775211,1.213445902,-0.005215609,-0.001637481,-6.42E-05,-0.027141869,-9.67E-05,-9.824039459,-0.005215609,-0.001637481,-6.42E-05,130.0321808,11.15984486,-1.188938478,-1.828251411,1.22226105,1,0,0,0,0,suppressed_near_checkpoint,clear_constant_wind,1.225,0
2026-01-24T13:59:21.799167,-26.43748093,-35.11470032,-6.199341774,-0.0360148,-0.018039885,-2.103814554,-0.854500294,-1.85358417,1.210588694,0.007668236,0.006082942,-4.58E-05,-0.027245164,-0.000417568,-9.821647644,0.007668236,0.006082942,-4.58E-05,129.4221191,10.8162592,-1.200806589,-1.822313957,1.219522603,1,0,0,0,0,suppressed_near_checkpoint,clear_constant_wind,1.225,0
2026-01-24T13:59:21.909099,-26.50263786,-35.25357437,-6.108623505,-0.035413986,-0.017445853,-2.103838594,-0.882879317,-1.84967494,1.208671689,0.016075857,0.01001617,-3.42E-05,-0.02740559,-0.00061053,-9.820624352,0.016075857,0.01001617,-3.42E-05,129.3851471,10.52430182,-1.211207447,-1.81701279,1.217144627,1,0,0,0,0,suppressed_near_checkpoint,clear_constant_wind,1.225,0
2026-01-24T13:59:22.018788,-26.56989479,-35.39215088,-6.018034935,-0.034392766,-0.01662772,-2.10386974,-0.910446763,-1.845605373,1.207146287,0.020041738,0.012116868,-2.62E-05,-0.027607799,-0.000675291,-9.81492424,0.019682437,0.012174733,-2.60E-05,129.2530975,10.52430182,-1.221432593,-1.811714851,1.214821682,1,0,0,0,0,suppressed_near_checkpoint,clear_constant_wind,1.225,0
2026-01-24T13:59:22.126203,-26.64199257,-35.53593826,-5.923927307,-0.033070893,-0.015658167,-2.103904442,-0.93796289,-1.841226816,1.205860734,0.022142176,0.013044755,-2.05E-05,-0.027817398,-0.000656717,-9.814613342,0.022142176,0.013044755,-2.05E-05,129.0418243,10.25006987,-1.231901553,-1.806209057,1.212446867,1,0,0,0,0,suppressed_near_checkpoint,clear_constant_wind,1.225,0
2026-01-24T13:59:22.235604,-26.73359299,-35.71243668,-5.808245659,-0.031275834,-0.014413395,-2.103945989,-0.970023215,-1.835653901,1.204527974,0.021246536,0.013075721,-1.58E-05,-0.028089076,-0.000620387,-9.807044983,0.021246536,0.013075721,-1.58E-05,129.0471039,10.25006987,-1.244602272,-1.799417094,1.209571539,1,0,0,0,0,suppressed_near_checkpoint,clear_constant_wind,1.225,0
2026-01-24T13:59:22.343545,-26.81620026,-35.86642075,-5.707144737,-0.029746342,-0.01334719,-2.103979747,-0.996401072,-1.830637455,1.20284915,0.020693572,0.012574848,-1.29E-05,-0.028316975,-0.00061553,-9.812994003,0.020693572,0.012574848,-1.29E-05,128.6245575,10.00681056,-1.255596262,-1.793442877,1.207079399,1,0,0,0,0,suppressed_near_checkpoint,clear_constant_wind,1.225,0
2026-01-24T13:59:22.453930,-26.89177513,-36.00354385,-5.616988659,-0.028463334,-0.012439488,-2.104007002,-1.018669248,-1.826050878,1.201298833,0.021349901,0.011908227,-1.08E-05,-0.028516337,-0.000623696,-9.816102028,0.02096712,0.011880394,-1.07E-05,129.7179108,10.00681056,-1.265367913,-1.788053988,1.204868035,1,0,0,0,0,suppressed_near_checkpoint,clear_constant_wind,1.225,0
2026-01-24T13:59:22.562818,-26.97209549,-36.1457901,-5.52334547,-0.0271623,-0.011550912,-2.104033065,-1.040607929,-1.821181655,1.199788928,0.020389935,0.011099471,-9.11E-06,-0.028695166,-0.000606705,-9.816707611,0.020389935,0.011099471,-9.11E-06,128.9256287,9.753532316,-1.275537297,-1.782363342,1.202574539,1,0,0,0,0,suppressed_near_checkpoint,clear_constant_wind,1.225,0
2026-01-24T13:59:22.671076,-27.05408096,-36.28765106,-5.429829121,-0.025966937,-0.010726112,-2.104055424,-1.061389327,-1.816218734,1.198125958,0.018595483,0.010244125,-7.70E-06,-0.028866753,-0.000555512,-9.816840172,0.018595483,0.010244125,-7.70E-06,128.52948,9.753532316,-1.285767416,-1.776554121,1.200273972,1,0,0,0,0,suppressed_near_checkpoint,clear_constant_wind,1.225,0
2026-01-24T13:59:22.781147,-27.15389061,-36.45628357,-5.318500042,-0.024630567,-0.009826277,-2.10407907,-1.084762692,-1.810190678,1.196323872,0.015976079,0.009225536,-6.34E-06,-0.029052481,-0.000468805,-9.812163353,0.015976079,0.009225536,-6.34E-06,128.2099304,9.753532316,-1.298136562,-1.76941481,1.197502691,1,0,0,0,0,suppressed_near_checkpoint,clear_constant_wind,1.225,0
2026-01-24T13:59:22.892041,-27.25912857,-36.62976456,-5.203775883,-0.02342688,-0.008991014,-2.104099554,-1.107438684,-1.803857565,1.194140077,0.014248081,0.008239614,-5.15E-06,-0.029222474,-0.000414759,-9.812886238,0.014248081,0.008239614,-5.15E-06,128.5585327,9.482349231,-1.311240143,-1.76171468,1.19457552,1,0,0,0,0,suppressed_near_checkpoint,clear_constant_wind,1.225,0
2026-01-24T13:59:22.999623,-27.34282494,-36.76486969,-5.114295006,-0.022656043,-0.008399511,-2.104113231,-1.124239802,-1.79883337,1.191964149,0.015153497,0.007536565,-4.31E-06,-0.029340461,-0.000453003,-9.824006081,0.015153497,0.007536565,-4.31E-06,128.1069336,9.22156045,-1.321827258,-1.755388254,1.192218427,1,0,0,0,0,suppressed_near_checkpoint,clear_constant_wind,1.225,0
2026-01-24T13:59:23.109198,-27.43459511,-36.91035461,-5.017841816,-0.021925062,-0.007815664,-2.104127328,-1.141638875,-1.79329145,1.189733982,0.011842696,0.006832417,-3.56E-06,-0.029455408,-0.000357471,-9.819825172,0.011842696,0.006832417,-3.56E-06,128.3472595,9.22156045,-1.333739071,-1.748140782,1.189598208,1,0,0,0,0,suppressed_near_checkpoint,clear_constant_wind,1.225,0
2026-01-24T13:59:23.219973,-27.52428055,-37.05001831,-4.925134182,-0.021361845,-0.007301049,-2.104138864,-1.157741904,-1.787842274,1.187444568,0.011245466,0.006226411,-2.90E-06,-0.029553711,-0.000249065,-9.822537422,0.011245466,0.006226411,-2.90E-06,128.1782379,8.939885523,-1.345824223,-1.74065334,1.186963821,1,0,0,0,0,suppressed_near_checkpoint,clear_constant_wind,1.225,0
2026-01-24T13:59:23.326485,-27.61519241,-37.18925476,-4.832611084,-0.020915174,-0.006827448,-2.104148294,-1.173312902,-1.78226018,1.185013175,0.009887364,0.005689664,-2.34E-06,-0.029640615,-0.000183661,-9.82351017,0.009887364,0.005689664,-2.34E-06,128.2653961,8.939885523,-1.358723461,-1.732504943,1.184186295,1,0,0,0,0,suppressed_near_checkpoint,clear_constant_wind,1.225,0
2026-01-24T13:59:24.747288,-28.49580193,-38.45492935,-4.795294285,0.007547604,0.092219504,-2.106834536,-0.360303283,-0.50503695,-0.149651617,-0.009755506,-0.128783494,-9.75E-05,-0.006290033,0.000280142,-9.556080818,-0.009755506,-0.128783494,-9.75E-05,127.7213516,0,-1.164710519,-2.024350106,0.081423251,0.934766169,1,0.3,0,0,applied,clear_constant_wind,1.225,0
2026-01-24T13:59:24.857962,-28.52188301,-38.49153519,-4.800043106,0.008159627,-0.009061777,-2.107632237,-0.341492414,-0.482003897,0.020512056,0.002122146,-0.964866161,6.38E-05,-0.029780209,-3.82E-05,-9.485859871,0.002122146,-0.964866161,6.38E-05,128.503067,0,-1.16472255,-2.024320883,0.081931765,0.934765551,1,0.3,0,0,applied,clear_constant_wind,1.225,0
2026-01-24T13:59:24.967148,-28.54885101,-38.53019714,-4.800100803,0.008550874,-0.085783617,-2.108272336,-0.355964333,-0.519927263,-0.043283742,0.002508854,-0.729778886,7.78E-05,-0.027064912,-8.45E-05,-11.18042183,0.002508854,-0.729778886,7.78E-05,128.4212036,8.305454914,-1.16477422,-2.024278172,0.08206317,0.934762898,1,0.3,0,0,applied,clear_constant_wind,1.225,0
2026-01-24T13:59:25.073808,-28.57810593,-38.57381058,-4.807244301,0.008485802,-0.12948924,-2.108643646,-0.397154689,-0.603387594,-0.134153575,-0.003497642,-0.397088468,5.29E-05,-0.01618728,0.000109076,-10.79865837,-0.003497642,-0.397088468,5.29E-05,128.2469025,8.305454914,-1.16488443,-2.024168773,0.082791228,0.934757238,1,0.3,0,0,applied,clear_constant_wind,1.225,0
2026-01-24T13:59:25.182135,-28.61518288,-38.63119888,-4.821467876,0.008062061,-0.152222575,-2.108831072,-0.456474811,-0.717598379,-0.183642611,-0.006319711,-0.149514541,2.80E-05,-0.008951593,0.000192761,-10.19624519,-0.006319711,-0.149514541,2.80E-05,128.1333466,8.305454914,-1.165098696,-2.023957751,0.084147689,0.934746236,1,0.3,0,0,applied,clear_constant_wind,1.225,0
2026-01-24T13:59:25.291598,-28.66392136,-38.70894241,-4.840096474,0.007363328,-0.158414082,-2.108878412,-0.528282881,-0.852809846,-0.185759813,-0.007620294,0.007900074,1.55E-05,-0.005806901,0.00022316,-9.766917229,-0.007620294,0.007900074,1.55E-05,127.6843796,7.704380573,-1.165471608,-2.02361245,0.08593962,0.934727086,1,0.3,0,0,applied,clear_constant_wind,1.225,0
2026-01-24T13:59:25.400512,-28.70381546,-38.77381134,-4.852861404,0.006788371,-0.155333057,-2.10885572,-0.57968688,-0.948584616,-0.166968167,-0.007851902,0.072409168,1.36E-05,-0.005402263,0.000226259,-9.600955009,-0.007851902,0.072409168,1.36E-05,128.3683929,7.653501531,-1.165830595,-2.023297992,0.08721182,0.934708651,1,0.3,0,0,applied,clear_constant_wind,1.225,0
2026-01-24T13:59:25.507950,-28.75113106,-38.85171127,-4.864801884,0.006152256,-0.147961443,-2.108806669,-0.633077741,-1.047491789,-0.138446093,-0.007842487,0.112521537,1.49E-05,-0.005990261,0.000224233,-9.526268959,-0.007842487,0.112521537,1.49E-05,128.1755981,7.653501531,-1.166301643,-2.022902197,0.088465768,0.934684461,1,0.3,0,0,applied,clear_constant_wind,1.225,0
2026-01-24T13:59:25.617034,-28.80044556,-38.9336586,-4.874067783,0.005548851,-0.13870348,-2.108750785,-0.681459725,-1.136745095,-0.108615652,-0.007562032,0.131940797,1.72E-05,-0.007175304,0.00021553,-9.506378174,-0.007562032,0.131940797,1.72E-05,127.9220657,7.709166577,-1.166830618,-2.022472368,0.08951792,0.934657296,1,0.3,0,0,applied,clear_constant_wind,1.225,0
2026-01-24T13:59:25.724756,-28.85982895,-39.03308487,-4.881817341,0.004902663,-0.127217741,-2.108688589,-0.731777906,-1.229256988,-0.076365665,-0.007205462,0.139625117,1.94E-05,-0.008913929,0.000205755,-9.521226883,-0.007205462,0.139625117,1.94E-05,128.6324768,7.709166577,-1.167507309,-2.021937213,0.090510797,0.934622543,1,0.3,0,0,applied,clear_constant_wind,1.225,0
2026-01-24T13:59:25.836104,-28.93734741,-39.16374207,-4.887779236,0.004170549,-0.113019226,-2.108621414,-0.787139595,-1.330698609,-0.041642781,-0.006539133,0.137207955,2.08E-05,-0.011304686,0.000188529,-9.560372353,-0.006539133,0.137207955,2.08E-05,128.6007843,7.709166577,-1.16844006,-2.021216643,0.091471705,0.934574638,1,0.3,0,0,applied,clear_constant_wind,1.225,0
2026-01-24T13:59:25.945876,-29.00025558,-39.270298,-4.890114307,0.003647482,-0.102555839,-2.108578494,-0.825250983,-1.400313258,-0.018863603,-0.006101503,0.130582631,2.10E-05,-0.013192138,0.000175118,-9.59035778,-0.006101503,0.130582631,2.10E-05,128.2469025,7.840421313,-1.169229207,-2.020616869,0.092048926,0.934534106,1,0.3,0,0,applied,clear_constant_wind,1.225,0
2026-01-24T13:59:26.053842,-29.06341553,-39.37763214,-4.890810966,0.00317618,-0.09306548,-2.108543853,-0.858599424,-1.461046696,-0.000246714,-0.005633704,0.12222895,2.05E-05,-0.01497847,0.000162482,-9.621738434,-0.005633704,0.12222895,2.05E-05,128.1412659,7.996192888,-1.170045034,-2.020003054,0.092494646,0.934492203,1,0.3,0,0,applied,clear_constant_wind,1.225,0
2026-01-24T13:59:26.163969,-29.13162804,-39.49385452,-4.890175819,0.002723315,-0.083901119,-2.108515489,-0.890044868,-1.5181216,0.016013274,-0.005189476,0.112609319,1.93E-05,-0.016764356,0.000150084,-9.651670456,-0.005189476,0.112609319,1.93E-05,128.2944336,7.996192888,-1.170948332,-2.019328471,0.09286297,0.934445804,1,0.3,0,0,applied,clear_constant_wind,1.225,0
2026-01-24T13:59:26.271686,-29.20217896,-39.61431122,-4.888383389,0.002304478,-0.075499137,-2.108492558,-0.918417335,-1.569415689,0.02952306,-0.004747652,0.102764897,1.78E-05,-0.018450381,0.000137508,-9.677400589,-0.004747652,0.102764897,1.78E-05,127.9062195,8.172676743,-1.171903271,-2.018619241,0.093151049,0.93439675,1,0.3,0,0,applied,clear_constant_wind,1.225,0
2026-01-24T13:59:26.380873,-29.29472351,-39.77259827,-4.884750366,0.001825966,-0.065928456,-2.10847116,-0.950393498,-1.626920342,0.043254431,-0.004277509,0.090632573,1.57E-05,-0.02042345,0.000125587,-9.705472946,-0.004277509,0.090632573,1.57E-05,128.2125702,8.172676743,-1.173183074,-2.017672835,0.093423563,0.934331004,1,0.3,0,0,applied,clear_constant_wind,1.225,0
2026-01-24T13:59:26.491926,-29.37850761,-39.91610718,-4.880550861,0.0014399,-0.058479059,-2.108457663,-0.975131392,-1.671113372,0.05291095,-0.003981523,0.080664247,1.37E-05,-0.022047745,0.000116408,-9.724580765,-0.003986348,0.08033479,1.36E-05,128.2970734,8.172676743,-1.174365357,-2.016801123,0.09359501,0.934270264,1,0.3,0,0,applied,clear_constant_wind,1.225,0
2026-01-24T13:59:26.601298,-29.45535469,-40.04784393,-4.876140594,0.001120043,-0.052510268,-2.108449017,-0.994925916,-1.706221461,0.059947975,-0.00337889,0.07240729,1.20E-05,-0.023278924,9.85E-05,-9.737873077,-0.00337889,0.07240729,1.20E-05,128.4925079,8.272376247,-1.175466892,-2.015990251,0.093705698,0.934213668,1,0.3,0,0,applied,clear_constant_wind,1.225,0
2026-01-24T13:59:26.710692,-29.5336628,-40.18216324,-4.87123251,0.000825095,-0.047158229,-2.108442771,-1.012702942,-1.737489939,0.065731898,-0.003154992,0.064842254,1.05E-05,-0.024445221,9.16E-05,-9.749810219,-0.003154992,0.064842254,1.05E-05,128.2020111,8.383311731,-1.176605,-2.015153169,0.093783686,0.934155191,1,0.3,0,0,applied,clear_constant_wind,1.225,0
2026-01-24T13:59:26.820230,-29.61328125,-40.31879807,-4.865913391,0.000553318,-0.042369094,-2.108438767,-1.028671026,-1.765303016,0.070484959,-0.002853181,0.05796507,9.03E-06,-0.025540149,8.41E-05,-9.759882927,-0.002891494,0.057714324,8.97E-06,128.2310638,8.383311731,-1.177777863,-2.014290834,0.093835087,0.934094923,1,0.3,0,0,applied,clear_constant_wind,1.225,0
2026-01-24T13:59:26.925964,-29.70348167,-40.47360229,-4.859586239,0.000282905,-0.037627679,-2.108436275,-1.044577718,-1.792681456,0.074802034,-0.002590992,0.05107294,7.54E-06,-0.026559172,7.55E-05,-9.76830864,-0.002590992,0.05107294,7.54E-06,127.9722443,8.383311731,-1.179122787,-2.013301939,0.093867363,0.934025809,1,0.3,0,0,applied,clear_constant_wind,1.225,0
2026-01-24T13:59:27.037072,-29.80451965,-40.64699936,-4.852214813,9.43E-06,-0.033049368,-2.108435404,-1.060077667,-1.818944812,0.078614533,-0.002339903,0.044363931,6.15E-06,-0.027590541,6.96E-05,-9.775952339,-0.002339903,0.044363931,6.15E-06,128.2020111,8.468020134,-1.180649097,-2.01217918,0.093878627,0.933947368,1,0.3,0,0,applied,clear_constant_wind,1.225,0
2026-01-24T13:59:27.147269,-29.88764954,-40.78961945,-4.845981598,-0.000195074,-0.029776717,-2.10843528,-1.0712744,-1.837593317,0.081126601,-0.001904102,0.039527617,5.21E-06,-0.028361078,5.68E-05,-9.781014442,-0.00197013,0.039352313,5.17E-06,128.2363434,8.468020134,-1.181919099,-2.011244313,0.093872772,0.933882095,1,0.3,0,0,applied,clear_constant_wind,1.225,0
2026-01-24T13:59:27.255835,-29.97161102,-40.93361664,-4.839570045,-0.000384403,-0.026860836,-2.108435462,-1.081371307,-1.8541013,0.083215408,-0.001742562,0.035203576,4.40E-06,-0.029000575,5.05E-05,-9.784934998,-0.001742562,0.035203576,4.40E-06,128.2970734,8.51703485,-1.183214586,-2.010289908,0.093856157,0.933815506,1,0.3,0,0,applied,clear_constant_wind,1.225,0
2026-01-24T13:59:27.363875,-30.05304909,-41.07321548,-4.833263874,-0.00055485,-0.024357967,-2.10843608,-1.09015727,-1.868169069,0.084896326,-0.001550749,0.031483114,3.72E-06,-0.029575491,4.48E-05,-9.788180351,-0.001550749,0.031483114,3.72E-06,128.3367004,8.56494457,-1.184482569,-2.0093549,0.093831701,0.933750327,1,0.3,0,0,applied,clear_constant_wind,1.225,0
2026-01-24T13:59:27.470280,-30.14171219,-41.22509003,-4.826323509,-0.000719858,-0.021951354,-2.108436951,-1.098745465,-1.881586909,0.08641798,-0.001482269,0.027893996,3.09E-06,-0.030130967,4.28E-05,-9.791044235,-0.001482269,0.027893996,3.09E-06,127.919426,8.56494457,-1.185874696,-2.008327264,0.093797585,0.933678761,1,0.3,0,0,applied,clear_constant_wind,1.225,0
2026-01-24T13:59:27.580321,-30.25428581,-41.41778564,-4.817426205,-0.000901796,-0.019307365,-2.108438561,-1.108389974,-1.896171331,0.087987654,-0.001134534,0.023946276,2.42E-06,-0.030743672,3.48E-05,-9.793876648,-0.001134534,0.023946276,2.42E-06,127.9669647,8.56494457,-1.18766125,-2.007006681,0.093745345,0.933586911,1,0.3,0,0,applied,clear_constant_wind,1.225,0
2026-01-24T13:59:27.688428,-30.34100151,-41.56607437,-4.810524464,-0.001034721,-0.017539194,-2.108439775,-1.114989519,-1.905798078,0.088964745,-0.001056119,0.021306211,2.01E-06,-0.03115451,2.96E-05,-9.795826912,-0.001056119,0.021306211,2.01E-06,128.378952,8.573573965,-1.189050349,-2.005978425,0.093699604,0.933515488,1,0.3,0,0,applied,clear_constant_wind,1.225,0
2026-01-24T13:59:27.797401,-30.42821121,-41.715065,-4.803551197,-0.00116039,-0.015965679,-2.108441155,-1.121008158,-1.914254069,0.089795217,-0.000968911,0.018952135,1.67E-06,-0.031520806,2.76E-05,-9.797317505,-0.000968911,0.018952135,1.67E-06,128.225769,8.573573965,-1.190458195,-2.004934943,0.093649567,0.933443096,1,0.3,0,0,applied,clear_constant_wind,1.225,0
2026-01-24T13:59:27.906057,-30.51586342,-41.86467743,-4.796519756,-0.00127453,-0.0145655,-2.108442408,-1.126511574,-1.921666861,0.090501085,-0.000802092,0.016857181,1.40E-06,-0.031847186,2.27E-05,-9.798592567,-0.000802092,0.016857181,1.40E-06,128.0858002,0,-1.191884758,-2.003876155,0.093596062,0.933369736,1,0.3,0,0,applied,clear_constant_wind,1.225,0
2026-01-24T13:59:28.013990,-30.60053635,-42.00904465,-4.789709568,-0.001377249,-0.013364603,-2.108443858,-1.131371737,-1.927915931,0.091079928,-0.00062678,0.015060171,1.17E-06,-0.032127198,1.76E-05,-9.799653053,-0.00062678,0.015060171,1.17E-06,128.0329895,8.589479917,-1.193272575,-2.002844726,0.09354154,0.933298362,1,0.3,0,0,applied,clear_constant_wind,1.225,0
2026-01-24T13:59:28.121815,-30.71284103,-42.20027161,-4.780659676,-0.001487906,-0.011973992,-2.108444999,-1.137218475,-1.934999347,0.09173122,-0.000630572,0.012978309,8.99E-07,-0.032451808,1.97E-05,-9.800606728,-0.000630572,0.012978309,8.99E-07,128.3076477,8.589479917,-1.195127856,-2.001463678,0.093465719,0.933202939,1,0.3,0,0,applied,clear_constant_wind,1.225,0
2026-01-24T13:59:28.231263,-30.81198311,-42.36885452,-4.772657871,-0.001583079,-0.010909653,-2.108447185,-1.141885042,-1.940265179,0.092195116,-0.00070248,0.01139509,7.23E-07,-0.032699525,2.00E-05,-9.801555634,-0.00070248,0.01139509,7.23E-07,128.3340607,8.589479917,-1.196780112,-2.000231618,0.093395777,0.93311795,1,0.3,0,0,applied,clear_constant_wind,1.225,0
2026-01-24T13:59:28.341145,-30.90120506,-42.52036285,-4.765452862,-0.001668041,-0.010065667,-2.108447768,-1.145746708,-1.94431293,0.09254653,-0.000364795,0.010127652,5.96E-07,-0.0328958,9.87E-06,-9.802278519,-0.000364795,0.010127652,5.96E-07,128.3763123,8.582169469,-1.19827786,-1.999113002,0.093330911,0.933040902,1,0.3,0,0,applied,clear_constant_wind,1.225,0
2026-01-24T13:59:28.451767,-30.99071503,-42.67215729,-4.758222103,-0.001745816,-0.009314647,-2.108448363,-1.149342775,-1.947793245,0.092848577,-0.000324881,0.009003103,5.02E-07,-0.033070039,8.51E-06,-9.802803993,-0.000324881,0.009003103,5.02E-07,127.982811,8.562468399,-1.199790611,-1.997981466,0.093264062,0.932963076,1,0.3,0,0,applied,clear_constant_wind,1.225,0
2026-01-24T13:59:28.561425,-31.08049965,-42.82420731,-4.75096941,-0.001817744,-0.008646269,-2.108448782,-1.152704597,-1.950767875,0.093107469,-0.00024667,0.008003694,4.19E-07,-0.033230178,8.24E-06,-9.803261757,-0.000311972,0.007968434,4.15E-07,127.9590378,8.562468399,-1.201318129,-1.99683712,0.093195443,0.932884484,1,0.3,0,0,applied,clear_constant_wind,1.225,0
2026-01-24T13:59:28.667222,-31.18094254,-42.99404907,-4.74285841,-0.001883554,-0.007987902,-2.10845013,-1.156208754,-1.953557968,0.09335687,-0.000247415,0.00701938,3.38E-07,-0.033376403,6.56E-06,-9.803661346,-0.000247415,0.00701938,3.38E-07,128.2416229,8.550406488,-1.203038802,-1.995545937,0.093116987,0.932795945,1,0.3,0,0,applied,clear_constant_wind,1.225,0
2026-01-24T13:59:28.780147,-31.29559326,-43.18758774,-4.733603477,-0.001955699,-0.007335466,-2.108452302,-1.159923553,-1.95613575,0.093591809,-0.000169535,0.006053806,2.54E-07,-0.033529822,3.58E-06,-9.803970337,-6.73E-05,0.006022543,2.54E-07,127.9960098,8.550406488,-1.205018692,-1.994057433,0.093025215,0.932694058,1,0.3,0,0,applied,clear_constant_wind,1.225,0
2026-01-24T13:59:28.889450,-31.38618088,-43.34023666,-4.726298332,-0.002011949,-0.006883904,-2.108453544,-1.162668347,-1.957776785,0.0937327,7.39E-05,0.005375957,2.13E-07,-0.03362824,-3.61E-06,-9.804576874,7.39E-05,0.005375957,2.13E-07,128.064682,8.550406488,-1.20659411,-1.99287085,0.092951407,0.932612977,1,0.3,0,0,applied,clear_constant_wind,1.225,0
2026-01-24T13:59:28.998394,-31.47697258,-43.49300003,-4.71898365,-0.002069754,-0.006481671,-2.108453871,-1.165281892,-1.959107876,0.093853272,-6.86E-05,0.004782744,1.82E-07,-0.033718701,8.29E-07,-9.804780006,-6.86E-05,0.004782744,1.82E-07,128.2812347,8.521561326,-1.208183517,-1.991671777,0.092876328,0.93253117,1,0.3,0,0,applied,clear_constant_wind,1.225,0
2026-01-24T13:59:29.107575,-31.56446075,-43.63996506,-4.711938381,-0.002123208,-0.006136298,-2.108454148,-1.167685628,-1.960125923,0.093950108,8.29E-05,0.004267854,1.60E-07,-0.033798747,-1.56E-06,-9.805008888,1.90E-05,0.004247316,1.58E-07,127.9167862,8.490463093,-1.209724058,-1.990507715,0.092802512,0.93245187,1,0.3,0,0,applied,clear_constant_wind,1.225,0
2026-01-24T13:59:29.216908,-31.65914345,-43.79878616,-4.704326153,-0.002168522,-0.005804897,-2.10845441,-1.170174956,-1.960969687,0.094040297,0.000109539,0.003769882,1.32E-07,-0.033869345,-4.23E-06,-9.805199623,0.000109539,0.003769882,1.32E-07,127.8190689,8.490463093,-1.211403118,-1.989236851,0.092721977,0.932365433,1,0.3,0,0,applied,clear_constant_wind,1.225,0
2026-01-24T13:59:29.325168,-31.77513885,-43.9929657,-4.695010662,-0.002215273,-0.005451136,-2.108454705,-1.173084617,-1.961682081,0.094132595,2.04E-05,0.003254356,1.01E-07,-0.033946455,5.86E-07,-9.805239677,2.04E-05,0.003254356,1.01E-07,127.8349152,8.490463093,-1.213473937,-1.98766645,0.092621413,0.932258817,1,0.3,0,0,applied,clear_constant_wind,1.225,0
2026-01-24T13:59:29.437179,-31.87730598,-44.16366196,-4.686823368,-0.002261151,-0.005178764,-2.108454917,-1.175535202,-1.962055445,0.094178632,-0.0001183,0.002860485,8.76E-08,-0.034004536,2.77E-06,-9.805575371,-0.0001183,0.002860485,8.76E-08,128.0778809,8.476904529,-1.21531186,-1.986269819,0.092532003,0.932164182,1,0.3,0,0,applied,clear_constant_wind,1.225,0
2026-01-24T13:59:29.544966,-31.96554947,-44.3108139,-4.679754257,-0.002307085,-0.004969514,-2.108455114,-1.177582741,-1.962206841,0.0942045,0.000259579,0.002545562,8.95E-08,-0.034050222,-6.91E-06,-9.8058424,0.000201686,0.00253213,8.85E-08,127.9511185,8.476904529,-1.216908598,-1.985054349,0.092452899,0.932081957,1,0.3,0,0,applied,clear_constant_wind,1.225,0
2026-01-24T13:59:29.653831,-32.05748367,-44.46385193,-4.672402382,-0.002345297,-0.004775781,-2.108455243,-1.179659247,-1.96221292,0.094225757,0.00029495,0.002256186,7.48E-08,-0.034088515,-9.69E-06,-9.805959702,0.00029495,0.002256186,7.48E-08,128.0937347,8.443450536,-1.218581871,-1.983778449,0.092369736,0.931995783,1,0.3,0,0,applied,clear_constant_wind,1.225,0
2026-01-24T13:59:29.764063,-32.14957809,-44.61688995,-4.665050507,-0.002383768,-0.00460271,-2.10845529,-1.181689024,-1.96208024,0.094234519,0.000226828,0.002002505,6.83E-08,-0.034123328,-7.93E-06,-9.80605793,0.000226828,0.002002505,6.83E-08,128.1967316,8.41251082,-1.220268626,-1.982490017,0.092285629,0.931908908,1,0.3,0,0,applied,clear_constant_wind,1.225,0
2026-01-24T13:59:29.872822,-32.25603867,-44.79347229,-4.656567574,-0.002418936,-0.004427078,-2.108455482,-1.183980703,-1.961773276,0.094241038,5.78E-05,0.001750274,5.88E-08,-0.034157649,-1.74E-06,-9.806024551,5.78E-05,0.001750274,5.88E-08,127.856041,8.41251082,-1.222232144,-1.980987326,0.092187377,0.931807767,1,0.3,0,0,applied,clear_constant_wind,1.225,0
2026-01-24T13:59:29.980363,-32.36981964,-44.98181152,-4.647519112,-0.002455295,-0.004263142,-2.108455699,-1.186371684,-1.961288214,0.094233021,0.000116164,0.001516914,4.84E-08,-0.034188259,-2.39E-06,-9.806081772,0.000116164,0.001516914,4.84E-08,127.9722443,8.41251082,-1.224347425,-1.979365053,0.092081038,0.931698796,1,0.3,0,0,applied,clear_constant_wind,1.225,0
2026-01-24T13:59:30.091347,-32.4588623,-45.1288681,-4.640450001,-0.00249012,-0.004148521,-2.108455719,-1.188204169,-1.960810661,0.094205916,0.000511043,0.001347568,4.57E-08,-0.034209646,-1.40E-05,-9.806474686,0.000428534,0.00133909,4.59E-08,127.9854507,8.400434628,-1.226012153,-1.978085827,0.091996575,0.931613028,1,0.3,0,0,applied,clear_constant_wind,1.225,0
2026-01-24T13:59:30.199102,-32.5516243,-45.28180695,-4.633098125,-0.002522262,-0.004042228,-2.108455755,-1.190089345,-1.960226297,0.094178401,0.000384875,0.001192612,3.26E-08,-0.034227014,-1.25E-05,-9.806510925,0.000384875,0.001192612,3.26E-08,127.6077957,8.400434628,-1.227758051,-1.976741842,0.091907701,0.931523068,1,0.3,0,0,applied,clear_constant_wind,1.225,0
2026-01-24T13:59:30.309326,-32.64451981,-45.43466949,-4.62575531,-0.002555916,-0.003946869,-2.108455925,-1.191957235,-1.959560752,0.094143614,0.0003165,0.001055397,1.62E-08,-0.034242406,-1.06E-05,-9.806548119,0.0003165,0.001055397,1.62E-08,127.982811,8.375579733,-1.229516947,-1.975385351,0.091818441,0.931432431,1,0.3,0,0,applied,clear_constant_wind,1.225,0
2026-01-24T13:59:30.416831,-32.74115372,-45.5933876,-4.618133545,-0.002587015,-0.003858687,-2.108455985,-1.193882227,-1.95879209,0.094104648,0.000272881,0.000931914,2.06E-08,-0.034255669,-9.14E-06,-9.806566238,0.000272881,0.000931914,2.06E-08,127.8798141,8.34783684,-1.231358993,-1.973962051,0.091724889,0.931337499,1,0.3,0,0,applied,clear_constant_wind,1.225,0
2026-01-24T13:59:30.526708,-32.86305618,-45.79312515,-4.608535767,-0.002615608,-0.00376245,-2.108456052,-1.196288228,-1.957724452,0.094060533,0.000456103,0.000793192,1.21E-08,-0.03426889,-1.16E-05,-9.806376457,0.000456103,0.000793192,1.21E-08,127.9088593,8.34783684,-1.233698221,-1.972150683,0.091604862,0.93121693,1,0.3,0,0,applied,clear_constant_wind,1.225,0
2026-01-24T13:59:30.636183,-32.96003342,-45.95166016,-4.600919724,-0.002644758,-0.003693292,-2.108456011,-1.198180199,-1.956811666,0.093996383,0.000257131,0.000704864,1.44E-08,-0.034277018,-9.43E-06,-9.806774139,0.000257131,0.000704864,1.44E-08,128.4264832,8.34783684,-1.235573005,-1.970695752,0.091508465,0.931120288,1,0.3,0,0,applied,clear_constant_wind,1.225,0
2026-01-24T13:59:30.744955,-33.04996109,-46.0983963,-4.593874454,-0.002680241,-0.00363518,-2.108456093,-1.199928164,-1.955913782,0.093937211,0.00042165,0.000625665,8.43E-09,-0.034282859,-1.33E-05,-9.806879044,0.00042165,0.000625665,8.43E-09,128.1042938,8.331856,-1.237323406,-1.969334758,0.091418593,0.931030049,1,0.3,0,0,applied,clear_constant_wind,1.225,0
2026-01-24T13:59:30.855127,-33.14363098,-46.25093079,-4.586547375,-0.002709621,-0.003581274,-2.108456064,-1.20174551,-1.954929948,0.093877107,0.000404769,0.000545994,7.72E-09,-0.03428771,-1.32E-05,-9.806837082,0.000404769,0.000545994,7.72E-09,127.9986572,8.299439711,-1.23915756,-1.967905992,0.091323675,0.930935483,1,0.3,0,0,applied,clear_constant_wind,1.225,0
2026-01-24T13:59:30.962964,-33.23743439,-46.40337372,-4.579228401,-0.002738064,-0.003532778,-2.10845616,-1.203562021,-1.953900695,0.093813203,0.00042604,0.000479243,5.20E-09,-0.034290984,-1.38E-05,-9.806887627,0.00042604,0.000479243,5.20E-09,127.9880905,8.299439711,-1.241006016,-1.966463296,0.091228085,0.93084017,1,0.3,0,0,applied,clear_constant_wind,1.225,0
2026-01-24T13:59:31.072969,-33.35309219,-46.59088898,-4.570225716,-0.002760468,-0.003481336,-2.10845614,-1.205796242,-1.952578783,0.093742348,0.000271531,0.00041972,-1.65E-09,-0.034292895,-7.09E-06,-9.806684494,0.000271531,0.00041972,-1.65E-09,128.0752411,8.299439711,-1.243300531,-1.964668582,0.091108926,0.930721843,1,0.3,0,0,applied,clear_constant_wind,1.225,0
2026-01-24T13:59:31.183278,-33.45808792,-46.76071167,-4.562075138,-0.002788508,-0.003438308,-2.108456121,-1.207817912,-1.95133543,0.093656875,0.000152633,0.000371205,5.09E-09,-0.034293268,-3.78E-06,-9.806839943,0.000124172,0.000371589,3.51E-09,127.5734634,8.281975954,-1.245399633,-1.963022929,0.09099974,0.93061358,1,0.3,0,0,applied,clear_constant_wind,1.225,0
2026-01-24T13:59:31.291390,-33.55599594,-46.91872406,-4.554491997,-0.00281541,-0.003402162,-2.108456226,-1.209700584,-1.950142622,0.093577102,0.000547173,0.000310759,7.95E-09,-0.034293193,-1.73E-05,-9.807056427,0.000547173,0.000310759,7.95E-09,127.6711807,8.281975954,-1.247371281,-1.961473906,0.09089683,0.930511879,1,0.3,0,0,applied,clear_constant_wind,1.225,0
2026-01-24T13:59:31.398530,-33.64315796,-47.05909348,-4.547757626,-0.002849952,-0.003371444,-2.108456208,-1.211380005,-1.94905138,0.093496412,0.000592801,0.000284551,6.77E-09,-0.034291666,-1.65E-05,-9.807138443,0.000515752,0.000277879,7.51E-09,128.1201324,8.256021519,-1.249137222,-1.960083774,0.09080454,0.930420779,1,0.3,0,0,applied,clear_constant_wind,1.225,0
2026-01-24T13:59:31.508463,-33.73772049,-47.21107483,-4.540467739,-0.002875792,-0.003342416,-2.108456196,-1.213208318,-1.947837353,0.093417183,0.000549847,0.000236514,4.71E-09,-0.034289777,-1.74E-05,-9.807091713,0.000549847,0.000236514,4.71E-09,128.3630981,8.230694092,-1.251065531,-1.958562887,0.090703572,0.930321293,1,0.3,0,0,applied,clear_constant_wind,1.225,0
2026-01-24T13:59:31.616915,-33.84700394,-47.38632202,-4.532065392,-0.002900498,-0.003312938,-2.108456186,-1.215327263,-1.946400404,0.093327656,0.000200562,0.00021323,9.72E-09,-0.034286052,-6.00E-06,-9.806921005,0.000200562,0.00021323,9.72E-09,127.6923065,8.230694092,-1.253310675,-1.956788219,0.090585943,0.930205448,1,0.3,0,0,applied,clear_constant_wind,1.225,0
2026-01-24T13:59:31.727545,-33.96743393,-47.57894516,-4.522828579,-0.002927813,-0.003283653,-2.108456177,-1.21766758,-1.944780707,0.09322539,0.000367156,0.000182279,1.72E-08,-0.034281053,-9.20E-06,-9.806847572,0.000367156,0.000182279,1.72E-08,128.2495422,8.230694092,-1.255805409,-1.954811379,0.090454425,0.930076707,1,0.3,0,0,applied,clear_constant_wind,1.225,0
2026-01-24T13:59:31.835302,-34.05883026,-47.72476196,-4.51584053,-0.002958038,-0.003261233,-2.108456167,-1.219442964,-1.943532467,0.09312591,0.000734626,0.000155603,1.22E-08,-0.034276925,-2.29E-05,-9.80735302,0.000734626,0.000155603,1.22E-08,127.5470505,8.217115382,-1.25771227,-1.953296866,0.090353962,0.929978291,1,0.3,0,0,applied,clear_constant_wind,1.225,0
2026-01-24T13:59:31.946479,-34.15401459,-47.87630844,-4.508580685,-0.002989976,-0.003239987,-2.108456158,-1.221304655,-1.942205548,0.093029261,0.00041468,0.000131257,9.08E-09,-0.034272097,-1.39E-05,-9.807196617,0.00041468,0.000131257,9.08E-09,127.9537582,8.217115382,-1.259712372,-1.951705029,0.09024852,0.929875052,1,0.3,0,0,applied,clear_constant_wind,1.225,0
2026-01-24T13:59:32.054287,-34.24935913,-48.02774811,-4.501327991,-0.003021768,-0.003220397,-2.10845615,-1.223179698,-1.940852284,0.092934132,0.000462017,0.000111069,6.56E-09,-0.034266658,-1.49E-05,-9.807214737,0.000462017,0.000111069,6.56E-09,127.874527,8.194678843,-1.261728127,-1.950097348,0.090142048,0.929770993,1,0.3,0,0,applied,clear_constant_wind,1.225,0
2026-01-24T13:59:32.162998,-34.34483719,-48.17908096,-4.494083405,-0.003051154,-0.003202233,-2.108456022,-1.225067496,-1.939475536,0.092837259,0.000502084,9.09E-05,9.84E-09,-0.03426075,-1.62E-05,-9.807228088,0.000502084,9.09E-05,9.84E-09,127.7160721,8.17011994,-1.263762075,-1.948471696,0.090034562,0.929665983,1,0.3,0,0,applied,clear_constant_wind,1.225,0
2026-01-24T13:59:32.274071,-34.46992493,-48.3768158,-4.484620571,-0.003075523,-0.003182945,-2.108456018,-1.227555633,-1.937640309,0.092727169,0.000611664,7.20E-05,7.30E-09,-0.034252182,-1.58E-05,-9.806867599,0.000611664,7.20E-05,7.30E-09,127.7873764,8.17011994,-1.266447666,-1.946319881,0.089892334,0.929527312,1,0.3,0,0,applied,clear_constant_wind,1.225,0
2026-01-24T13:59:32.384851,-34.56944275,-48.53371048,-4.477114677,-0.003103498,-0.003166072,-2.108456014,-1.229537725,-1.936164856,0.092609018,0.000361489,6.76E-05,1.37E-08,-0.03424494,-1.28E-05,-9.807301521,0.000361489,6.76E-05,1.37E-08,127.8877335,8.17011994,-1.268602181,-1.944589189,0.089777982,0.929416048,1,0.3,0,0,applied,clear_constant_wind,1.225,0
2026-01-24T13:59:32.497403,-34.66541672,-48.68468475,-4.46989584,-0.003138993,-0.003150359,-2.108456009,-1.231461763,-1.934721351,0.092501223,0.00046042,5.28E-05,1.43E-08,-0.034237675,-1.48E-05,-9.807324409,0.00046042,5.28E-05,1.43E-08,127.5576172,8.156802391,-1.270696629,-1.942902971,0.089666852,0.929307873,1,0.3,0,0,applied,clear_constant_wind,1.225,0
2026-01-24T13:59:32.605323,-34.76525879,-48.8413353,-4.462408066,-0.003169497,-0.003135602,-2.108456006,-1.233476877,-1.933198214,0.092393033,0.0004143,3.87E-05,1.29E-08,-0.034229863,-1.36E-05,-9.807258606,0.0004143,3.87E-05,1.29E-08,127.6447678,8.156802391,-1.272889218,-1.941133755,0.089550295,0.929194616,1,0.3,0,0,applied,clear_constant_wind,1.225,0
2026-01-24T13:59:32.713933,-34.85783768,-48.9862709,-4.455482006,-0.003203078,-0.003121691,-2.108456002,-1.235356569,-1.931768656,0.092286728,0.000622046,3.19E-05,8.72E-09,-0.034222014,-1.95E-05,-9.807402611,0.000622046,3.19E-05,8.72E-09,127.7451248,8.13497808,-1.274938633,-1.939476369,0.089441121,0.929088742,1,0.3,0,0,applied,clear_constant_wind,1.225,0
2026-01-24T13:59:32.823989,-34.97283936,-49.16584396,-4.446905613,-0.003227615,-0.003108194,-2.108456002,-1.237707496,-1.929968715,0.09216994,0.0002617,2.67E-05,3.75E-09,-0.034212045,-7.16E-06,-9.807073593,0.0002617,2.67E-05,3.75E-09,127.6632538,8.13497808,-1.277504242,-1.937396469,0.089304455,0.928956185,1,0.3,0,0,applied,clear_constant_wind,1.225,0
2026-01-24T13:59:32.932305,-35.08434296,-49.33947372,-4.438617229,-0.003258786,-0.003094045,-2.10845588,-1.239997983,-1.928204775,0.092041411,0.000189754,3.16E-05,1.12E-08,-0.034201682,-5.62E-06,-9.807173729,0.000189754,3.16E-05,1.12E-08,127.7609711,8.116149399,-1.280014156,-1.935356263,0.08917063,0.928826486,1,0.3,0,0,applied,clear_constant_wind,1.225,0
2026-01-24T13:59:33.039429,-35.17741394,-49.48403168,-4.431718349,-0.003295009,-0.003080832,-2.108455879,-1.241919279,-1.926717639,0.091924071,0.000707715,1.38E-05,1.77E-08,-0.034193147,-1.98E-05,-9.807459831,0.000620443,1.00E-05,1.73E-08,128.0937347,8.116149399,-1.282126005,-1.933635443,0.089057729,0.928717343,1,0.3,0,0,applied,clear_constant_wind,1.225,0
2026-01-24T13:59:33.147522,-35.27436447,-49.63425446,-4.424552441,-0.003325478,-0.00306874,-2.108455879,-1.243935108,-1.925149918,0.091809988,0.000642093,-2.42E-06,1.00E-08,-0.03418418,-1.74E-05,-9.80737114,0.000538527,-4.67E-06,1.04E-08,127.4889526,8.106750294,-1.284342326,-1.931825359,0.088939177,0.928602787,1,0.3,0,0,applied,clear_constant_wind,1.225,0
2026-01-24T13:59:33.256203,-35.36773682,-49.77858734,-4.417670727,-0.003359061,-0.003056921,-2.10845588,-1.245888472,-1.923624754,0.091697268,0.00073011,5.46E-07,1.37E-08,-0.034175031,-2.24E-05,-9.807534218,0.00073011,5.46E-07,1.37E-08,127.6949463,8.106750294,-1.286493264,-1.930064613,0.088824064,0.928491598,1,0.3,0,0,applied,clear_constant_wind,1.225,0
2026-01-24T13:59:33.363103,-35.47997284,-49.95163727,-4.409424782,-0.003387989,-0.003045098,-2.108455761,-1.248256683,-1.921767712,0.091570623,0.000202571,-1.54E-07,1.60E-08,-0.034163795,-6.11E-06,-9.807186127,0.000202571,-1.54E-07,1.60E-08,128.0752411,8.106750294,-1.289101088,-1.927924476,0.08868454,0.928356772,1,0.3,0,0,applied,clear_constant_wind,1.225,0
2026-01-24T13:59:33.473284,-35.59992981,-50.1360321,-4.400642872,-0.003422849,-0.003031961,-2.108455764,-1.250805497,-1.919760108,0.091430858,0.000308613,7.00E-06,1.45E-08,-0.034150973,-7.72E-06,-9.807125092,0.000308613,7.00E-06,1.45E-08,127.7319183,8.090038718,-1.291914151,-1.925609278,0.088533859,0.928211313,1,0.3,0,0,applied,clear_constant_wind,1.225,0
2026-01-24T13:59:33.581792,-35.69381714,-50.27996445,-4.393789768,-0.003460468,-0.003019251,-2.108455768,-1.252808809,-1.918175817,0.091301538,0.00081365,-9.84E-06,2.22E-08,-0.034141432,-2.53E-05,-9.807652473,0.00081365,-9.84E-06,2.22E-08,127.5628967,8.075275282,-1.294136073,-1.92377573,0.088414489,0.928096405,1,0.3,0,0,applied,clear_constant_wind,1.225,0
2026-01-24T13:59:33.694058,-35.79538727,-50.43526459,-4.386399746,-0.003497557,-0.003007004,-2.108455652,-1.254997134,-1.916438818,0.091171943,0.000354234,-1.79E-05,6.75E-09,-0.034130741,-1.22E-05,-9.807408333,0.000354234,-1.79E-05,6.75E-09,127.8111496,8.075275282,-1.296558445,-1.92177184,0.088284362,0.927971114,1,0.3,0,0,applied,clear_constant_wind,1.225,0
2026-01-24T13:59:33.802933,-35.8895874,-50.57893753,-4.379566193,-0.003539309,-0.00299467,-2.108455658,-1.257042646,-1.914809942,0.091048308,0.000633435,-1.88E-05,2.08E-09,-0.034119878,-1.74E-05,-9.807497978,0.000541501,-2.18E-05,1.70E-09,127.6711807,8.06784507,-1.298824474,-1.919892619,0.088162534,0.927853895,1,0.3,0,0,applied,clear_constant_wind,1.225,0
2026-01-24T13:59:33.910337,-35.99150085,-50.73397827,-4.372196674,-0.003570504,-0.002983472,-2.108455665,-1.259268641,-1.913030386,0.090922549,0.000596706,-3.47E-05,1.34E-08,-0.034109075,5.45E-05,-9.807458878,0.000596706,-3.47E-05,1.34E-08,127.7820969,8.051560406,-1.301297066,-1.917836928,0.088029681,0.927725973,1,0.3,0,0,applied,clear_constant_wind,1.225,0
2026-01-24T13:59:34.020572,-36.12009048,-50.92898941,-4.362932682,-0.003606377,-0.00297118,-2.108455552,-1.262100816,-1.910757661,0.090774752,0.000641137,-2.70E-05,1.37E-08,-0.034093734,6.27E-05,-9.807057381,0.000641137,-2.70E-05,1.37E-08,127.7953033,8.051560406,-1.304447105,-1.915210186,0.087860278,0.927562978,1,0.3,0,0,applied,clear_constant_wind,1.225,0
2026-01-24T13:59:34.127466,-36.22241592,-51.08369064,-4.355587006,-0.00364525,-0.002957689,-2.108455562,-1.264365196,-1.90893507,0.090623565,0.000366279,-1.93E-05,8.40E-09,-0.03408166,6.99E-05,-9.807559013,0.000366279,-1.93E-05,8.40E-09,127.6289215,8.051560406,-1.306979259,-1.91309231,0.087723844,0.927431933,1,0.3,0,0,applied,clear_constant_wind,1.225,0
2026-01-24T13:59:34.236492,-36.31732941,-51.22679901,-4.348795414,-0.003694394,-0.002944321,-2.108455574,-1.266484499,-1.907224417,0.090488896,0.000578887,-2.23E-05,7.15E-09,-0.034070138,6.92E-05,-9.807650566,0.000578887,-2.23E-05,7.15E-09,127.8217087,8.042284033,-1.309348227,-1.911105754,0.08759613,0.927309317,1,0.3,0,0,applied,clear_constant_wind,1.225,0
2026-01-24T13:59:34.344934,-36.42000961,-51.38121796,-4.341470718,-0.003734739,-0.002931786,-2.108455466,-1.268800378,-1.905349135,0.090352379,0.000421698,-3.47E-05,3.98E-09,-0.034057945,7.81E-05,-9.807470322,0.000421698,-3.47E-05,3.98E-09,127.2935257,8.042284033,-1.311935142,-1.908930708,0.087456565,0.927175402,1,0.3,0,0,applied,clear_constant_wind,1.225,0
2026-01-24T13:59:34.453266,-36.51524734,-51.52404785,-4.334699631,-0.003779473,-0.002918849,-2.10845548,-1.270965219,-1.903591037,0.090218894,0.00067853,-3.35E-05,1.59E-09,-0.034045793,7.54E-05,-9.807652473,0.00067853,-3.35E-05,1.59E-09,127.9088593,8.023599567,-1.314355554,-1.906890224,0.08732594,0.927050089,1,0.3,0,0,applied,clear_constant_wind,1.225,0
2026-01-24T13:59:34.562354,-36.63740158,-51.70668793,-4.326045513,-0.003813943,-0.002906926,-2.108455373,-1.273767233,-1.90130794,0.090069965,0.000314952,-2.88E-05,4.77E-09,-0.034030035,9.48E-05,-9.807195663,0.000314952,-2.88E-05,4.77E-09,127.3780289,8.023599567,-1.317490644,-1.904239419,0.087156478,0.926887748,1,0.3,0,0,applied,clear_constant_wind,1.225,0
2026-01-24T13:59:34.671818,-36.75599289,-51.88341522,-4.317676067,-0.003856846,-0.002892694,-2.108455391,-1.276505589,-1.899069905,0.08990372,0.000135813,-8.17E-06,-3.65E-09,-0.034013983,0.000105433,-9.807327271,0.000135813,-8.17E-06,-3.65E-09,127.4519806,8.004790381,-1.320569363,-1.90162765,0.086989771,0.9267283,1,0.3,0,0,applied,clear_constant_wind,1.225,0
2026-01-24T13:59:34.781770,-36.85181046,-52.02577209,-4.310937881,-0.003906921,-0.002877886,-2.108455291,-1.278733134,-1.897244215,0.089753859,0.000802757,-2.61E-05,3.10E-09,-0.034001365,9.18E-05,-9.807739258,0.000691947,-3.19E-05,2.32E-09,127.7371979,8.004790381,-1.323081996,-1.899489746,0.086853541,0.926598148,1,0.3,0,0,applied,clear_constant_wind,1.225,0
2026-01-24T13:59:34.890340,-36.95164108,-52.1736908,-4.303942204,-0.003951674,-0.002864175,-2.108455312,-1.281076312,-1.895318151,0.089609273,0.000670643,-3.90E-05,6.37E-10,-0.033988524,9.78E-05,-9.807694435,0.000670643,-3.90E-05,6.37E-10,127.2539063,7.995457524,-1.325725413,-1.897234349,0.08671047,0.926461203,1,0.3,0,0,applied,clear_constant_wind,1.225,0
2026-01-24T13:59:34.998372,-37.05166245,-52.32144547,-4.296958447,-0.004001049,-0.002849765,-2.108455216,-1.283446789,-1.893363714,0.089461401,0.000524681,-4.09E-05,1.98E-09,-0.033974275,0.000111802,-9.807575226,0.000388676,-3.88E-05,1.98E-09,127.2935257,7.995457524,-1.328397638,-1.894947889,0.086565762,0.926322744,1,0.3,0,0,applied,clear_constant_wind,1.225,0
2026-01-24T13:59:35.106507,-37.15958023,-52.48040771,-4.289450169,-0.004043221,-0.002836205,-2.108455239,-1.286026955,-1.891230583,0.089311458,0.000508804,-4.78E-05,4.96E-09,-0.033959851,0.000114653,-9.807563782,0.000508804,-4.78E-05,4.96E-09,127.6289215,7.978965511,-1.331312167,-1.892446637,0.086407981,0.926171708,1,0.3,0,0,applied,clear_constant_wind,1.225,0
2026-01-24T13:59:35.217147,-37.29092407,-52.67318344,-4.280350685,-0.004093606,-0.002820553,-2.108455148,-1.289199352,-1.888598919,0.089136228,0.000637679,-3.41E-05,1.34E-08,-0.033940271,0.000123395,-9.807167053,0.000637679,-3.41E-05,1.34E-08,127.705513,7.978965511,-1.334900131,-1.889356714,0.086213509,0.925985738,1,0.3,0,0,applied,clear_constant_wind,1.225,0
2026-01-24T13:59:35.326719,-37.38770294,-52.8147583,-4.27367115,-0.004148808,-0.00280327,-2.108455061,-1.291552186,-1.886642218,0.088966228,0.00074966,-2.93E-05,1.64E-08,-0.033925608,0.000126295,-9.807818413,0.000547394,-2.83E-05,1.60E-08,127.9220657,7.964744945,-1.33757509,-1.887045334,0.086068188,0.925847067,1,0.3,0,0,applied,clear_constant_wind,1.225,0
2026-01-24T13:59:35.436444,-37.49242401,-52.96749115,-4.266470432,-0.004200831,-0.002787648,-2.108455095,-1.294125199,-1.884495378,0.088808298,0.000506662,-4.35E-05,1.51E-08,-0.033910904,0.00013536,-9.807694435,0.000506662,-4.35E-05,1.51E-08,127.6077957,7.964744945,-1.340499363,-1.884510923,0.085909393,0.925695447,1,0.3,0,0,applied,clear_constant_wind,1.225,0
2026-01-24T13:59:35.545003,-37.5934639,-53.1144104,-4.259549141,-0.004257781,-0.002770945,-2.108455014,-1.296632886,-1.882397413,0.088647887,0.000549629,-3.77E-05,1.11E-08,-0.033895329,0.000140602,-9.807759285,0.000549629,-3.77E-05,1.11E-08,127.6077957,7.95611452,-1.343351962,-1.882030945,0.0857546,0.92554752,1,0.3,0,0,applied,clear_constant_wind,1.225,0
2026-01-24T13:59:35.655409,-37.69470215,-53.26115417,-4.252640247,-0.004314085,-0.002754146,-2.108454934,-1.299171925,-1.880267501,0.088488206,0.000550354,-4.20E-05,1.26E-08,-0.03387972,0.000147611,-9.807747841,0.000550354,-4.20E-05,1.26E-08,127.7504044,7.95611452,-1.346239417,-1.879512916,0.085597785,0.925397761,1,0.3,0,0,applied,clear_constant_wind,1.225,0
2026-01-24T13:59:35.764142,-37.81957626,-53.44153976,-4.244153023,-0.004364267,-0.002737873,-2.108454854,-1.302335739,-1.877604246,0.088312775,0.000295178,-2.39E-05,3.21E-09,-0.03385926,0.000167634,-9.807320595,0.000295178,-2.39E-05,3.21E-09,127.6975861,7.95611452,-1.349844818,-1.876357805,0.085401792,0.925210731,1,0.3,0,0,applied,clear_constant_wind,1.225,0
2026-01-24T13:59:35.874154,-37.93692017,-53.6104126,-4.236213207,-0.00442329,-0.002718614,-2.108454904,-1.30533421,-1.875072241,0.088119999,4.30E-05,-7.77E-07,2.14E-09,-0.033839695,0.000182047,-9.807531357,4.30E-05,-7.77E-07,2.14E-09,127.8085098,7.938712367,-1.353277357,-1.873342569,0.085215008,0.925032634,1,0.3,0,0,applied,clear_constant_wind,1.225,0
2026-01-24T13:59:35.984011,-38.03491592,-53.7509613,-4.229611874,-0.00448942,-0.002698944,-2.108454841,-1.307860494,-1.872932553,0.087946691,0.000788942,-2.28E-05,1.14E-09,-0.033823967,0.000166409,-9.808024406,0.000788942,-2.28E-05,1.14E-09,128.1307068,7.920174619,-1.356177454,-1.87078632,0.085057543,0.924882135,1,0.3,0,0,applied,clear_constant_wind,1.225,0
2026-01-24T13:59:36.091590,-38.13703537,-53.89696503,-4.222760201,-0.004551356,-0.002679815,-2.108454778,-1.310525417,-1.870668769,0.087775104,0.0005273,-3.94E-05,-7.38E-11,-0.033807356,0.000181129,-9.807815552,0.0005273,-3.94E-05,-7.38E-11,127.2539063,7.920174619,-1.359233751,-1.868083709,0.084891806,0.924723505,1,0.3,0,0,applied,clear_constant_wind,1.225,0
2026-01-24T13:59:36.201215,-38.23936462,-54.04279327,-4.215921402,-0.004614956,-0.002660558,-2.108454719,-1.313224673,-1.868368983,0.087604813,0.000549822,-4.30E-05,1.51E-10,-0.033789817,0.000189254,-9.807828903,0.000549822,-4.30E-05,1.51E-10,127.7028656,7.908772517,-1.362332002,-1.865334877,0.084723729,0.924562668,1,0.3,0,0,applied,clear_constant_wind,1.225,0
2026-01-24T13:59:36.311540,-38.35374832,-54.20523071,-4.208309174,-0.004674081,-0.00264145,-2.108454659,-1.316274524,-1.865762353,0.087423019,0.000221395,-3.09E-05,-2.68E-10,-0.033769481,0.000209726,-9.807592392,0.000221395,-3.09E-05,-2.68E-10,127.2275009,7.908772517,-1.365838451,-1.862212759,0.084533414,0.924380608,1,0.3,0,0,applied,clear_constant_wind,1.225,0
2026-01-24T13:59:36.421720,-38.48819351,-54.39538193,-4.199403763,-0.00473912,-0.002619829,-2.10845461,-1.319898844,-1.862653494,0.087216966,0.000647589,-3.27E-05,7.82E-09,-0.033744965,0.000213241,-9.807279587,0.000647589,-3.27E-05,7.82E-09,127.5866699,7.908772517,-1.370019911,-1.858474107,0.084305934,0.924163453,1,0.3,0,0,applied,clear_constant_wind,1.225,0
2026-01-24T13:59:36.533397,-38.5872879,-54.53499603,-4.19286871,-0.00481172,-0.002596044,-2.108454573,-1.322590351,-1.860337615,0.087015763,0.000776059,-2.28E-05,9.18E-09,-0.033726759,0.000211947,-9.808166504,0.000776059,-2.28E-05,9.18E-09,127.4678268,7.887598645,-1.373144919,-1.855668963,0.08413548,0.92400113,1,0.3,0,0,applied,clear_constant_wind,1.225,0
2026-01-24T13:59:36.643016,-38.69055939,-54.68001175,-4.186090469,-0.004887273,-0.002573169,-2.108454542,-1.325432658,-1.857884169,0.086828396,0.000437834,-2.96E-05,1.76E-08,-0.03370766,0.000232382,-9.807933807,0.000437834,-2.96E-05,1.76E-08,127.3225708,7.866256044,-1.376442427,-1.852698593,0.083956603,0.923829815,1,0.3,0,0,applied,clear_constant_wind,1.225,0
2026-01-24T13:59:36.753049,-38.79804611,-54.83039856,-4.179066658,-0.004959615,-0.00255033,-2.108454512,-1.328426003,-1.855291605,0.086639777,0.00039949,-3.32E-05,1.70E-08,-0.033687212,0.00024428,-9.807845116,0.00039949,-3.32E-05,1.70E-08,127.6315613,7.866256044,-1.379917832,-1.849556431,0.083768048,0.923649224,1,0.3,0,0,applied,clear_constant_wind,1.225,0
2026-01-24T13:59:36.863006,-38.90177917,-54.97501755,-4.172316551,-0.005033887,-0.00252669,-2.108454489,-1.331346631,-1.852753878,0.086449988,0.000596461,-3.61E-05,1.54E-08,-0.033666946,0.000248725,-9.807994843,0.000596461,-3.61E-05,1.54E-08,127.1245041,7.847489871,-1.383316978,-1.846471707,0.083583398,0.923472561,1,0.3,0,0,applied,clear_constant_wind,1.225,0
2026-01-24T13:59:36.970424,-39.02976608,-55.15273666,-4.164026737,-0.005104421,-0.002503033,-2.108454345,-1.334993362,-1.849573255,0.086240247,0.000222559,-1.07E-05,2.58E-08,-0.033640504,0.000277141,-9.807472229,0.000222559,-1.07E-05,2.58E-08,127.3701096,7.847489871,-1.387572925,-1.842593312,0.083351719,0.92325132,1,0.3,0,0,applied,clear_constant_wind,1.225,0
2026-01-24T13:59:37.078492,-39.14203644,-55.3079834,-4.156793118,-0.005186411,-0.002475239,-2.108454345,-1.338224888,-1.846744537,0.086016461,0.000104832,6.87E-06,1.55E-08,-0.033616073,0.000293642,-9.807813644,-2.16E-05,1.66E-05,1.47E-08,127.5180054,7.828651121,-1.391365193,-1.839122237,0.083145562,0.923054138,1,0.3,0,0,applied,clear_constant_wind,1.225,0
2026-01-24T13:59:37.189171,-39.25056458,-55.4574585,-4.149834633,-0.005267121,-0.002448623,-2.108454347,-1.341382623,-1.843970895,0.08581008,0.000680181,-2.80E-05,1.45E-08,-0.033595376,0.000283817,-9.808113098,0.000680181,-2.80E-05,1.45E-08,127.4202881,7.828651121,-1.395083428,-1.835704921,0.082943457,0.922860765,1,0.3,0,0,applied,clear_constant_wind,1.225,0
2026-01-24T13:59:37.298527,-39.35128021,-55.59566116,-4.143405437,-0.005357976,-0.002420039,-2.108454368,-1.3443501,-1.841355085,0.085603587,0.000683826,-1.24E-05,2.32E-08,-0.033572696,0.000300504,-9.808142662,0.000495109,-1.77E-05,2.32E-08,127.4282074,7.804966294,-1.398583572,-1.832475317,0.082753018,0.922678697,1,0.3,0,0,applied,clear_constant_wind,1.225,0
2026-01-24T13:59:37.408583,-39.46030426,-55.74470139,-4.136480808,-0.005439682,-0.002392778,-2.108454262,-1.347603917,-1.838477373,0.085397348,0.000553926,-3.46E-05,2.74E-08,-0.03355018,0.000311693,-9.808060646,0.000553926,-3.46E-05,2.74E-08,127.1165771,7.804966294,-1.402427673,-1.828913997,0.082544576,0.922478695,1,0.3,0,0,applied,clear_constant_wind,1.225,0
2026-01-24T13:59:37.517538,-39.57769775,-55.90451813,-4.129062653,-0.005529364,-0.002363036,-2.108454296,-1.351152897,-1.835326552,0.085171998,4.43E-05,5.96E-07,2.91E-08,-0.03352299,0.000342229,-9.807854652,4.43E-05,5.96E-07,2.91E-08,127.4150085,0,-1.406632756,-1.825000987,0.082316655,0.922259863,1,0.3,0,0,applied,clear_constant_wind,1.225,0
2026-01-24T13:59:37.627573,-39.71166992,-56.0860405,-4.120645046,-0.005631791,-0.002329044,-2.108454266,-1.355260849,-1.831663847,0.084922053,0.000344637,1.99E-05,1.97E-08,-0.033491164,0.000355257,-9.807516098,0.000344637,1.99E-05,1.97E-08,126.9818878,0,-1.411516668,-1.82043352,0.082051773,0.92200564,1,0.3,0,0,applied,clear_constant_wind,1.225,0
2026-01-24T13:59:37.735298,-39.80935669,-56.21782303,-4.114539146,-0.005732782,-0.00229503,-2.10845447,-1.358284116,-1.82895875,0.084692791,0.001177468,3.61E-05,2.52E-08,-0.033467446,0.000339158,-9.808753967,0.001177468,3.61E-05,2.52E-08,126.979248,7.766294337,-1.415138428,-1.817030519,0.081855162,0.92181707,1,0.3,0,0,applied,clear_constant_wind,1.225,0
2026-01-24T13:59:37.841948,-39.91134644,-56.35488892,-4.108194828,-0.00583545,-0.002260739,-2.108454659,-1.361491561,-1.82607758,0.08446721,0.000669884,8.62E-07,3.26E-08,-0.033443589,0.00037325,-9.808232307,0.000415872,-6.98E-06,3.29E-08,127.2512665,7.766294337,-1.418976506,-1.813409365,0.081647088,0.921617196,1,0.3,0,0,applied,clear_constant_wind,1.225,0
2026-01-24T13:59:37.956282,-40.02586746,-56.50815201,-4.101110935,-0.005932157,-0.002227781,-2.10845467,-1.365142703,-1.822784781,0.084239028,0.000339356,-2.13E-05,3.19E-08,-0.033416793,0.000392536,-9.808087349,0.000339356,-2.13E-05,3.19E-08,127.8903732,7.744607159,-1.423357352,-1.809257239,0.081410567,0.921389003,1,0.3,0,0,applied,clear_constant_wind,1.225,0
2026-01-24T13:59:38.064179,-40.13248444,-56.65020752,-4.094548225,-0.006042373,-0.002190794,-2.108454892,-1.368586898,-1.819666982,0.084000915,0.000521062,4.79E-07,2.22E-08,-0.033389024,0.000402113,-9.808381081,0.000521062,4.79E-07,2.22E-08,127.3912354,7.744607159,-1.427504513,-1.805308013,0.08118582,0.92117293,1,0.3,0,0,applied,clear_constant_wind,1.225,0
2026-01-24T13:59:38.173023,-40.27231598,-56.83560562,-4.085997581,-0.006161689,-0.002150414,-2.108455199,-1.373180985,-1.815488338,0.083731405,0.000670124,8.45E-06,2.18E-08,-0.033351865,0.000426792,-9.807476044,0.000670124,8.45E-06,2.18E-08,127.7345581,7.744607159,-1.433050743,-1.799997906,0.08088673,0.920883884,1,0.3,0,0,applied,clear_constant_wind,1.225,0
2026-01-24T13:59:38.284989,-40.38782501,-56.98796082,-4.078977108,-0.006278169,-0.002106993,-2.108455546,-1.377021432,-1.81197989,0.083446674,-0.000176862,6.31E-05,2.27E-08,-0.033320032,0.000461269,-9.808315277,-0.000176862,6.31E-05,2.27E-08,127.2591934,7.729131013,-1.43772726,-1.79549495,0.080634068,0.920640094,1,0.3,0,0,applied,clear_constant_wind,1.225,0
2026-01-24T13:59:38.394368,-40.49537659,-57.12916946,-4.072478294,-0.006413014,-0.002062393,-2.108455764,-1.38065362,-1.808648109,0.083186157,0.000383022,4.33E-05,3.16E-08,-0.033290684,0.000463596,-9.808548927,0.000383022,4.33E-05,3.16E-08,127.4308548,7.704754268,-1.442162759,-1.791202273,0.080394888,0.920408809,1,0.3,0,0,applied,clear_constant_wind,1.225,0
2026-01-24T13:59:38.504097,-40.60736847,-57.27553177,-4.065752029,-0.006542342,-0.002017558,-2.108456136,-1.384498358,-1.805104971,0.082923599,0.000168872,3.44E-05,3.39E-08,-0.033259407,0.000488354,-9.808362007,0.000168872,3.44E-05,3.39E-08,127.6738205,7.704754268,-1.44686776,-1.786625387,0.080142099,0.920163407,1,0.3,0,0,applied,clear_constant_wind,1.225,0
2026-01-24T13:59:38.614455,-40.71550751,-57.41619492,-4.059294701,-0.00667679,-0.001971162,-2.108456413,-1.388268471,-1.801615953,0.082661301,0.000425065,3.46E-05,3.95E-08,-0.033227824,0.000499887,-9.808567047,0.000425065,3.46E-05,3.95E-08,127.1086578,7.685871128,-1.45149776,-1.782097815,0.079893515,0.919921853,1,0.3,0,0,applied,clear_constant_wind,1.225,0
2026-01-24T13:59:38.725046,-40.83647537,-57.57276917,-4.052116394,-0.006811881,-0.001923196,-2.108456833,-1.392555475,-1.797629476,0.082381479,-0.000180394,6.22E-05,5.54E-08,-0.033191022,0.000541421,-9.808166504,-0.000180394,6.22E-05,5.54E-08,126.8023071,7.685871128,-1.456783602,-1.77689999,0.079610315,0.919646005,1,0.3,0,0,applied,clear_constant_wind,1.225,0
2026-01-24T13:59:38.834037,-40.97877884,-57.75588226,-4.043733597,-0.00696741,-0.001867259,-2.108457236,-1.397687554,-1.792832375,0.082063392,0.000482039,6.56E-05,3.86E-08,-0.033146244,0.000555655,-9.807674408,0.000482039,6.56E-05,3.86E-08,127.8269958,7.685871128,-1.463150815,-1.770597499,0.079269795,0.919313614,1,0.3,0,0,applied,clear_constant_wind,1.225,0
2026-01-24T13:59:38.944298,-41.08795547,-57.89558029,-4.037345886,-0.007122591,-0.001808835,-2.108457719,-1.401680827,-1.789081573,0.081743218,0.000287044,9.90E-05,5.53E-08,-0.033111274,0.000572244,-9.80893898,0.000287044,9.90E-05,5.53E-08,127.8032227,7.668160234,-1.468152603,-1.765614627,0.079002302,0.91905242,1,0.3,0,0,applied,clear_constant_wind,1.225,0
2026-01-24T13:59:39.054131,-41.19322968,-58.02962875,-4.031226158,-0.007293627,-0.001750187,-2.108458232,-1.40560317,-1.785379648,0.081452392,0.000347823,0.000107004,5.56E-08,-0.033075292,0.000602037,-9.808803558,0.000113325,9.74E-05,5.60E-08,127.5391312,7.644188599,-1.473076595,-1.760681511,0.078740114,0.918795215,1,0.3,0,0,applied,clear_constant_wind,1.225,0
2026-01-24T13:59:39.164382,-41.30726242,-58.17408371,-4.024641037,-0.007449841,-0.001692802,-2.108458609,-1.409926653,-1.781279206,0.081160091,0.000363194,6.29E-05,6.34E-08,-0.033037763,0.000626259,-9.808570862,0.000127806,6.67E-05,6.30E-08,127.4018021,7.644188599,-1.478525756,-1.755189902,0.078450905,0.918510494,1,0.3,0,0,applied,clear_constant_wind,1.225,0
2026-01-24T13:59:39.274056,-41.42164612,-58.31820297,-4.018079281,-0.007614043,-0.001631808,-2.10845916,-1.414334416,-1.777077556,0.080853477,0.00037869,7.95E-05,6.16E-08,-0.032998953,0.000642844,-9.808891296,0.00037869,7.95E-05,6.16E-08,127.4598999,7.629127956,-1.484120019,-1.749516409,0.078154269,0.918218099,1,0.3,0,0,applied,clear_constant_wind,1.225,0
2026-01-24T13:59:39.386485,-41.55342102,-58.48324966,-4.010575771,-0.007805201,-0.001562265,-2.108459561,-1.419512272,-1.772113323,0.080507331,-0.000627514,0.000192152,6.38E-08,-0.032948352,0.000708129,-9.808242798,-0.000627514,0.000192152,6.38E-08,127.1693954,7.629127956,-1.490732645,-1.742763058,0.077804346,0.917872358,1,0.3,0,0,applied,clear_constant_wind,1.225,0
2026-01-24T13:59:39.495003,-41.6856842,-58.64782333,-4.003109455,-0.00802037,-0.001482007,-2.108460067,-1.424815536,-1.766998291,0.080128178,-0.000793609,0.000265308,6.91E-08,-0.032896817,0.000745563,-9.808336258,-0.000793609,0.000265308,6.91E-08,127.4044418,7.608281958,-1.497559795,-1.735736448,0.077445255,0.917515264,1,0.3,0,0,applied,clear_constant_wind,1.225,0
2026-01-24T13:59:39.603458,-41.79700089,-58.7854805,-3.996873856,-0.008228738,-0.001402321,-2.108460444,-1.42936182,-1.762589216,0.079771869,0.000411382,0.000194915,7.40E-08,-0.03285598,0.000731733,-9.809416771,0.000411382,0.000194915,7.40E-08,127.5391312,7.608281958,-1.503462792,-1.729616163,0.077135508,0.917206395,1,0.3,0,0,applied,clear_constant_wind,1.225,0
2026-01-24T13:59:39.713214,-41.90867233,-58.92279053,-3.990665674,-0.008451396,-0.001319675,-2.108460764,-1.434022188,-1.758043051,0.07941892,-0.000109744,0.00020529,9.57E-08,-0.032811224,0.000776205,-9.809256554,-0.000109744,0.00020529,9.57E-08,127.0848846,7.585495225,-1.509539372,-1.72327194,0.076818498,0.916888336,1,0.3,0,0,applied,clear_constant_wind,1.225,0
2026-01-24T13:59:39.824259,-42.02502823,-59.06499863,-3.984248638,-0.008681285,-0.001233494,-2.108461042,-1.438984275,-1.753174067,0.079058744,-0.000357463,0.000216276,9.65E-08,-0.032762978,0.000816304,-9.809089661,-0.000357463,0.000216276,9.65E-08,127.4097214,7.585495225,-1.516043088,-1.716431798,0.076481286,0.916547797,1,0.3,0,0,applied,clear_constant_wind,1.225,0
2026-01-24T13:59:39.931675,-42.1374588,-59.20156479,-3.978096724,-0.008918975,-0.001142884,-2.108461529,-1.443879366,-1.74834311,0.078692891,-1.45E-06,0.000234729,1.15E-07,-0.03271408,0.000837803,-9.809423447,-1.45E-06,0.000234729,1.15E-07,127.2723923,7.572831038,-1.82250542,-1.70958344,0.076147591,1,0,0,0,0,suppressed_near_checkpoint,clear_constant_wind,1.225,0
2026-01-24T13:59:40.041599,-42.28530121,-59.37956238,-3.970309258,-0.022984228,-0.009068513,-2.108339601,-1.457934499,-1.741677523,0.07318832,-0.126873195,-0.071121514,-0.000110607,-0.034896895,0.004842531,-9.866966248,-0.126873195,-0.071121514,-0.000110607,127.4598999,7.572831038,-1.831220152,-1.700261117,0.075795036,1,0,0,0,0,suppressed_near_checkpoint,clear_constant_wind,1.225,0
2026-01-24T13:59:40.151202,-42.40420532,-59.5204277,-3.964568377,-0.029149864,-0.012692204,-2.108254432,-1.478926659,-1.736271739,0.068942688,-0.044949956,-0.031273909,-0.000103773,-0.033866122,0.002350416,-9.846212387,-0.04435109,-0.030011276,-0.000102934,126.9766083,7.503135913,-1.83819475,-1.69272223,0.075706774,1,0,0,0,0,suppressed_near_checkpoint,clear_constant_wind,1.225,0
2026-01-24T13:59:40.260333,-42.52499771,-59.6608429,-3.959078789,-0.032189446,-0.014267837,-2.108213305,-1.504060745,-1.730731606,0.066914432,-0.021119565,-0.011720316,-7.99E-05,-0.033544555,0.001793087,-9.824429512,-0.021119565,-0.011720316,-7.99E-05,127.2406998,7.503135913,-1.845102567,-1.685188129,0.075746196,1,0,0,0,0,suppressed_near_checkpoint,clear_constant_wind,1.225,0
2026-01-24T13:59:40.369902,-42.64331818,-59.79563141,-3.95388341,-0.033265066,-0.014631344,-2.108207149,-1.529926538,-1.7252177,0.06648811,-0.00191501,-0.000618324,-5.88E-05,-0.033464521,0.001375839,-9.810146332,-0.00191501,-0.000618324,-5.88E-05,126.9000244,7.383673247,-1.851645099,-1.677992098,0.075848175,1,0,0,0,0,suppressed_near_checkpoint,clear_constant_wind,1.225,0
2026-01-24T13:59:40.479358,-42.76367569,-59.92998123,-3.948682785,-0.033159438,-0.01431397,-2.108222045,-1.556062222,-1.719523072,0.066972919,0.009804491,0.006006572,-4.30E-05,-0.033522874,0.00119251,-9.801416397,0.00979665,0.006203437,-4.25E-05,127.1218643,7.383673247,-1.858056148,-1.670884651,0.075972586,1,0,0,0,0,suppressed_near_checkpoint,clear_constant_wind,1.225,0
2026-01-24T13:59:40.587393,-42.90506363,-60.08443832,-3.942606688,-0.032141807,-0.013488108,-2.108252669,-1.585499406,-1.712755203,0.068115927,0.016588368,0.010088844,-3.06E-05,-0.033673152,0.001178615,-9.796800613,0.016588368,0.010088844,-3.06E-05,127.4123611,7.383673247,-1.865282969,-1.662806849,0.076110635,1,0,0,0,0,suppressed_near_checkpoint,clear_constant_wind,1.225,0
2026-01-24T13:59:40.698639,-43.05872345,-60.24851227,-3.935999632,-0.030562556,-0.012326997,-2.108290985,-1.61532867,-1.705334783,0.069556653,0.020071449,0.012001152,-2.23E-05,-0.033880845,0.001289725,-9.795225143,0.020071449,0.012001152,-2.23E-05,127.3146515,7.346595325,-1.872804373,-1.654325539,0.076228562,1,0,0,0,0,suppressed_near_checkpoint,clear_constant_wind,1.225,0
2026-01-24T13:59:40.807707,-43.18070602,-60.37619781,-3.930740833,-0.029185054,-0.011335805,-2.108322132,-1.637243509,-1.699428678,0.070656329,0.022733839,0.012195175,-1.80E-05,-0.034058318,0.001364332,-9.796226501,0.022733839,0.012195175,-1.80E-05,127.1852417,7.337542032,-1.87856294,-1.647780593,0.076291537,1,0,0,0,0,suppressed_near_checkpoint,clear_constant_wind,1.225,0
2026-01-24T13:59:40.916468,-43.30428696,-60.50342941,-3.925402164,-0.027770885,-0.010348591,-2.108351586,-1.657892704,-1.693412066,0.071668707,0.022156049,0.011887521,-1.48E-05,-0.034236655,0.001558036,-9.796825409,0.021757551,0.011853467,-1.47E-05,127.1535492,7.337542032,-1.884233394,-1.641291773,0.076327147,1,0,0,0,0,suppressed_near_checkpoint,clear_constant_wind,1.225,0
2026-01-24T13:59:41.026503,-43.43439865,-60.63526917,-3.919774055,-0.026297344,-0.009368298,-2.108379079,-1.678014994,-1.687069654,0.072614729,0.021687176,0.011192958,-1.23E-05,-0.034395203,0.00172025,-9.797933578,0.021687176,0.011192958,-1.23E-05,127.6025162,7.341423432,-1.890062059,-1.634575883,0.076335411,1,0,0,0,0,suppressed_near_checkpoint,clear_constant_wind,1.225,0
2026-01-24T13:59:41.134299,-43.57621384,-60.77669907,-3.9136374,-0.024767058,-0.008381045,-2.108405506,-1.698193908,-1.680164337,0.073485747,0.019700833,0.010339735,-1.03E-05,-0.03455314,0.001951551,-9.798933029,0.019700833,0.010339735,-1.03E-05,127.3674698,7.341423432,-1.896290125,-1.627347598,0.076312251,1,0,0,0,0,suppressed_near_checkpoint,clear_constant_wind,1.225,0
2026-01-24T13:59:41.245069,-43.75060272,-60.94765091,-3.906097174,-0.023025692,-0.007297741,-2.10843241,-1.720742226,-1.671705961,0.074365556,0.018973701,0.009164806,-8.25E-06,-0.034714788,0.002187523,-9.799853325,0.018973701,0.009164806,-8.25E-06,127.4123611,7.341423432,-1.903834155,-1.618518734,0.076240519,1,0,0,0,0,suppressed_near_checkpoint,clear_constant_wind,1.225,0
2026-01-24T13:59:41.353410,-43.88544846,-61.07778931,-3.900277376,-0.021842952,-0.006527239,-2.108450465,-1.736636281,-1.665220857,0.074847303,0.01737342,0.008307351,-6.97E-06,-0.034818262,0.00237155,-9.801965714,0.01737342,0.008307351,-6.97E-06,127.1245041,7.351242922,-1.909633201,-1.611676647,0.07615394,1,0,0,0,0,suppressed_near_checkpoint,clear_constant_wind,1.225,0
2026-01-24T13:59:41.463347,-44.02148819,-61.20743179,-3.894423962,-0.020779167,-0.005826491,-2.108465909,-1.751494408,-1.658690453,0.075234205,0.015816532,0.007444752,-5.87E-06,-0.034903213,0.002567364,-9.80283165,0.015816532,0.007444752,-5.87E-06,127.201088,7.357746021,-1.915509245,-1.60469366,0.076043335,1,0,0,0,0,suppressed_near_checkpoint,clear_constant_wind,1.225,0
2026-01-24T13:59:41.572041,-44.15865707,-61.33655548,-3.888544083,-0.019812115,-0.005189665,-2.108479486,-1.765409708,-1.652121425,0.075526446,0.01470516,0.006635909,-4.92E-06,-0.034973696,0.002759211,-9.803564072,0.014349783,0.006614915,-4.89E-06,127.0558395,7.357746021,-1.921496788,-1.59752558,0.075908585,1,0,0,0,0,suppressed_near_checkpoint,clear_constant_wind,1.225,0
2026-01-24T13:59:41.680360,-44.296875,-61.46516418,-3.882643938,-0.018939307,-0.004612327,-2.108490691,-1.778465748,-1.645522237,0.075737283,0.013868521,0.005910625,-4.11E-06,-0.035022542,0.002908192,-9.804602623,0.013868521,0.005910625,-4.11E-06,127.1588364,7.358816102,-1.927656803,-1.590094769,0.075748778,1,0,0,0,0,suppressed_near_checkpoint,clear_constant_wind,1.225,0
2026-01-24T13:59:41.787429,-44.46834183,-61.62274551,-3.87536478,-0.01797989,-0.003983558,-2.108502628,-1.793493986,-1.637341022,0.0759129,0.011043536,0.005283084,-3.27E-06,-0.035061009,0.003166056,-9.804454803,0.011043536,0.005283084,-3.27E-06,127.3965225,7.358816102,-1.935577448,-1.580454688,0.075517693,1,0,0,0,0,suppressed_near_checkpoint,clear_constant_wind,1.225,0
2026-01-24T13:59:41.897748,-44.63035965,-61.76976776,-3.868533134,-0.017259471,-0.003428555,-2.108512845,-1.806664586,-1.629609466,0.075931825,0.0090617,0.004828837,-2.60E-06,-0.035077251,0.003380468,-9.805420876,0.009063582,0.004817289,-2.59E-06,127.3806763,7.358816102,-1.943484177,-1.570733695,0.075265611,1,0,0,0,0,suppressed_near_checkpoint,clear_constant_wind,1.225,0
2026-01-24T13:59:42.009480,-44.77170944,-61.89661407,-3.862611055,-0.016774156,-0.002969594,-2.108521412,-1.817462802,-1.62283814,0.075862914,0.009926765,0.004282332,-2.11E-06,-0.035084784,0.003488408,-9.80704689,0.009557241,0.004231454,-2.10E-06,126.9185104,7.356847902,-1.950852576,-1.561584803,0.075014215,1,0,0,0,0,suppressed_near_checkpoint,clear_constant_wind,1.225,0
2026-01-24T13:59:43.444114,-46.13025284,-63.07127762,-4.111017227,0.036267366,0.108379816,-2.110725904,-0.593235493,-0.502225161,-0.104632676,-0.047664769,-0.149067387,-0.000395778,-0.007894158,0.00181818,-9.565537453,-0.047664769,-0.149067387,-0.000395778,127.1509094,0,-2.137037112,-0.557359102,0.014175502,0.883427664,1,0.3,0,0,applied,clear_constant_wind,1.225,0
2026-01-24T13:59:43.557607,-46.17482376,-63.10874939,-4.113985538,-0.028098075,0.034037543,-2.111130916,-0.562665224,-0.462327868,0.028611388,-0.590198278,-0.716365039,-0.007218962,-0.023583204,0.016355485,-9.59124279,-0.590198278,-0.716365039,-0.007218962,127.6949463,0,-2.137306464,-0.556176245,0.014324314,0.883413029,1,0.3,0,0,applied,clear_constant_wind,1.225,0
2026-01-24T13:59:43.665431,-46.22878265,-63.1501503,-4.113773823,-0.084269075,-0.029268336,-2.108257478,-0.611616313,-0.431889981,-0.044413056,-0.412516356,-0.507276237,-0.008097315,-0.019896448,0.01465705,-10.97243023,-0.412516356,-0.507276237,-0.008097315,127.4942322,0,-2.137594253,-0.554913402,0.014330819,0.883397392,1,0.3,0,0,applied,clear_constant_wind,1.225,0
2026-01-24T13:59:43.777044,-46.28824234,-63.18844986,-4.121806145,-0.108326424,-0.061403097,-2.105805466,-0.71479553,-0.421895176,-0.126165599,-0.165835842,-0.243656799,-0.006351408,-0.011147022,0.006277621,-10.517766,-0.165835842,-0.243656799,-0.006351408,127.7504044,7.870359342,-2.137836922,-0.553836253,0.014715532,0.883384206,1,0.3,0,0,applied,clear_constant_wind,1.225,0
2026-01-24T13:59:43.886719,-46.34317017,-63.21881104,-4.132143497,-0.116257575,-0.074204522,-2.104761475,-0.811919093,-0.422309458,-0.156126976,-0.05834097,-0.121536031,-0.004871896,-0.007538319,0.003283262,-10.12915134,-0.05834097,-0.121536031,-0.004871896,127.856041,7.310543946,-2.138010793,-0.553057123,0.015204987,0.883374758,1,0.3,0,0,applied,clear_constant_wind,1.225,0
2026-01-24T13:59:43.995574,-46.40797806,-63.25064087,-4.144194603,-0.117546391,-0.07999048,-2.104397189,-0.916311026,-0.427001536,-0.161863357,0.017147761,-0.039335035,-0.003608054,-0.00549686,0.001538455,-9.852205276,0.019566519,-0.036775336,-0.003564327,127.2723923,7.310543946,-2.138176607,-0.552309623,0.015776938,0.883365749,1,0.3,0,0,applied,clear_constant_wind,1.225,0
2026-01-24T13:59:44.102347,-46.48058319,-63.28292084,-4.156035423,-0.114446115,-0.080861392,-2.104529923,-1.019116998,-0.434026003,-0.152004063,0.061559312,0.012143134,-0.002661866,-0.004664838,0.00098598,-9.706536293,0.061559312,0.012143134,-0.002661866,127.0267868,7.042510819,-2.138329562,-0.55161749,0.01634302,0.883357437,1,0.3,0,0,applied,clear_constant_wind,1.225,0
2026-01-24T13:59:44.213293,-46.5845108,-63.32508087,-4.169565678,-0.106933891,-0.077743681,-2.105090355,-1.144404411,-0.444528252,-0.128764674,0.090464547,0.049139325,-0.001825864,-0.004487038,0.001170456,-9.622940063,0.090464547,0.049139325,-0.001825864,127.7319183,7.042510819,-2.138509765,-0.550800486,0.016998608,0.883347645,1,0.3,0,0,applied,clear_constant_wind,1.225,0
2026-01-24T13:59:44.322816,-46.68871689,-63.36418533,-4.179719448,-0.098486857,-0.072706361,-2.105747099,-1.249765873,-0.454399139,-0.104644068,0.100878105,0.065191932,-0.001324438,-0.004858553,0.001848936,-9.605343819,0.100878105,0.065191932,-0.001324438,127.5127182,7.042510819,-2.138660479,-0.55011706,0.017501122,0.883339456,1,0.3,0,0,applied,clear_constant_wind,1.225,0
2026-01-24T13:59:44.433574,-46.78564072,-63.39857483,-4.186806679,-0.090793679,-0.067585778,-2.106321971,-1.333641648,-0.462688148,-0.084593959,0.102655999,0.070897229,-0.001021856,-0.005404294,0.002652586,-9.613372803,0.102655999,0.070897229,-0.001021856,127.7292786,6.997623725,-2.138782084,-0.549566119,0.017861377,0.883332848,1,0.3,0,0,applied,clear_constant_wind,1.225,0
2026-01-24T13:59:44.544535,-46.88438034,-63.43216705,-4.192256451,-0.083443352,-0.062435809,-2.106838744,-1.40794313,-0.470237136,-0.067118794,0.100475349,0.071976714,-0.000807961,-0.006032944,0.003526777,-9.631520271,0.100475349,0.071976714,-0.000807961,127.2776794,7.123423976,-2.138892551,-0.549066283,0.018147777,0.883326845,1,0.3,0,0,applied,clear_constant_wind,1.225,0
2026-01-24T13:59:44.653241,-46.9926796,-63.4677124,-4.196677208,-0.076054563,-0.05709919,-2.107320108,-1.478936911,-0.477562368,-0.051182032,0.095806055,0.070236556,-0.000640587,-0.006740093,0.004484624,-9.654313087,0.095806055,0.070236556,-0.000640587,127.3331375,7.123423976,-2.139001671,-0.54857326,0.018390908,0.883320915,1,0.3,0,0,applied,clear_constant_wind,1.225,0
2026-01-24T13:59:44.761966,-47.14334488,-63.51543427,-4.200848103,-0.06694026,-0.050376212,-2.107857177,-1.563047051,-0.486309797,-0.03375297,0.087702453,0.065460995,-0.000478656,-0.007687926,0.005754948,-9.684762001,0.087702453,0.065460995,-0.000478656,127.4387741,7.123423976,-2.139137523,-0.547960529,0.018638696,0.883313533,1,0.3,0,0,applied,clear_constant_wind,1.225,0
2026-01-24T13:59:44.870736,-47.27248001,-63.55508804,-4.203098297,-0.060119956,-0.045272029,-2.108216987,-1.624233484,-0.492679,-0.022219969,0.080430366,0.06052443,-0.000380518,-0.008441091,0.006759763,-9.706094742,0.080430366,0.06052443,-0.000380518,127.7213516,7.201271074,-2.139242472,-0.547487977,0.01879039,0.88330783,1,0.3,0,0,applied,clear_constant_wind,1.225,0
2026-01-24T13:59:44.980692,-47.39122391,-63.59074783,-4.204386234,-0.054560109,-0.041080331,-2.108482921,-1.673295379,-0.497765481,-0.013805204,0.073956944,0.055859793,-0.000311678,-0.009103298,0.007644147,-9.723819733,0.07368046,0.055658452,-0.000309117,127.7266388,7.201271074,-2.139331609,-0.54708712,0.018893991,0.883302986,1,0.3,0,0,applied,clear_constant_wind,1.225,0
2026-01-24T13:59:45.088732,-47.50817871,-63.62525177,-4.205101013,-0.049668406,-0.037378659,-2.108695643,-1.715967536,-0.502161086,-0.007135779,0.067898877,0.051398322,-0.000258044,-0.009675741,0.008411318,-9.737873077,0.067641713,0.051191222,-0.000255943,127.8586807,7.351112836,-2.13941375,-0.546718096,0.018970521,0.883298523,1,0.3,0,0,applied,clear_constant_wind,1.225,0
2026-01-24T13:59:45.196658,-47.65431976,-63.66763687,-4.205413342,-0.044264537,-0.03328333,-2.108907666,-1.762654066,-0.506926298,-0.000566501,0.060849782,0.04610274,-0.000205412,-0.010299891,0.009251863,-9.751917839,0.060849782,0.04610274,-0.000205412,127.3410568,7.477691063,-2.139509733,-0.546287255,0.019039308,0.883293307,1,0.3,0,0,applied,clear_constant_wind,1.225,0
2026-01-24T13:59:45.307911,-47.83127594,-63.71806717,-4.205163479,-0.038624902,-0.029003144,-2.10910299,-1.810992837,-0.51179558,0.005356323,0.0532443,0.04035309,-0.000157103,-0.010988384,0.010186404,-9.765498161,0.0532443,0.04035309,-0.000157103,127.4704666,7.477691063,-2.139617851,-0.545802327,0.01909346,0.883287431,1,0.3,0,0,applied,clear_constant_wind,1.225,0
2026-01-24T13:59:45.415318,-47.96831894,-63.75657654,-4.204624176,-0.034834307,-0.026123135,-2.109219503,-1.843301535,-0.515004158,0.008887648,0.048034586,0.036344659,-0.000128202,-0.011458576,0.010826305,-9.773224831,0.048034586,0.036344659,-0.000128202,127.6843796,7.477691063,-2.139696658,-0.545449055,0.019119274,0.883283149,1,0.3,0,0,applied,clear_constant_wind,1.225,0
2026-01-24T13:59:45.524373,-48.10206223,-63.79375839,-4.203882694,-0.031551491,-0.023628819,-2.109310717,-1.871189475,-0.517734528,0.01162188,0.04340091,0.032817215,-0.000105413,-0.011869192,0.011390492,-9.779651642,0.04340091,0.032817215,-0.000105413,127.2433472,7.530741087,-2.139769967,-0.545120522,0.019134375,0.883279165,1,0.3,0,0,applied,clear_constant_wind,1.225,0
2026-01-24T13:59:45.633162,-48.23770905,-63.83112717,-4.202963352,-0.028586829,-0.021377971,-2.109385268,-1.896306157,-0.520156085,0.013825974,0.0391833,0.029584374,-8.66E-05,-0.012242913,0.011906251,-9.7849226,0.0391833,0.029584374,-8.66E-05,127.6183548,7.617682685,-2.13984127,-0.544801035,0.019141798,0.88327529,1,0.3,0,0,applied,clear_constant_wind,1.225,0
2026-01-24T13:59:45.741855,-48.40966415,-63.8780632,-4.201617241,-0.02528423,-0.018876255,-2.109459684,-1.924206376,-0.522796094,0.015982838,0.034399461,0.025950493,-6.77E-05,-0.01266174,0.012488991,-9.790165901,0.034399461,0.025950493,-6.77E-05,127.3569031,7.617682685,-2.139927804,-0.544413329,0.019142619,0.883270588,1,0.3,0,0,applied,clear_constant_wind,1.225,0
2026-01-24T13:59:45.853436,-48.59566879,-63.92837143,-4.199995518,-0.022204223,-0.016545432,-2.10952061,-1.950177193,-0.525196433,0.017712178,0.029941507,0.022545997,-5.19E-05,-0.013054132,0.013038389,-9.794404984,0.029941507,0.022545997,-5.19E-05,127.3304977,7.617682685,-2.140017359,-0.544012057,0.019135552,0.883265721,1,0.3,0,0,applied,clear_constant_wind,1.225,0
2026-01-24T13:59:45.961693,-48.73671722,-63.96623993,-4.198682785,-0.020161661,-0.014999066,-2.109556957,-1.967386484,-0.526750267,0.018706625,0.027007798,0.020269992,-4.25E-05,-0.013315588,0.013405219,-9.796926498,0.027007798,0.020269992,-4.25E-05,127.5021591,7.652618595,-2.140082839,-0.543718611,0.019126155,0.883262162,1,0.3,0,0,applied,clear_constant_wind,1.225,0
2026-01-24T13:59:46.071692,-48.88489532,-64.0058136,-4.197247982,-0.018250362,-0.013554201,-2.10958738,-1.983474851,-0.52816844,0.019526705,0.024190955,0.018127745,-3.45E-05,-0.013561025,0.013753004,-9.799007416,0.024190955,0.018127745,-3.45E-05,127.5100784,7.652618595,-2.140149874,-0.543418133,0.019113529,0.883258519,1,0.3,0,0,applied,clear_constant_wind,1.225,0
2026-01-24T13:59:46.180665,-49.03421402,-64.04548645,-4.195758343,-0.016538195,-0.012261314,-2.109612191,-1.997879267,-0.529404342,0.0201695,0.021672394,0.016211076,-2.79E-05,-0.013781093,0.014066741,-9.800682068,0.021672394,0.016211076,-2.79E-05,127.5338516,7.708197278,-2.140215701,-0.543122986,0.0190986,0.883254942,1,0.3,0,0,applied,clear_constant_wind,1.225,0
2026-01-24T13:59:46.293449,-49.21472931,-64.0931778,-4.193915367,-0.014716837,-0.010889742,-2.109635762,-2.013186455,-0.530674994,0.020758474,0.018965282,0.014175045,-2.17E-05,-0.014015101,0.014403492,-9.802210808,0.018965282,0.014175045,-2.17E-05,127.1561966,7.708197278,-2.140293,-0.54277628,0.019078372,0.883250741,1,0.3,0,0,applied,clear_constant_wind,1.225,0
2026-01-24T13:59:46.401783,-49.40261841,-64.14260864,-4.191963196,-0.013072345,-0.009652342,-2.109655031,-2.027005911,-0.531775713,0.021202672,0.016539408,0.012340506,-1.66E-05,-0.014232621,0.01471835,-9.80346489,0.0164712,0.012284012,-1.65E-05,127.7345581,7.748345439,-2.140371864,-0.542422395,0.019055495,0.883246455,1,0.3,0,0,applied,clear_constant_wind,1.225,0
2026-01-24T13:59:46.511943,-49.55502319,-64.18247223,-4.190361977,-0.011901703,-0.008771207,-2.109666645,-2.036847591,-0.532526374,0.021465894,0.014854775,0.011023444,-1.34E-05,-0.0143767,0.014926922,-9.804274559,0.014854775,0.011023444,-1.34E-05,127.5074387,7.748345439,-2.140433847,-0.542144143,0.019035928,0.883243087,1,0.3,0,0,applied,clear_constant_wind,1.225,0
2026-01-24T13:59:46.623932,-49.70812607,-64.22245789,-4.188744545,-0.010854166,-0.00798313,-2.109676763,-2.045657635,-0.533167422,0.021664346,0.013285814,0.009846258,-1.08E-05,-0.014511265,0.015124623,-9.8048563,0.013285814,0.009846258,-1.08E-05,127.8956604,7.76378183,-2.140495843,-0.541865706,0.019015711,0.883239718,1,0.3,0,0,applied,clear_constant_wind,1.225,0
2026-01-24T13:59:46.731496,-49.85568619,-64.26091003,-4.187178612,-0.009952565,-0.00730501,-2.109684995,-2.053245306,-0.533691168,0.021806773,0.011951774,0.008838094,-8.83E-06,-0.0146267,0.015295379,-9.805329323,0.011951774,0.008838094,-8.83E-06,127.5549774,7.76378183,-2.140555039,-0.541599724,0.018995753,0.883236501,1,0.3,0,0,applied,clear_constant_wind,1.225,0
2026-01-24T13:59:46.839824,-50.04705429,-64.31057739,-4.185143471,-0.008920106,-0.006532284,-2.109692794,-2.061925888,-0.534250081,0.021939436,0.010391491,0.007684014,-6.76E-06,-0.014758438,0.015492868,-9.805715561,0.010391491,0.007684014,-6.76E-06,127.2433472,7.76378183,-2.140630209,-0.541261804,0.018969463,0.883232416,1,0.3,0,0,applied,clear_constant_wind,1.225,0
2026-01-24T13:59:46.948793,-50.22055817,-64.35543823,-4.183300972,-0.008102965,-0.005919651,-2.109698988,-2.068805456,-0.534655631,0.022014733,0.00918248,0.006772928,-5.30E-06,-0.014865696,0.015654642,-9.806065559,0.009136979,0.006744723,-5.26E-06,127.6738205,0.127583227,-2.140697052,-0.54096115,0.018945568,0.883228783,1,0.3,0,0,applied,clear_constant_wind,1.225,0
2026-01-24T13:59:47.056889,-50.37593079,-64.39549255,-4.181643963,-0.007454966,-0.005433774,-2.109703006,-2.074267864,-0.534947991,0.022056963,0.008251961,0.006045946,-4.26E-06,-0.014944315,0.015773291,-9.806326866,0.008251961,0.006045946,-4.26E-06,127.7345581,7.803179515,-2.140756042,-0.540695697,0.018923665,0.883225577,1,0.3,0,0,applied,clear_constant_wind,1.225,0
2026-01-24T13:59:47.169719,-50.5316925,-64.43554688,-4.179986954,-0.006875146,-0.004999356,-2.109706509,-2.079159498,-0.535181105,0.022080388,0.007384344,0.005393282,-3.43E-06,-0.015020395,0.015890287,-9.806470871,0.007343479,0.005367718,-3.40E-06,127.4150085,7.803179515,-2.140814474,-0.540432629,0.018901766,0.883222401,1,0.3,0,0,applied,clear_constant_wind,1.225,0
2026-01-24T13:59:47.277861,-50.68780136,-64.4756546,-4.178329945,-0.006356268,-0.004611381,-2.109710181,-2.083540201,-0.535361767,0.022090588,0.006618251,0.004812616,-2.76E-06,-0.015082609,0.015986841,-9.80661869,0.006618251,0.004812616,-2.76E-06,127.7926636,7.808848466,-2.140873004,-0.54016898,0.018879858,0.883219221,1,0.3,0,0,applied,clear_constant_wind,1.225,0
2026-01-24T13:59:47.387873,-50.8943367,-64.52877808,-4.176142693,-0.005752914,-0.004163091,-2.109711496,-2.088631392,-0.535529852,0.022090418,0.005700489,0.004146404,-2.07E-06,-0.015157295,0.016105955,-9.806655884,0.005700489,0.004146404,-2.07E-06,127.4229279,7.808848466,-2.140951611,-0.539814669,0.018850911,0.883214949,1,0.3,0,0,applied,clear_constant_wind,1.225,0
2026-01-24T13:59:47.496791,-51.0699501,-64.57385254,-4.174286842,-0.005307225,-0.0038296,-2.109711904,-2.092407942,-0.535618007,0.022074444,0.005025803,0.003657226,-1.63E-06,-0.015212002,0.016194336,-9.806788445,0.005025803,0.003657226,-1.63E-06,127.3912354,7.808848466,-2.141017924,-0.539515584,0.018826292,0.883211345,1,0.3,0,0,applied,clear_constant_wind,1.225,0
2026-01-24T13:59:47.608792,-51.22700119,-64.6140976,-4.172629833,-0.004954589,-0.003564514,-2.109711979,-2.09540844,-0.535658896,0.022054074,0.004520767,0.003260252,-1.31E-06,-0.015255103,0.016264301,-9.806869507,0.004520767,0.003260252,-1.31E-06,127.2433472,0.131307605,-2.141076915,-0.539249381,0.018804252,0.883208139,1,0.3,0,0,applied,clear_constant_wind,1.225,0
2026-01-24T13:59:47.721602,-51.3842659,-64.65434265,-4.170972824,-0.004639008,-0.003327676,-2.10971179,-2.098097801,-0.535667658,0.022030206,0.004052811,0.002904759,-1.06E-06,-0.015294843,0.016330402,-9.806882858,0.004027118,0.002890332,-1.05E-06,127.3780289,7.820775871,-2.14113576,-0.538983702,0.018782147,0.883204941,1,0.3,0,0,applied,clear_constant_wind,1.225,0
2026-01-24T13:59:47.829993,-51.54801941,-64.69619751,-4.16925478,-0.004345764,-0.003108487,-2.109712453,-2.100599766,-0.535646558,0.022003166,0.003617465,0.002574081,-8.34E-07,-0.015328464,0.016387243,-9.806915283,0.003617465,0.002574081,-8.34E-07,127.2090149,7.820775871,-2.14119687,-0.538707648,0.018759344,0.883201619,1,0.3,0,0,applied,clear_constant_wind,1.225,0
2026-01-24T13:59:47.938496,-51.74981308,-64.74771118,-4.167149067,-0.004027926,-0.002872503,-2.109713518,-2.103314638,-0.535583436,0.021968275,0.003117017,0.002228812,-6.36E-07,-0.015365536,0.016453225,-9.806877136,0.003117017,0.002228812,-6.36E-07,127.4519806,7.820775871,-2.141272019,-0.538367958,0.018731604,0.883197535,1,0.3,0,0,applied,clear_constant_wind,1.225,0
2026-01-24T13:59:48.047808,-51.92658234,-64.79278564,-4.165306568,-0.003785531,-0.002690613,-2.109714193,-2.10539937,-0.535499454,0.02193212,0.002755168,0.001961926,-4.86E-07,-0.015393471,0.016503379,-9.806927681,0.002755168,0.001961926,-4.86E-07,127.3304977,7.821774756,-2.141337786,-0.538070495,0.018707212,0.883193961,1,0.3,0,0,applied,clear_constant_wind,1.225,0
2026-01-24T13:59:48.157967,-52.07823563,-64.8314209,-4.163727283,-0.003601462,-0.002551068,-2.109714728,-2.106996298,-0.53540808,0.021899976,0.002507361,0.001756153,-3.87E-07,-0.015415274,0.01654307,-9.806962967,0.002492475,0.001744188,-3.82E-07,127.2882385,7.822121106,-2.141394194,-0.537815222,0.01868621,0.883190895,1,0.3,0,0,applied,clear_constant_wind,1.225,0
2026-01-24T13:59:48.266823,-52.24264526,-64.87322998,-4.162016392,-0.003422162,-0.002416785,-2.109715258,-2.108549356,-0.535290599,0.021866603,0.002238749,0.001546165,-3.12E-07,-0.015434517,0.016579511,-9.806948662,0.002238749,0.001546165,-3.12E-07,127.2961655,7.822121106,-2.141454906,-0.537540345,0.018663346,0.883187596,1,0.3,0,0,applied,clear_constant_wind,1.225,0
2026-01-24T13:59:48.376885,-52.39451218,-64.91168213,-4.16044426,-0.003274901,-0.002305347,-2.109715658,-2.109836817,-0.535167158,0.021834059,0.002021791,0.001386049,-2.47E-07,-0.01545035,0.016611289,-9.806970596,0.002021791,0.001386049,-2.47E-07,127.5047989,7.820977412,-2.141509516,-0.537292974,0.018642495,0.883184628,1,0.3,0,0,applied,clear_constant_wind,1.225,0
2026-01-24T13:59:48.489121,-52.60979462,-64.96615601,-4.158223152,-0.003089629,-0.00216911,-2.109716062,-2.111449242,-0.534970105,0.021793639,0.001741101,0.001175206,-1.80E-07,-0.015469808,0.016652066,-9.806860924,0.001741101,0.001175206,-1.80E-07,127.4387741,7.820977412,-2.141587113,-0.536941265,0.018613092,0.88318041,1,0.3,0,0,applied,clear_constant_wind,1.225,0
2026-01-24T13:59:48.598015,-52.77453613,-65.0078125,-4.156524658,-0.00296638,-0.002076588,-2.10971633,-2.112534523,-0.534806073,0.021756984,0.00155438,0.001040865,-1.37E-07,-0.015482624,0.016680643,-9.806939125,0.001537053,0.001037613,-1.36E-07,127.9405518,7.820977412,-2.141646628,-0.53667135,0.018590467,0.883177176,1,0.3,0,0,applied,clear_constant_wind,1.225,0
2026-01-24T13:59:48.707495,-52.92668533,-65.04626465,-4.154956818,-0.00286526,-0.002000092,-2.109716594,-2.113435984,-0.534644842,0.021725034,0.001412847,0.000935468,-1.02E-07,-0.015491726,0.01670227,-9.806964874,0.001412847,0.000935468,-1.02E-07,127.723999,7.819560537,-2.141701721,-0.536421367,0.018569469,0.883174181,1,0.3,0,0,applied,clear_constant_wind,1.225,0
2026-01-24T13:59:48.818728,-53.08522797,-65.08631897,-4.153325558,-0.00277044,-0.001928833,-2.109716734,-2.114283323,-0.534467161,0.021692134,0.001270197,0.00081873,-8.30E-08,-0.015500925,0.016724173,-9.806929588,0.001270197,0.00081873,-8.30E-08,127.4282074,7.81641176,-2.141759336,-0.536159803,0.01854757,0.88317105,1,0.3,0,0,applied,clear_constant_wind,1.225,0
2026-01-24T13:59:48.927447,-53.25651169,-65.12957764,-4.151574612,-0.002679077,-0.001860791,-2.109716993,-2.115104914,-0.534265757,0.021658627,0.001115037,0.000716652,-6.78E-08,-0.015509002,0.016746387,-9.806900978,0.001115037,0.000716652,-6.78E-08,128.02771,7.81641176,-2.14182183,-0.535875918,0.018524341,0.883167654,1,0.3,0,0,applied,clear_constant_wind,1.225,0
2026-01-24T13:59:49.037808,-53.47232056,-65.18405151,-4.149369717,-0.002578076,-0.001786923,-2.109717132,-2.116017342,-0.534000099,0.021620076,0.000978193,0.000607925,-4.92E-08,-0.015516956,0.016770698,-9.806835175,0.000978193,0.000607925,-4.92E-08,127.919426,7.81641176,-2.141900856,-0.535516713,0.018494887,0.883163359,1,0.3,0,0,applied,clear_constant_wind,1.225,0
2026-01-24T13:59:49.147818,-53.62468338,-65.22250366,-4.14781332,-0.002516736,-0.001739084,-2.109717265,-2.116589546,-0.533806741,0.021587139,0.000896702,0.000544944,-3.84E-08,-0.015521405,0.0167857,-9.806941986,0.000896702,0.000544944,-3.84E-08,127.4810257,7.813240315,-2.14195699,-0.535261406,0.018473938,0.883160308,1,0.3,0,0,applied,clear_constant_wind,1.225,0
2026-01-24T13:59:49.257004,-53.77711868,-65.26095581,-4.146256924,-0.00246189,-0.001696226,-2.109717396,-2.11710906,-0.533606887,0.0215571,0.000803598,0.000483353,-2.77E-08,-0.015525381,0.016801178,-9.806901932,0.000792916,0.000477315,-2.74E-08,127.6474075,7.813240315,-2.142013296,-0.535005191,0.018452877,0.883157247,1,0.3,0,0,applied,clear_constant_wind,1.225,0
2026-01-24T13:59:49.366792,-53.93590546,-65.30101013,-4.144639969,-0.002410272,-0.001656758,-2.109717527,-2.117599726,-0.533393323,0.021527721,0.000727214,0.000422339,-2.98E-08,-0.015528295,0.01681428,-9.806901932,0.000727214,0.000422339,-2.98E-08,127.6474075,7.810280513,-2.142072319,-0.534736462,0.018431018,0.883154039,1,0.3,0,0,applied,clear_constant_wind,1.225,0
2026-01-24T13:59:49.476896,-54.12017822,-65.34747314,-4.142773151,-0.002356748,-0.001616711,-2.109717657,-2.118111849,-0.533139646,0.021493051,0.000615041,0.000365346,-7.82E-09,-0.015530994,0.016830022,-9.806863785,0.000615041,0.000365346,-7.82E-09,127.5417709,7.810280513,-2.142141069,-0.534423259,0.018405973,0.883150303,1,0.3,0,0,applied,clear_constant_wind,1.225,0
2026-01-24T13:59:49.587290,-54.32354736,-65.39874268,-4.140713215,-0.002305608,-0.001577823,-2.109717786,-2.118614197,-0.532852769,0.021457786,0.000541052,0.00031761,8.57E-10,-0.015532578,0.016844992,-9.806818962,0.000541052,0.00031761,8.57E-10,127.4783859,7.805538891,-2.142217454,-0.534075044,0.018378113,0.883146151,1,0.3,0,0,applied,clear_constant_wind,1.225,0
2026-01-24T13:59:49.696854,-54.47607422,-65.43708038,-4.139168262,-0.002272809,-0.001550522,-2.109717792,-2.11895299,-0.532634377,0.021428257,0.000529046,0.000279442,2.87E-09,-0.015533353,0.016853988,-9.806912422,0.000529046,0.000279442,2.87E-09,127.6315613,7.805538891,-2.142273872,-0.533817714,0.018357042,0.883143085,1,0.3,0,0,applied,clear_constant_wind,1.225,0
2026-01-24T13:59:49.805440,-54.63503265,-65.47694397,-4.137558937,-0.00224202,-0.001525361,-2.109717798,-2.119275331,-0.532402456,0.021399681,0.000463877,0.000235475,-7.90E-10,-0.015534037,0.016864464,-9.806868553,0.000463877,0.000235475,-7.90E-10,127.6843796,7.801640732,-2.142332023,-0.533552357,0.018334963,0.883139924,1,0.3,0,0,applied,clear_constant_wind,1.225,0
2026-01-24T13:59:49.916741,-54.80036926,-65.5184021,-4.135889053,-0.002213278,-0.001502413,-2.109717803,-2.119580984,-0.532157123,0.021371458,0.000411492,0.000198024,-1.21E-08,-0.015534097,0.016874526,-9.806854248,0.000411492,0.000198024,-1.21E-08,127.2248611,7.801640732,-2.142392859,-0.533274593,0.018312049,0.883136618,1,0.3,0,0,applied,clear_constant_wind,1.225,0
2026-01-24T13:59:50.025198,-54.98478317,-65.56464386,-4.134036064,-0.002184347,-0.001480472,-2.109717929,-2.119890213,-0.531880021,0.021341419,0.000354757,0.000168869,-1.51E-08,-0.015533395,0.016885154,-9.806818008,0.000354757,0.000168869,-1.51E-08,127.3701096,7.801640732,-2.142461208,-0.532962326,0.018286813,0.883132903,1,0.3,0,0,applied,clear_constant_wind,1.225,0
2026-01-24T13:59:50.134611,-55.18191528,-65.61407471,-4.132055283,-0.002157531,-0.001459726,-2.109717933,-2.120187998,-0.531580269,0.021309771,0.000310765,0.000148365,-1.09E-08,-0.015531833,0.016895695,-9.806785583,0.000315328,0.000146063,-1.02E-08,127.0980911,7.797785338,-2.142534857,-0.532625625,0.018259603,0.8831289,1,0.3,0,0,applied,clear_constant_wind,1.225,0
2026-01-24T13:59:50.244328,-55.32821655,-65.65074921,-4.13058567,-0.002140953,-0.001444849,-2.109717936,-2.1203897,-0.531356692,0.021283843,0.000322172,0.000142254,-1.12E-08,-0.015530419,0.016901558,-9.80689621,0.000327912,0.000129472,-1.12E-08,127.4440536,7.792325994,-2.142589792,-0.53237434,0.018239274,0.883125914,1,0.3,0,0,applied,clear_constant_wind,1.225,0
2026-01-24T13:59:50.354370,-55.49365234,-65.69220734,-4.12892437,-0.002123234,-0.001430437,-2.109717939,-2.120600462,-0.531101048,0.021256372,0.000288623,9.72E-05,-1.70E-09,-0.015529322,0.016909063,-9.806840897,0.000288623,9.72E-05,-1.70E-09,127.2935257,7.792325994,-2.142652172,-0.532088846,0.01821615,0.883122523,1,0.3,0,0,applied,clear_constant_wind,1.225,0
2026-01-24T13:59:50.463452,-55.6463623,-65.73047638,-4.127390862,-0.002109773,-0.00141759,-2.109717942,-2.12078023,-0.530862629,0.021230582,0.000262809,8.71E-05,7.89E-09,-0.015527388,0.016916377,-9.806842804,0.000255433,8.28E-05,9.45E-09,127.4097214,7.788375592,-2.142710143,-0.531823386,0.018194648,0.883119373,1,0.3,0,0,applied,clear_constant_wind,1.225,0
2026-01-24T13:59:50.572141,-55.84997559,-65.78150177,-4.125356197,-0.002092148,-0.001404709,-2.109718066,-2.121000767,-0.530541837,0.021201318,0.000210304,6.58E-05,5.75E-09,-0.015524773,0.016925367,-9.806774139,0.000210304,6.58E-05,5.75E-09,127.9247055,7.788375592,-2.142788021,-0.531466525,0.018166303,0.88311514,1,0.3,0,0,applied,clear_constant_wind,1.225,0
2026-01-24T13:59:50.680241,-56.04086304,-65.82933807,-4.123453617,-0.002078987,-0.001392514,-2.109718069,-2.121189356,-0.530238926,0.021170303,0.000172372,6.12E-05,-1.02E-09,-0.015521642,0.016933372,-9.806793213,0.000172372,6.12E-05,-1.02E-09,127.2301407,7.788375592,-2.142861648,-0.531128907,0.018139763,0.883111138,1,0.3,0,0,applied,clear_constant_wind,1.225,0
2026-01-24T13:59:50.791185,-56.18721008,-65.86584473,-4.121994972,-0.002071485,-0.001382634,-2.109718071,-2.121323824,-0.530005038,0.021145009,0.000200141,5.69E-05,-3.08E-10,-0.01551896,0.016937764,-9.806874275,0.000200141,5.69E-05,-3.08E-10,127.6104355,7.783847358,-2.142916545,-0.530877054,0.018119242,0.883108154,1,0.3,0,0,applied,clear_constant_wind,1.225,0
2026-01-24T13:59:50.899861,-56.33992004,-65.90393066,-4.120472908,-0.002063699,-0.001373986,-2.109718074,-2.121456146,-0.529758334,0.021120001,0.000193456,3.11E-05,-1.14E-09,-0.015516897,0.016943084,-9.806836128,0.000193456,3.11E-05,-1.14E-09,127.3701096,7.778071079,-2.142974106,-0.530612845,0.018097678,0.883105025,1,0.3,0,0,applied,clear_constant_wind,1.225,0
2026-01-24T13:59:51.008949,-56.50537872,-65.94519043,-4.118824005,-0.002055681,-0.001366344,-2.109718197,-2.121590853,-0.529488921,0.02109482,0.000163473,9.96E-06,-3.53E-09,-0.015514356,0.016949493,-9.806809425,0.000163473,9.96E-06,-3.53E-09,127.660614,7.778071079,-2.143036836,-0.530324753,0.018074153,0.883101616,1,0.3,0,0,applied,clear_constant_wind,1.225,0
2026-01-24T13:59:51.119604,-56.7154808,-65.99755859,-4.116731167,-0.002045831,-0.001359322,-2.109718198,-2.121750832,-0.529145122,0.021066101,0.000141457,5.97E-06,-1.99E-09,-0.015510155,0.016957259,-9.80674839,0.000141457,5.97E-06,-1.99E-09,127.615715,7.778071079,-2.143116858,-0.529957007,0.01804407,0.883097266,1,0.3,0,0,applied,clear_constant_wind,1.225,0
2026-01-24T13:59:51.228725,-56.88101578,-66.03881836,-4.115091801,-0.002040166,-0.001352461,-2.1097182,-2.121868134,-0.528873861,0.021037582,0.000136575,-2.54E-07,-2.38E-09,-0.015506744,0.016962891,-9.806818008,0.000125693,1.26E-06,-1.99E-09,127.6685333,0,-2.143180421,-0.529664693,0.018020703,0.883093811,1,0.3,0,0,applied,clear_constant_wind,1.225,0
2026-01-24T13:59:51.340667,-57.00835037,-66.07055664,-4.113832951,-0.002037665,-0.001346906,-2.109718202,-2.121953964,-0.52866447,0.02101641,0.000105061,6.21E-05,-2.38E-09,-0.015502516,0.016967352,-9.806894302,0.00012123,4.19E-05,-1.60E-09,127.6526871,7.769292607,-2.143229628,-0.529438274,0.01800273,0.883091137,1,0.3,0,0,applied,clear_constant_wind,1.225,0
2026-01-24T13:59:51.448519,-57.17388535,-66.11181641,-4.112196445,-0.002032542,-0.001341758,-2.109718203,-2.122060776,-0.528389752,0.020991696,0.000142514,-1.94E-05,6.23E-09,-0.015501031,0.016971298,-9.806807518,0.000142514,-1.94E-05,6.23E-09,127.2803192,7.769292607,-2.143294011,-0.529141877,0.017979202,0.883087637,1,0.3,0,0,applied,clear_constant_wind,1.225,0
2026-01-24T13:59:51.557900,-57.36488724,-66.15942383,-4.11030817,-0.002027483,-0.001337133,-2.109718204,-2.122179031,-0.528071404,0.020964578,8.90E-05,-1.87E-05,1.16E-09,-0.015496837,0.016978785,-9.806767464,8.90E-05,-1.87E-05,1.16E-09,127.6711807,7.769292607,-2.143368884,-0.528796964,0.017951824,0.883083567,1,0.3,0,0,applied,clear_constant_wind,1.225,0
2026-01-24T13:59:51.665689,-57.5495224,-66.20544434,-4.108482838,-0.002024028,-0.001331992,-2.109718206,-2.12228775,-0.527762175,0.0209361,8.32E-05,-1.34E-05,4.01E-10,-0.015492459,0.016984444,-9.806780815,8.32E-05,-1.34E-05,4.01E-10,127.3727493,7.763698889,-2.143441865,-0.528460539,0.017925121,0.883079601,1,0.3,0,0,applied,clear_constant_wind,1.225,0
2026-01-24T13:59:51.773466,-57.70232391,-66.24340057,-4.106972218,-0.002022506,-0.001326991,-2.109718207,-2.122373581,-0.527505219,0.020910813,0.000113881,-1.99E-05,-9.36E-09,-0.015488993,0.016988073,-9.80684948,0.000113881,-1.99E-05,-9.36E-09,127.7820969,7.763698889,-2.143501156,-0.528187079,0.01790283,0.883076378,1,0.3,0,0,applied,clear_constant_wind,1.225,0
2026-01-24T13:59:51.883513,-57.85512543,-66.28130341,-4.10546875,-0.002020902,-0.001322708,-2.109718209,-2.122457981,-0.527246475,0.020886373,0.000113621,-2.88E-05,-6.99E-09,-0.015485683,0.016992886,-9.806816101,0.000105527,-3.26E-05,-7.38E-09,127.8850937,7.760241302,-2.143560204,-0.527914584,0.017880789,0.883073168,1,0.3,0,0,applied,clear_constant_wind,1.225,0
2026-01-24T13:59:51.991896,-58.01429367,-66.32078552,-4.103907108,-0.002018886,-0.00131937,-2.10971821,-2.122541428,-0.526975691,0.020862838,0.000106704,-3.93E-05,-1.17E-08,-0.015482183,0.016997337,-9.806819916,0.000106704,-3.93E-05,-1.17E-08,127.5734634,0,-2.143622142,-0.527628583,0.017857918,0.883069802,1,0.3,0,0,applied,clear_constant_wind,1.225,0
2026-01-24T13:59:52.101991,-58.23076248,-66.3744812,-4.101783276,-0.002015557,-0.001316932,-2.10971821,-2.122652292,-0.526605368,0.020834325,9.73E-05,-4.42E-05,-3.79E-09,-0.015477098,0.017004123,-9.806724548,9.73E-05,-4.42E-05,-3.79E-09,127.7953033,0,-2.143707093,-0.527236055,0.017826529,0.883065184,1,0.3,0,0,applied,clear_constant_wind,1.225,0
2026-01-24T13:59:52.211880,-58.39629745,-66.4155426,-4.100159168,-0.002014439,-0.001313348,-2.109718212,-2.122732878,-0.526322663,0.020806178,8.35E-05,-4.42E-05,-2.17E-10,-0.015473141,0.017008869,-9.806822777,8.35E-05,-4.42E-05,-2.17E-10,127.1377029,0,-2.143772619,-0.526933076,0.017802302,0.883061622,1,0.3,0,0,applied,clear_constant_wind,1.225,0
2026-01-24T13:59:52.321981,-58.54909897,-66.45344543,-4.098659992,-0.002014508,-0.001309806,-2.109718213,-2.122807264,-0.526060343,0.020781534,8.95E-05,-4.05E-05,1.38E-09,-0.015469182,0.017013147,-9.806834221,8.95E-05,-4.05E-05,1.38E-09,127.3067245,7.749350793,-2.143833542,-0.526651212,0.017779763,0.883058311,1,0.3,0,0,applied,clear_constant_wind,1.225,0
2026-01-24T13:59:52.431666,-58.70832825,-66.49292755,-4.097098351,-0.002014116,-0.001306795,-2.109718215,-2.122884035,-0.525785267,0.020756936,8.33E-05,-4.85E-05,-1.71E-09,-0.015465524,0.017017849,-9.806812286,8.33E-05,-4.85E-05,-1.71E-09,127.2248611,7.749350793,-2.143897294,-0.526356092,0.01775613,0.883054845,1,0.3,0,0,applied,clear_constant_wind,1.225,0
2026-01-24T13:59:52.540059,-58.88033295,-66.53556824,-4.095417976,-0.002013509,-0.001304266,-2.109718216,-2.122961283,-0.525486887,0.020731525,6.82E-05,-5.20E-05,-2.46E-09,-0.015461337,0.017023111,-9.806788445,6.82E-05,-5.20E-05,-2.46E-09,127.7292786,7.745642317,-2.143966568,-0.5260352,0.017730785,0.88305108,1,0.3,0,0,applied,clear_constant_wind,1.225,0
2026-01-24T13:59:52.651323,-59.09693146,-66.58924103,-4.093310356,-0.00201247,-0.001302385,-2.109718216,-2.123058558,-0.52510947,0.02070245,7.61E-05,-5.30E-05,-4.55E-10,-0.015455781,0.017029241,-9.806728363,7.61E-05,-5.30E-05,-4.55E-10,127.5127182,7.745642317,-2.144054296,-0.525628518,0.017699065,0.883046311,1,0.3,0,0,applied,clear_constant_wind,1.225,0
2026-01-24T13:59:52.761069,-59.24345398,-66.6253891,-4.091884613,-0.002013669,-0.001298617,-2.109718218,-2.123124361,-0.524854004,0.020676028,9.35E-05,-4.08E-05,1.56E-09,-0.015451659,0.017032625,-9.806864738,9.35E-05,-4.08E-05,1.56E-09,127.8111496,0.128651021,-2.14411215,-0.52536017,0.017677398,0.883043166,1,0.3,0,0,applied,clear_constant_wind,1.225,0
2026-01-24T13:59:52.871035,-59.40908813,-66.66625214,-4.090272903,-0.002013803,-0.001296121,-2.109718219,-2.123198748,-0.524562776,0.020650676,6.51E-05,-5.86E-05,4.28E-10,-0.015448051,0.017038034,-9.806797028,6.51E-05,-5.86E-05,4.28E-10,127.4229279,0.128651021,-2.144178024,-0.525054442,0.017652713,0.883039586,1,0.3,0,0,applied,clear_constant_wind,1.225,0
2026-01-24T13:59:52.980915,-59.5619812,-66.70397186,-4.088785172,-0.002014495,-0.001293509,-2.109718221,-2.123267412,-0.524292827,0.020626733,8.13E-05,-5.65E-05,-1.10E-09,-0.015443973,0.017041987,-9.80683136,8.13E-05,-5.65E-05,-1.10E-09,127.6791,7.735062724,-2.144239284,-0.524769963,0.017629745,0.883036256,1,0.3,0,0,applied,clear_constant_wind,1.225,0
2026-01-24T13:59:53.090260,-59.74672699,-66.74954987,-4.086987495,-0.00201393,-0.001292328,-2.109718221,-2.123345137,-0.523965418,0.020600295,4.97E-05,-6.16E-05,-8.10E-09,-0.015439404,0.017048074,-9.806764603,4.97E-05,-6.16E-05,-8.10E-09,127.282959,7.735062724,-2.144313892,-0.524423277,0.017601754,0.8830322,1,0.3,0,0,applied,clear_constant_wind,1.225,0
2026-01-24T13:59:53.202038,-59.9633255,-66.80298615,-4.084889412,-0.002013503,-0.001291201,-2.109718222,-2.123434305,-0.523580611,0.020570232,6.93E-05,-6.32E-05,-5.71E-09,-0.015433628,0.017053736,-9.806726456,6.93E-05,-6.32E-05,-5.71E-09,127.2433472,7.735062724,-2.144402188,-0.52401266,0.017569191,0.8830274,1,0.3,0,0,applied,clear_constant_wind,1.225,0
2026-01-24T13:59:53.312122,-60.10984802,-66.83913422,-4.083474636,-0.002015218,-0.001287973,-2.109718223,-2.123494625,-0.523320556,0.020543177,8.90E-05,-5.10E-05,-9.49E-10,-0.015429381,0.01705702,-9.806869507,8.90E-05,-5.10E-05,-9.49E-10,127.7371979,7.73087115,-2.144462428,-0.52373231,0.017547238,0.883024126,1,0.3,0,0,applied,clear_constant_wind,1.225,0
2026-01-24T13:59:53.420251,-60.25637054,-66.87528229,-4.08205986,-0.002016821,-0.001285234,-2.109718225,-2.123554945,-0.523058653,0.020519258,8.59E-05,-4.93E-05,-4.82E-09,-0.015425427,0.017061193,-9.806835175,8.59E-05,-4.93E-05,-4.82E-09,127.1720352,7.724952399,-2.144523087,-0.52344985,0.01752512,0.883020829,1,0.3,0,0,applied,clear_constant_wind,1.225,0
2026-01-24T13:59:53.530169,-60.40926361,-66.91300201,-4.080583572,-0.002018078,-0.001282989,-2.109718226,-2.123617887,-0.522783637,0.020495871,7.74E-05,-5.91E-05,-3.21E-09,-0.015421676,0.017066061,-9.806801796,6.95E-05,-6.34E-05,-2.82E-09,127.4598999,7.724952399,-2.144586835,-0.523152835,0.017501863,0.883017363,1,0.3,0,0,applied,clear_constant_wind,1.225,0
2026-01-24T13:59:53.638756,-60.61312103,-66.96317291,-4.078615189,-0.002017858,-0.001282643,-2.109718226,-2.123701811,-0.522415221,0.020468954,4.35E-05,-6.14E-05,-7.86E-09,-0.015416362,0.017072586,-9.806744576,4.35E-05,-6.14E-05,-7.86E-09,127.3569031,7.724952399,-2.144670993,-0.522760475,0.017470556,0.883012788,1,0.3,0,0,applied,clear_constant_wind,1.225,0
2026-01-24T13:59:53.750426,-60.79786682,-67.00852966,-4.076831341,-0.002019071,-0.00128039,-2.109718228,-2.123777866,-0.522080779,0.020438915,2.92E-05,-5.12E-05,-2.71E-09,-0.015410896,0.017078385,-9.806770325,2.72E-05,-4.99E-05,-2.71E-09,127.264473,7.720885653,-2.144746551,-0.522407967,0.017441888,0.883008681,1,0.3,0,0,applied,clear_constant_wind,1.225,0
2026-01-24T13:59:53.874452,-60.95713043,-67.04763031,-4.075298786,-0.002020531,-0.001278096,-2.109718229,-2.123843431,-0.521791935,0.020412823,7.69E-05,-5.60E-05,6.28E-11,-0.015406842,0.017081222,-9.806845665,7.69E-05,-5.60E-05,6.28E-11,127.8481216,7.720885653,-2.144812226,-0.522101348,0.017417284,0.883005111,1,0.3,0,0,applied,clear_constant_wind,1.225,0
2026-01-24T13:59:53.986700,-61.14824677,-67.09455109,-4.073467731,-0.002021194,-0.001276789,-2.10971823,-2.12392211,-0.521443009,0.020384278,3.24E-05,-5.95E-05,6.38E-09,-0.015401875,0.017087944,-9.806762695,3.24E-05,-5.95E-05,6.38E-09,127.2406998,7.716142354,-2.144891704,-0.52173002,0.017387997,0.883000791,1,0.3,0,0,applied,clear_constant_wind,1.225,0
2026-01-24T13:59:54.095604,-61.30751038,-67.13365173,-4.071941853,-0.002022857,-0.001274232,-2.109718231,-2.123987675,-0.521151602,0.020357905,7.13E-05,-6.20E-05,1.23E-08,-0.015397533,0.017091261,-9.806833267,7.13E-05,-6.20E-05,1.23E-08,127.1482697,7.710279591,-2.144958502,-0.52141772,0.017363367,0.88299716,1,0.3,0,0,applied,clear_constant_wind,1.225,0
2026-01-24T13:59:54.203512,-61.47951508,-67.17588043,-4.070293903,-0.002024066,-0.001272278,-2.109718233,-2.124058485,-0.520834804,0.020331189,4.84E-05,-6.50E-05,1.55E-08,-0.015392991,0.017096797,-9.806793213,4.84E-05,-6.50E-05,1.55E-08,127.2855988,7.710279591,-2.145031229,-0.521077475,0.017336533,0.882993206,1,0.3,0,0,applied,clear_constant_wind,1.225,0
2026-01-24T13:59:54.316105,-61.69617462,-67.22905731,-4.068218708,-0.002024878,-0.001271117,-2.109718233,-2.124147654,-0.520433664,0.02030096,6.71E-05,-6.42E-05,1.63E-08,-0.015386879,0.017102765,-9.806724548,6.71E-05,-6.42E-05,1.63E-08,127.5021591,7.710279591,-2.145123516,-0.520645385,0.017302419,0.882988189,1,0.3,0,0,applied,clear_constant_wind,1.225,0
2026-01-24T13:59:54.425612,-61.84915924,-67.26659393,-4.066753864,-0.002027036,-0.00126784,-2.109718235,-2.124210596,-0.520150602,0.020272495,8.15E-05,-5.92E-05,1.91E-09,-0.015382526,0.017106403,-9.806858063,8.15E-05,-5.92E-05,1.91E-09,127.275032,7.706833844,-2.145189119,-0.520338003,0.017278122,0.882984623,1,0.3,0,0,applied,clear_constant_wind,1.225,0
2026-01-24T13:59:54.534502,-62.00214386,-67.30400848,-4.065297127,-0.002029183,-0.001264993,-2.109718237,-2.124273539,-0.519865096,0.020246722,6.92E-05,-5.87E-05,3.52E-09,-0.015378237,0.017111624,-9.806825638,6.02E-05,-6.32E-05,3.53E-09,127.275032,7.701528141,-2.145253602,-0.52003569,0.017254142,0.882981118,1,0.3,0,0,applied,clear_constant_wind,1.225,0
2026-01-24T13:59:54.643743,-62.16150284,-67.3429184,-4.063783169,-0.002030619,-0.001263149,-2.109718238,-2.124339104,-0.51956594,0.020221891,7.50E-05,-6.73E-05,8.26E-09,-0.015374029,0.017115681,-9.80682373,7.50E-05,-6.73E-05,8.26E-09,127.5417709,7.701528141,-2.145320448,-0.5197221,0.017229174,0.882977484,1,0.3,0,0,applied,clear_constant_wind,1.225,0
2026-01-24T13:59:54.753490,-62.34635925,-67.38805389,-4.062026978,-0.002031319,-0.001262164,-2.109718239,-2.124415159,-0.519217432,0.020194434,3.77E-05,-6.82E-05,-1.08E-09,-0.015368967,0.017122168,-9.806768417,3.77E-05,-6.82E-05,-1.08E-09,127.2935257,7.696174557,-2.14539866,-0.519354941,0.017199941,0.882973232,1,0.3,0,0,applied,clear_constant_wind,1.225,0
2026-01-24T13:59:54.869899,-62.56308746,-67.44097137,-4.059967995,-0.002031975,-0.001261463,-2.10971824,-2.124504328,-0.518807888,0.020163205,6.43E-05,-6.86E-05,9.34E-10,-0.01536276,0.017127939,-9.80673027,6.43E-05,-6.86E-05,9.34E-10,126.860405,7.696174557,-2.145491286,-0.518919767,0.017165293,0.882968197,1,0.3,0,0,applied,clear_constant_wind,1.225,0
2026-01-24T13:59:54.976808,-62.71607208,-67.47832489,-4.058514595,-0.002034021,-0.001258479,-2.109718241,-2.12456727,-0.518518984,0.020134142,8.11E-05,-6.35E-05,3.35E-09,-0.015358306,0.017131584,-9.806862831,8.11E-05,-6.35E-05,3.35E-09,127.1958084,7.696174557,-2.14555728,-0.518609475,0.017140589,0.882964609,1,0.3,0,0,applied,clear_constant_wind,1.225,0
2026-01-24T13:59:55.085648,-62.8690567,-67.51567841,-4.057061195,-0.002036118,-0.001255968,-2.109718243,-2.124630213,-0.518227875,0.020108039,7.07E-05,-6.47E-05,1.51E-08,-0.015353977,0.017136389,-9.806837082,7.07E-05,-6.47E-05,1.51E-08,127.3753891,0.132109807,-2.145623789,-0.518296574,0.017115677,0.882960994,1,0.3,0,0,applied,clear_constant_wind,1.225,0
2026-01-24T13:59:55.194538,-63.02841568,-67.55458832,-4.055557728,-0.002037775,-0.001253932,-2.109718245,-2.124695778,-0.51792264,0.020082088,6.54E-05,-7.12E-05,6.97E-09,-0.015349654,0.017141216,-9.806820869,6.54E-05,-7.12E-05,6.97E-09,127.3093643,7.687027572,-2.145693615,-0.517967823,0.017090206,0.882957198,1,0.3,0,0,applied,clear_constant_wind,1.225,0
2026-01-24T13:59:55.302090,-63.21327209,-67.59972382,-4.053815365,-0.002038908,-0.001252782,-2.109718245,-2.124771833,-0.5175668,0.020054376,3.77E-05,-6.80E-05,6.64E-09,-0.015344314,0.01714758,-9.806771278,3.77E-05,-6.80E-05,6.64E-09,127.1192169,7.687027572,-2.145775328,-0.517582827,0.017060489,0.882952756,1,0.3,0,0,applied,clear_constant_wind,1.225,0
2026-01-24T13:59:55.413697,-63.42362595,-67.65086365,-4.051832676,-0.002040283,-0.001251417,-2.109718246,-2.124858379,-0.517160594,0.020023195,4.91E-05,-6.27E-05,4.41E-11,-0.015337972,0.017153664,-9.806736946,4.91E-05,-6.27E-05,4.41E-11,127.6077957,7.687027572,-2.145866232,-0.517154215,0.017026279,0.882947814,1,0.3,0,0,applied,clear_constant_wind,1.225,0
2026-01-24T13:59:55.523452,-63.57023621,-67.68648529,-4.050450802,-0.002042594,-0.001248565,-2.109718248,-2.124918699,-0.516877651,0.019995553,9.10E-05,-5.17E-05,5.00E-10,-0.01533349,0.017156769,-9.806877136,9.07E-05,-6.20E-05,8.93E-10,127.6843796,7.682205041,-2.145929883,-0.516853878,0.017002196,0.882944353,1,0.3,0,0,applied,clear_constant_wind,1.225,0
2026-01-24T13:59:55.635517,-63.73596954,-67.72675323,-4.048888683,-0.002043856,-0.001246872,-2.10971825,-2.124986887,-0.516555488,0.01996799,6.81E-05,-7.54E-05,8.38E-09,-0.015329304,0.017162083,-9.806820869,6.81E-05,-7.54E-05,8.38E-09,127.2275009,7.682205041,-2.146002422,-0.516511382,0.016974732,0.88294041,1,0.3,0,0,applied,clear_constant_wind,1.225,0
2026-01-24T13:59:55.744800,-63.89532852,-67.76547241,-4.047390461,-0.002045853,-0.001244757,-2.109718251,-2.125052452,-0.516244173,0.019940902,6.58E-05,-7.26E-05,1.23E-08,-0.015324564,0.01716692,-9.806832314,6.58E-05,-7.26E-05,1.23E-08,127.6262817,7.678391262,-2.146072763,-0.516179031,0.016948344,0.882936586,1,0.3,0,0,applied,clear_constant_wind,1.225,0
2026-01-24T13:59:55.853491,-64.08023071,-67.81038666,-4.045661926,-0.002047178,-0.00124361,-2.109718252,-2.125128508,-0.5158813,0.019911822,3.59E-05,-7.10E-05,-1.19E-10,-0.015319155,0.017173423,-9.806778908,3.59E-05,-7.10E-05,-1.19E-10,127.4097214,7.678391262,-2.146154957,-0.515790366,0.016918104,0.882932117,1,0.3,0,0,applied,clear_constant_wind,1.225,0
2026-01-24T13:59:55.965456,-64.28433228,-67.8599472,-4.043754578,-0.002048735,-0.001242239,-2.109718253,-2.125212431,-0.515479326,0.019880282,4.15E-05,-6.24E-05,8.94E-09,-0.015312792,0.017179569,-9.80674839,4.15E-05,-6.24E-05,8.94E-09,127.1007309,0.13313007,-2.146246376,-0.515357725,0.016884397,0.882927148,1,0.3,0,0,applied,clear_constant_wind,1.225,0
2026-01-24T13:59:56.073484,-64.44378662,-67.89866638,-4.042264462,-0.00205084,-0.001239584,-2.109718255,-2.125277996,-0.51516515,0.019851305,8.24E-05,-6.90E-05,3.92E-09,-0.015308249,0.017182911,-9.806858063,8.24E-05,-6.90E-05,3.92E-09,127.6183548,0.13313007,-2.146318486,-0.515016195,0.016857789,0.882923227,1,0.3,0,0,applied,clear_constant_wind,1.225,0
2026-01-24T13:59:56.185426,-64.60324097,-67.93730927,-4.040774345,-0.002053287,-0.001236936,-2.109718257,-2.125343561,-0.51484865,0.019823235,6.20E-05,-6.94E-05,3.20E-09,-0.015303543,0.017188307,-9.806835175,6.20E-05,-6.94E-05,3.20E-09,127.2354202,7.668412871,-2.146390134,-0.514676629,0.016830929,0.882919332,1,0.3,0,0,applied,clear_constant_wind,1.225,0
2026-01-24T13:59:56.293448,-64.76269531,-67.97583771,-4.039284229,-0.002055683,-0.001234566,-2.109718259,-2.125410795,-0.514529943,0.019796072,6.36E-05,-7.17E-05,7.96E-09,-0.01529883,0.017193163,-9.806829453,6.36E-05,-7.17E-05,7.96E-09,127.2908783,7.668412871,-2.146460776,-0.514341621,0.016803811,0.882915492,1,0.3,0,0,applied,clear_constant_wind,1.225,0
2026-01-24T13:59:56.402210,-64.94766235,-68.0205307,-4.037565708,-0.002056933,-0.001233515,-2.109718259,-2.125490189,-0.514158368,0.019766767,3.87E-05,-7.26E-05,1.51E-08,-0.01529338,0.017199675,-9.806779861,3.87E-05,-7.26E-05,1.51E-08,127.3384171,7.668412871,-2.146543477,-0.513949111,0.016772745,0.882910996,1,0.3,0,0,applied,clear_constant_wind,1.225,0
2026-01-24T13:59:56.513611,-65.15176392,-68.06984711,-4.035673618,-0.002058181,-0.001232362,-2.10971826,-2.125578642,-0.513747096,0.019734278,4.68E-05,-6.48E-05,1.83E-08,-0.015286951,0.017205948,-9.806751251,4.68E-05,-6.48E-05,1.83E-08,127.1905289,7.664091871,-2.146635694,-0.513511058,0.016738375,0.882905982,1,0.3,0,0,applied,clear_constant_wind,1.225,0
2026-01-24T13:59:56.622766,-65.29846191,-68.10529327,-4.034313679,-0.002060546,-0.001229448,-2.109718263,-2.125641823,-0.513451695,0.019706218,9.13E-05,-5.51E-05,1.64E-08,-0.0152821,0.017209107,-9.80689621,9.13E-05,-5.51E-05,1.64E-08,127.5840225,7.658404532,-2.146702608,-0.513192956,0.016713416,0.882902344,1,0.3,0,0,applied,clear_constant_wind,1.225,0
2026-01-24T13:59:56.732456,-65.46429443,-68.14536285,-4.032776356,-0.002061982,-0.001227354,-2.109718264,-2.125715017,-0.513115227,0.019677522,6.42E-05,-7.62E-05,9.38E-09,-0.015277877,0.017214859,-9.806816101,6.42E-05,-7.62E-05,9.38E-09,127.0822449,7.658404532,-2.146778896,-0.512830038,0.016684942,0.882898197,1,0.3,0,0,applied,clear_constant_wind,1.225,0
2026-01-24T13:59:56.843669,-65.61737061,-68.18235016,-4.031357288,-0.002064302,-0.001224692,-2.109718266,-2.125783682,-0.512803376,0.019650275,7.57E-05,-6.92E-05,1.57E-08,-0.015272962,0.017219462,-9.806852341,7.57E-05,-6.92E-05,1.57E-08,127.5893097,7.654805933,-2.146849932,-0.512491862,0.01665841,0.882894335,1,0.3,0,0,applied,clear_constant_wind,1.225,0
2026-01-24T13:59:56.953744,-65.81509399,-68.23011017,-4.029531002,-0.002065129,-0.00122367,-2.109718267,-2.125872374,-0.512397707,0.019619677,3.78E-05,-6.84E-05,1.65E-08,-0.015267003,0.017226985,-9.806757927,3.78E-05,-6.84E-05,1.65E-08,127.8137894,7.654805933,-2.14694235,-0.512051531,0.016624262,0.88288931,1,0.3,0,0,applied,clear_constant_wind,1.225,0
2026-01-24T13:59:57.062028,-66.00006104,-68.27458191,-4.027830124,-0.002066941,-0.001221078,-2.109718268,-2.125955343,-0.512017071,0.019587016,3.26E-05,-5.88E-05,-6.04E-10,-0.015261085,0.017232902,-9.806792259,3.26E-05,-5.88E-05,-6.04E-10,127.5391312,7.649926558,-2.1470267,-0.511649312,0.016592482,0.882884725,1,0.3,0,0,applied,clear_constant_wind,1.225,0
2026-01-24T13:59:57.170900,-66.15313721,-68.31138611,-4.026422501,-0.002069319,-0.001217958,-2.109718271,-2.126024008,-0.511701047,0.019558584,8.11E-05,-6.39E-05,4.15E-09,-0.0152564,0.017236663,-9.806853294,7.65E-05,-6.92E-05,4.93E-09,127.1852417,7.649926558,-2.147097166,-0.511313045,0.016565914,0.882880893,1,0.3,0,0,applied,clear_constant_wind,1.225,0
2026-01-24T13:59:57.282418,-66.31259155,-68.34972382,-4.024956226,-0.002070807,-0.001215801,-2.109718272,-2.126095533,-0.511370122,0.019530924,8.39E-05,-7.43E-05,4.98E-09,-0.015251766,0.017241342,-9.806845665,8.39E-05,-7.43E-05,4.98E-09,127.0743256,7.644442481,-2.147171212,-0.510959446,0.016537977,0.882876868,1,0.3,0,0,applied,clear_constant_wind,1.225,0
2026-01-24T13:59:57.391244,-66.4720459,-68.38806152,-4.023489952,-0.002072515,-0.001213521,-2.109718274,-2.126167059,-0.51103723,0.019502578,7.64E-05,-7.88E-05,3.48E-09,-0.015246984,0.017246632,-9.806838989,7.64E-05,-7.88E-05,3.48E-09,127.5893097,7.644442481,-2.147245922,-0.510602412,0.016509769,0.882872806,1,0.3,0,0,applied,clear_constant_wind,1.225,0
2026-01-24T13:59:57.501016,-66.68252563,-68.4386673,-4.021554947,-0.002073121,-0.00121306,-2.109718274,-2.126261473,-0.510595739,0.019470127,5.57E-05,-7.22E-05,-3.11E-09,-0.01524022,0.017254341,-9.806745529,5.57E-05,-7.22E-05,-3.11E-09,126.9475555,7.644442481,-2.147345574,-0.510125778,0.016472148,0.882867388,1,0.3,0,0,applied,clear_constant_wind,1.225,0
2026-01-24T13:59:57.610986,-66.85473633,-68.48007202,-4.019984245,-0.002075031,-0.001210087,-2.109718276,-2.12633872,-0.510234058,0.019436289,4.90E-05,-6.77E-05,-1.20E-08,-0.015234481,0.017260341,-9.806820869,3.73E-05,-6.42E-05,-1.28E-08,127.3357773,7.641388591,-2.14742799,-0.509731202,0.016441938,0.882862907,1,0.3,0,0,applied,clear_constant_wind,1.225,0
2026-01-24T13:59:57.722720,-67.0078125,-68.51687622,-4.018588066,-0.002077805,-0.001206947,-2.109718279,-2.126407385,-0.50991106,0.019408017,7.77E-05,-5.80E-05,-7.66E-09,-0.015229583,0.017264253,-9.806864738,7.70E-05,-6.67E-05,-7.27E-09,127.1033707,0.125219409,-2.147501929,-0.509376934,0.016414815,0.882858887,1,0.3,0,0,applied,clear_constant_wind,1.225,0
2026-01-24T13:59:57.828955,-67.1289978,-68.54588318,-4.017482758,-0.002081125,-0.001203833,-2.109718281,-2.126461744,-0.509654105,0.019384362,9.53E-06,4.95E-05,6.19E-10,-0.015222183,0.017270522,-9.806966782,9.53E-06,4.95E-05,6.19E-10,127.7583313,0.125219409,-2.147558976,-0.50910345,0.016393146,0.882855786,1,0.3,0,0,applied,clear_constant_wind,1.225,0
2026-01-24T13:59:57.940211,-67.33309937,-68.5947113,-4.015621185,-0.002081262,-0.001202959,-2.109718282,-2.126553297,-0.509216726,0.019352816,4.21E-05,-8.13E-05,-2.06E-09,-0.015219939,0.01727581,-9.806743622,4.21E-05,-8.13E-05,-2.06E-09,127.660614,0.125219409,-2.147655571,-0.508640028,0.016356278,0.882850534,1,0.3,0,0,applied,clear_constant_wind,1.225,0
2026-01-24T13:59:58.049513,-67.51168823,-68.63743591,-4.01399231,-0.002083157,-0.001200572,-2.109718284,-2.126633406,-0.508833468,0.019319119,3.98E-05,-6.91E-05,3.49E-09,-0.015213897,0.017281571,-9.806816101,3.98E-05,-6.91E-05,3.49E-09,127.2327805,0.113011274,-2.147741032,-0.508229651,0.016323631,0.882845887,1,0.3,0,0,applied,clear_constant_wind,1.225,0
2026-01-24T13:59:58.157943,-67.6647644,-68.67405701,-4.012604237,-0.002085861,-0.001197505,-2.109718286,-2.12670207,-0.508503675,0.019288884,7.81E-05,-7.08E-05,-1.93E-09,-0.015208871,0.017285565,-9.806882858,7.81E-05,-7.08E-05,-1.93E-09,127.024147,0.113011274,-2.14781499,-0.507874211,0.016295976,0.882841866,1,0.3,0,0,applied,clear_constant_wind,1.225,0
2026-01-24T13:59:58.269030,-67.81784058,-68.7106781,-4.011219501,-0.002088178,-0.001194813,-2.109718288,-2.126770735,-0.508171856,0.01926009,8.42E-05,-7.55E-05,-5.77E-09,-0.015204036,0.017290816,-9.806842804,7.53E-05,-8.05E-05,-6.16E-09,127.4863129,7.627552052,-2.147889611,-0.507515314,0.01626831,0.882837809,1,0.3,0,0,applied,clear_constant_wind,1.225,0
2026-01-24T13:59:58.378220,-67.9836731,-68.75035095,-4.009719372,-0.002089738,-0.001193067,-2.10971829,-2.126845121,-0.507810652,0.019231407,7.70E-05,-8.58E-05,-4.54E-09,-0.015198996,0.017296089,-9.806835175,7.70E-05,-8.58E-05,-4.54E-09,127.3885956,7.622020364,-2.14797121,-0.50712255,0.016238034,0.882833373,1,0.3,0,0,applied,clear_constant_wind,1.225,0
2026-01-24T13:59:58.490210,-68.20053101,-68.80222321,-4.007757664,-0.002091342,-0.001192159,-2.109718291,-2.126942396,-0.507335305,0.01919673,7.21E-05,-7.78E-05,-4.45E-09,-0.01519159,0.017303858,-9.806736946,7.21E-05,-7.78E-05,-4.45E-09,127.0796051,7.622020364,-2.14807901,-0.506603184,0.016197955,0.882827511,1,0.3,0,0,applied,clear_constant_wind,1.225,0
2026-01-24T13:59:58.598041,-68.36636353,-68.84169769,-4.006257534,-0.002093891,-0.001188734,-2.109718293,-2.127016783,-0.506971419,0.019162027,6.10E-05,-7.20E-05,-5.13E-09,-0.015186097,0.01730923,-9.806862831,6.10E-05,-7.20E-05,-5.13E-09,127.3780289,7.622020364,-2.148159393,-0.506215582,0.016166908,0.882823141,1,0.3,0,0,applied,clear_constant_wind,1.225,0
2026-01-24T13:59:58.709078,-68.5194397,-68.87813568,-4.004880428,-0.002097187,-0.001185352,-2.109718296,-2.127085447,-0.506633162,0.019131489,7.01E-05,-7.06E-05,2.61E-11,-0.015180835,0.017314665,-9.806861877,6.25E-05,-7.54E-05,1.20E-09,127.4704666,7.617649791,-2.1482343,-0.505854088,0.016138554,0.882819068,1,0.3,0,0,applied,clear_constant_wind,1.225,0
2026-01-24T13:59:58.818840,-68.68527222,-68.91761017,-4.003392696,-0.002099125,-0.001183431,-2.109718298,-2.127159834,-0.506264389,0.019101297,7.36E-05,-8.67E-05,8.71E-11,-0.015175842,0.017319733,-9.806845665,7.36E-05,-8.67E-05,8.71E-11,127.5364914,7.617649791,-2.148316228,-0.505458392,0.016107845,0.882814614,1,0.3,0,0,applied,clear_constant_wind,1.225,0
2026-01-24T13:59:58.941984,-68.85110474,-68.95708466,-4.001904964,-0.002101405,-0.001181244,-2.1097183,-2.127234221,-0.505893946,0.019070273,6.18E-05,-8.55E-05,6.42E-09,-0.015170289,0.017325662,-9.806839943,6.18E-05,-8.55E-05,6.42E-09,127.1271439,7.613731256,-2.148398979,-0.505058387,0.016076802,0.882810114,1,0.3,0,0,applied,clear_constant_wind,1.225,0
2026-01-24T13:59:59.051782,-69.06809235,-69.00870514,-3.999959469,-0.002103205,-0.001180366,-2.109718301,-2.127332687,-0.505406439,0.019034903,7.48E-05,-8.23E-05,1.47E-08,-0.015162792,0.017333079,-9.8067379,7.48E-05,-8.23E-05,1.47E-08,127.5074387,7.613731256,-2.148508033,-0.504530741,0.016035761,0.882804185,1,0.3,0,0,applied,clear_constant_wind,1.225,0
2026-01-24T13:59:59.160069,-69.24689484,-69.05121613,-3.998363256,-0.002105518,-0.001177535,-2.109718303,-2.12741518,-0.505004585,0.018997736,3.14E-05,-7.07E-05,1.52E-08,-0.015156613,0.017340081,-9.806838036,3.14E-05,-7.07E-05,1.52E-08,127.3489838,7.608271231,-2.148598578,-0.504092192,0.016002053,0.882799262,1,0.3,0,0,applied,clear_constant_wind,1.225,0
2026-01-24T13:59:59.284842,-69.40653992,-69.08908844,-3.996938705,-0.002109011,-0.001173916,-2.109718306,-2.127490759,-0.5046435,0.018965458,6.73E-05,-7.17E-05,1.26E-08,-0.015151123,0.017344637,-9.806872368,6.73E-05,-7.17E-05,1.26E-08,127.4836731,7.608271231,-2.148678923,-0.503702729,0.015971659,0.882794893,1,0.3,0,0,applied,clear_constant_wind,1.225,0
2026-01-24T13:59:59.398140,-69.59811401,-69.13440704,-3.995234251,-0.00211101,-0.001171906,-2.109718308,-2.127583742,-0.504206717,0.018931359,3.32E-05,-7.19E-05,4.82E-09,-0.015144717,0.017352469,-9.806788445,3.32E-05,-7.19E-05,4.82E-09,126.9845352,7.604529742,-2.148774323,-0.503239887,0.015935152,0.882789706,1,0.3,0,0,applied,clear_constant_wind,1.225,0
2026-01-24T13:59:59.507392,-69.75137329,-69.17066193,-3.993872404,-0.002113827,-0.001168442,-2.109718311,-2.127658129,-0.50385648,0.018899513,9.11E-05,-7.26E-05,-9.79E-10,-0.015139406,0.017356439,-9.806882858,8.63E-05,-7.89E-05,-9.77E-10,127.327858,7.604529742,-2.148851466,-0.502865297,0.015905748,0.882785511,1,0.3,0,0,applied,clear_constant_wind,1.225,0
2026-01-24T13:59:59.617069,-69.93656158,-69.21446991,-3.992229223,-0.00211481,-0.001167056,-2.109718312,-2.127748013,-0.503430426,0.018866073,5.22E-05,-8.56E-05,3.40E-09,-0.015133572,0.017363746,-9.806810379,5.22E-05,-8.56E-05,3.40E-09,126.9950943,7.604529742,-2.14894567,-0.502407454,0.015870005,0.882780389,1,0.3,0,0,applied,clear_constant_wind,1.225,0
2026-01-24T13:59:59.727359,-70.14090729,-69.26280975,-3.990421057,-0.002116896,-0.00116491,-2.109718314,-2.127847195,-0.502958059,0.018828657,4.67E-05,-6.84E-05,7.54E-10,-0.015125943,0.017371433,-9.806771278,4.67E-05,-6.84E-05,7.54E-10,127.7583313,7.600080007,-2.149050898,-0.501895504,0.015830456,0.882774668,1,0.3,0,0,applied,clear_constant_wind,1.225,0
2026-01-24T13:59:59.836310,-70.28778076,-69.29755402,-3.989121437,-0.002119998,-0.001160934,-2.109718317,-2.127918482,-0.502618194,0.018796081,0.000101343,-5.68E-05,-2.68E-09,-0.015120365,0.017374981,-9.806939125,0.000101343,-5.68E-05,-2.68E-09,127.264473,7.594659338,-2.149127375,-0.50152309,0.015801686,0.882770509,1,0.3,0,0,applied,clear_constant_wind,1.225,0
2026-01-24T13:59:59.945724,-70.44742584,-69.33531189,-3.987714529,-0.002122382,-0.001157637,-2.109718319,-2.127995968,-0.502245247,0.018763622,8.11E-05,-8.12E-05,1.55E-10,-0.01511568,0.017381018,-9.806861877,8.11E-05,-8.12E-05,1.55E-10,127.4123611,7.594659338,-2.149211187,-0.501114611,0.015770564,0.882765952,1,0.3,0,0,applied,clear_constant_wind,1.225,0
2026-01-24T14:00:00.056960,-70.60068512,-69.37138367,-3.986364126,-0.002125447,-0.001154216,-2.109718322,-2.128070354,-0.501885116,0.018733153,8.18E-05,-7.67E-05,3.36E-09,-0.015110116,0.0173866,-9.806877136,8.18E-05,-7.67E-05,3.36E-09,127.560257,7.591637743,-2.149289541,-0.50073245,0.015740362,0.882761692,1,0.3,0,0,applied,clear_constant_wind,1.225,0
2026-01-24T14:00:00.168239,-70.80503082,-69.41947937,-3.984568119,-0.002126588,-0.001153436,-2.109718323,-2.128169537,-0.501401484,0.018698234,4.99E-05,-8.04E-05,6.19E-09,-0.0151031,0.017395167,-9.806764603,4.99E-05,-8.04E-05,6.19E-09,127.4018021,7.591637743,-2.149395221,-0.500216515,0.015699974,0.882755945,1,0.3,0,0,applied,clear_constant_wind,1.225,0
2026-01-24T14:00:00.277951,-70.99021912,-69.4630661,-3.982943296,-0.002128577,-0.001150811,-2.109718325,-2.12825942,-0.500962198,0.018660264,3.45E-05,-7.35E-05,1.33E-08,-0.015096392,0.017402109,-9.806821823,3.45E-05,-7.35E-05,1.33E-08,127.6949463,7.58659162,-2.149492208,-0.499742524,0.015663111,0.882750672,1,0.3,0,0,applied,clear_constant_wind,1.225,0
2026-01-24T14:00:00.388302,-71.15625,-69.50214386,-3.981488943,-0.002131322,-0.001147641,-2.109718328,-2.128340006,-0.500566721,0.018625498,7.30E-05,-8.27E-05,1.58E-08,-0.015090695,0.017406948,-9.806873322,7.30E-05,-8.27E-05,1.58E-08,127.3991623,7.58659162,-2.149580161,-0.49931227,0.015629856,0.882745889,1,0.3,0,0,applied,clear_constant_wind,1.225,0
2026-01-24T14:00:00.499052,-71.31589508,-69.53971863,-3.980094194,-0.002134269,-0.001144315,-2.109718331,-2.128417492,-0.500184298,0.018592041,7.82E-05,-8.33E-05,1.66E-08,-0.015084959,0.017412638,-9.806879997,7.82E-05,-8.33E-05,1.66E-08,127.3569031,7.581535297,-2.149665636,-0.498893756,0.015597826,0.882741241,1,0.3,0,0,applied,clear_constant_wind,1.225,0
2026-01-24T14:00:00.609366,-71.47554016,-69.5772934,-3.978699446,-0.002137206,-0.001141141,-2.109718334,-2.128494978,-0.499799192,0.01855946,7.51E-05,-8.61E-05,1.16E-08,-0.015079284,0.017418575,-9.806869507,7.51E-05,-8.61E-05,1.16E-08,127.6262817,7.581535297,-2.149752014,-0.498470446,0.015565431,0.882736544,1,0.3,0,0,applied,clear_constant_wind,1.225,0
2026-01-24T14:00:00.717331,-71.67350006,-69.62368774,-3.976976395,-0.002139346,-0.001139527,-2.109718336,-2.128591061,-0.499318451,0.018523378,3.55E-05,-7.66E-05,4.68E-09,-0.015071863,0.017427273,-9.806783676,3.55E-05,-7.66E-05,4.68E-09,127.8613281,7.581535297,-2.149857,-0.497955467,0.015525285,0.882730836,1,0.3,0,0,applied,clear_constant_wind,1.225,0
2026-01-24T14:00:00.825811,-71.85868835,-69.66705322,-3.9753654,-0.002142019,-0.001136564,-2.109718338,-2.128680944,-0.498866767,0.018484674,3.14E-05,-7.26E-05,3.61E-09,-0.015065012,0.017434115,-9.806825638,3.14E-05,-7.26E-05,3.61E-09,127.3991623,0.129806485,-2.149955861,-0.497470024,0.015487281,0.88272546,1,0.3,0,0,applied,clear_constant_wind,1.225,0
2026-01-24T14:00:00.938199,-72.00556183,-69.70144653,-3.97409153,-0.002145768,-0.001132618,-2.109718342,-2.128752232,-0.498507172,0.018451493,8.81E-05,-6.62E-05,4.47E-09,-0.015059363,0.017438173,-9.806917191,8.79E-05,-7.72E-05,4.47E-09,127.4097214,0.132429175,-2.150035145,-0.497080342,0.015457114,0.882721149,1,0.3,0,0,applied,clear_constant_wind,1.225,0
2026-01-24T14:00:01.049793,-72.17159271,-69.74032593,-3.972653389,-0.002148073,-0.001130023,-2.109718344,-2.128835917,-0.49809733,0.01841737,7.28E-05,-9.31E-05,-1.70E-09,-0.015054056,0.017444478,-9.806852341,7.28E-05,-9.31E-05,-1.70E-09,127.3172913,0.132429175,-2.150125722,-0.496634759,0.015422788,0.882716223,1,0.3,0,0,applied,clear_constant_wind,1.225,0
2026-01-24T14:00:01.155782,-72.32485199,-69.7762146,-3.971328497,-0.002151283,-0.001126733,-2.109718347,-2.128914118,-0.497717172,0.018384872,8.74E-05,-8.39E-05,5.43E-09,-0.015048031,0.017449994,-9.806901932,8.74E-05,-8.39E-05,5.43E-09,127.2723923,0.132575941,-2.150210241,-0.496218593,0.015390965,0.882711627,1,0.3,0,0,applied,clear_constant_wind,1.225,0
2026-01-24T14:00:01.281119,-72.5419693,-69.82705688,-3.969455957,-0.00215283,-0.001125695,-2.109718348,-2.129027605,-0.497174323,0.018346336,8.40E-05,-9.01E-05,-2.29E-09,-0.015040145,0.017458793,-9.806745529,8.40E-05,-9.01E-05,-2.29E-09,127.2142944,0.132575941,-2.150331499,-0.495620877,0.015345657,0.882705033,1,0.3,0,0,applied,clear_constant_wind,1.225,0
2026-01-24T14:00:01.393627,-72.75270081,-69.87615204,-3.967642546,-0.002155008,-0.001122922,-2.109718351,-2.129137754,-0.496646672,0.018302836,3.47E-05,-6.66E-05,-5.78E-10,-0.01503166,0.017468322,-9.806787491,3.47E-05,-6.66E-05,-5.78E-10,127.5338516,0.132575941,-2.150446472,-0.495053488,0.015301319,0.882698781,1,0.3,0,0,applied,clear_constant_wind,1.225,0
2026-01-24T14:00:01.502156,-72.89957428,-69.91036987,-3.966381311,-0.002158793,-0.001118053,-2.109718355,-2.129214525,-0.496277958,0.018266514,0.000106158,-5.47E-05,5.41E-09,-0.015025644,0.017471768,-9.806980133,0.000106158,-5.47E-05,5.41E-09,127.0663986,0.13294417,-2.150527604,-0.49465269,0.015270243,0.88269437,1,0.3,0,0,applied,clear_constant_wind,1.225,0
2026-01-24T14:00:01.612118,-73.05283356,-69.94607544,-3.96506691,-0.002161863,-0.001113944,-2.109718359,-2.129294634,-0.495889306,0.018231671,0.000100146,-7.73E-05,1.22E-08,-0.015020667,0.017478213,-9.806883812,8.74E-05,-8.43E-05,1.22E-08,127.4783859,0,-2.150613153,-0.494229694,0.015237601,0.882689717,1,0.3,0,0,applied,clear_constant_wind,1.225,0
2026-01-24T14:00:01.722064,-73.21247864,-69.98326874,-3.963701963,-0.002164449,-0.001110838,-2.109718362,-2.12937808,-0.49548173,0.018198514,9.13E-05,-8.75E-05,1.30E-08,-0.015014869,0.017484192,-9.806890488,9.13E-05,-8.75E-05,1.30E-08,127.1139374,0,-2.150703248,-0.4937838,0.015203585,0.882684818,1,0.3,0,0,applied,clear_constant_wind,1.225,0
2026-01-24T14:00:01.832371,-73.41043854,-70.02938843,-3.96200943,-0.002166397,-0.001109002,-2.109718363,-2.129481554,-0.494972795,0.018160218,3.67E-05,-7.98E-05,1.12E-08,-0.015007203,0.017493779,-9.806798935,3.67E-05,-7.98E-05,1.12E-08,127.2486267,0,-2.150816385,-0.493223272,0.015160825,0.882678666,1,0.3,0,0,applied,clear_constant_wind,1.225,0
2026-01-24T14:00:01.943616,-73.60201263,-70.07395172,-3.96037817,-0.002169504,-0.001105334,-2.109718367,-2.12958169,-0.494477808,0.018118301,2.81E-05,-6.74E-05,-1.99E-09,-0.014999463,0.017501518,-9.80682373,2.81E-05,-6.74E-05,-1.99E-09,127.4018021,7.556258515,-2.150926143,-0.492678844,0.015119442,0.882672697,1,0.3,0,0,applied,clear_constant_wind,1.225,0
2026-01-24T14:00:02.053893,-73.76165771,-70.11095428,-3.959019184,-0.002173303,-0.001100802,-2.109718371,-2.129665136,-0.494063228,0.018081011,8.64E-05,-8.05E-05,-4.23E-09,-0.014993561,0.017506003,-9.806918144,8.64E-05,-8.05E-05,-4.23E-09,127.1403503,7.556258515,-2.15101632,-0.492231103,0.015084505,0.882667793,1,0.3,0,0,applied,clear_constant_wind,1.225,0
2026-01-24T14:00:02.162513,-73.91491699,-70.14647675,-3.957719803,-0.002176989,-0.001096606,-2.109718375,-2.129745245,-0.49366191,0.018045695,9.13E-05,-8.17E-05,-1.04E-08,-0.014987559,0.01751196,-9.806915283,9.13E-05,-8.17E-05,-1.04E-08,127.3410568,0.135622918,-2.151103868,-0.491795988,0.015051056,0.882663032,1,0.3,0,0,applied,clear_constant_wind,1.225,0
2026-01-24T14:00:02.272261,-74.06817627,-70.18199921,-3.956420898,-0.002180304,-0.001092922,-2.109718379,-2.129825354,-0.493257523,0.018011402,9.17E-05,-8.80E-05,-1.30E-08,-0.014981704,0.01751863,-9.806885719,8.09E-05,-9.46E-05,-1.34E-08,127.256546,0.13736922,-2.151192394,-0.491355602,0.015017248,0.882658218,1,0.3,0,0,applied,clear_constant_wind,1.225,0
2026-01-24T14:00:02.382850,-74.27915192,-70.23084259,-3.954640627,-0.002181407,-0.001092619,-2.109718379,-2.129935503,-0.492698133,0.01797227,5.59E-05,-9.33E-05,-1.06E-08,-0.014973597,0.017527917,-9.806779861,5.59E-05,-9.33E-05,-1.06E-08,127.256546,0.13736922,-2.151314831,-0.490745835,0.014970781,0.88265156,1,0.3,0,0,applied,clear_constant_wind,1.225,0
2026-01-24T14:00:02.491322,-74.45816803,-70.27228546,-3.953131914,-0.002184749,-0.001088627,-2.109718383,-2.130028963,-0.492222279,0.017929468,3.51E-05,-7.80E-05,-1.40E-08,-0.014965724,0.017536055,-9.806852341,2.53E-05,-7.40E-05,-1.36E-08,127.4863129,0.13736922,-2.15142019,-0.49022048,0.014930919,0.88264583,1,0.3,0,0,applied,clear_constant_wind,1.225,0
2026-01-24T14:00:02.602312,-74.61800385,-70.30915833,-3.951788902,-0.002188769,-0.001084422,-2.109718387,-2.130114317,-0.491795212,0.017892156,9.03E-05,-8.11E-05,-7.99E-09,-0.014959659,0.017540809,-9.806917191,8.52E-05,-8.85E-05,-8.77E-09,127.3806763,0.137764006,-2.151513,-0.48975723,0.014895226,0.882640783,1,0.3,0,0,applied,clear_constant_wind,1.225,0
2026-01-24T14:00:02.711272,-74.77783966,-70.34597015,-3.950447798,-0.002192068,-0.00108074,-2.109718391,-2.13020134,-0.491365016,0.017855475,9.65E-05,-8.83E-05,-8.27E-09,-0.01495344,0.017546775,-9.806921005,9.65E-05,-8.83E-05,-8.27E-09,127.0505524,0.137764006,-2.151605764,-0.489293758,0.01485925,0.882635738,1,0.3,0,0,applied,clear_constant_wind,1.225,0
2026-01-24T14:00:02.820755,-74.93767548,-70.38278198,-3.949110508,-0.002195343,-0.001076969,-2.109718395,-2.130290747,-0.490931451,0.01781855,8.67E-05,-9.35E-05,-2.68E-09,-0.014947224,0.017553655,-9.806902885,8.67E-05,-9.35E-05,-2.68E-09,127.1826019,0.138685461,-2.151699645,-0.488824225,0.014823184,0.882630633,1,0.3,0,0,applied,clear_constant_wind,1.225,0
2026-01-24T14:00:02.935555,-75.14865875,-70.4313736,-3.947348118,-0.002197121,-0.001075646,-2.109718396,-2.130408764,-0.490355164,0.017777074,6.39E-05,-8.98E-05,-9.61E-09,-0.014938571,0.017563585,-9.806781769,6.39E-05,-8.98E-05,-9.61E-09,127.327858,0.138685461,-2.151825316,-0.488194956,0.014775134,0.882623798,1,0.3,0,0,applied,clear_constant_wind,1.225,0
2026-01-24T14:00:03.044609,-75.32767487,-70.47260284,-3.945857286,-0.002200111,-0.001071408,-2.1097184,-2.1305089,-0.489864796,0.017732928,4.22E-05,-7.94E-05,-7.89E-09,-0.014931098,0.017571338,-9.806877136,4.22E-05,-7.94E-05,-7.89E-09,127.2169342,0.141891074,-2.151933536,-0.487652374,0.014734162,0.882617913,1,0.3,0,0,applied,clear_constant_wind,1.225,0
2026-01-24T14:00:03.155702,-75.48111725,-70.50789642,-3.94458127,-0.00220455,-0.001066191,-2.109718405,-2.13059473,-0.489441752,0.017694896,8.98E-05,-7.78E-05,-1.13E-08,-0.014924554,0.017576542,-9.806947708,8.98E-05,-7.78E-05,-1.13E-08,127.560257,0.141891074,-2.152026594,-0.487185312,0.014698737,0.882612852,1,0.3,0,0,applied,clear_constant_wind,1.225,0
2026-01-24T14:00:03.264556,-75.64095306,-70.54451752,-3.94325614,-0.002208084,-0.001061834,-2.10971841,-2.130684137,-0.488997012,0.017657354,8.84E-05,-9.26E-05,-8.43E-09,-0.014918439,0.017583262,-9.806903839,8.84E-05,-9.26E-05,-8.43E-09,127.4836731,7.531629257,-2.15212191,-0.486706455,0.014661748,0.882607669,1,0.3,0,0,applied,clear_constant_wind,1.225,0
2026-01-24T14:00:03.372119,-75.80078888,-70.58113861,-3.941932917,-0.002211362,-0.001058022,-2.109718413,-2.130773544,-0.488548934,0.017620347,8.95E-05,-9.89E-05,-1.67E-09,-0.014911951,0.017590065,-9.806905746,8.95E-05,-9.89E-05,-1.67E-09,127.5021591,0.144009936,-2.152218416,-0.486221108,0.014624456,0.88260242,1,0.3,0,0,applied,clear_constant_wind,1.225,0
2026-01-24T14:00:03.483612,-76.01816559,-70.6309433,-3.940139055,-0.002213308,-0.001056655,-2.109718415,-2.130895138,-0.487935126,0.017576989,9.44E-05,-0.000101398,-1.05E-08,-0.014902808,0.017599747,-9.806763649,9.44E-05,-0.000101398,-1.05E-08,127.3965225,0.144009936,-2.152351614,-0.485550383,0.014573516,0.882595176,1,0.3,0,0,applied,clear_constant_wind,1.225,0
2026-01-24T14:00:03.591307,-76.18439484,-70.66902924,-3.938769102,-0.002216471,-0.001052061,-2.109718419,-2.130988121,-0.487465143,0.017532952,7.89E-05,-9.29E-05,-1.23E-08,-0.014895365,0.017607678,-9.806907654,5.74E-05,-8.93E-05,-1.23E-08,126.8445587,0.144009936,-2.152455021,-0.485028998,0.01453411,0.882589552,1,0.3,0,0,applied,clear_constant_wind,1.225,0
2026-01-24T14:00:03.702184,-76.34423065,-70.70565033,-3.937455893,-0.002220571,-0.001047733,-2.109718424,-2.131077528,-0.4870103,0.017493822,8.61E-05,-8.74E-05,-1.85E-08,-0.014888599,0.017613702,-9.806945801,8.61E-05,-8.74E-05,-1.85E-08,127.2591934,0.144049248,-2.152555744,-0.484520572,0.014496112,0.882584075,1,0.3,0,0,applied,clear_constant_wind,1.225,0
2026-01-24T14:00:03.812395,-76.50406647,-70.74208832,-3.93614459,-0.002224717,-0.001043077,-2.109718429,-2.131166935,-0.486551523,0.017454471,8.58E-05,-9.42E-05,-1.21E-08,-0.014882023,0.01762056,-9.806921005,8.58E-05,-9.42E-05,-1.21E-08,126.9079437,0.144049248,-2.152654067,-0.484023761,0.014457765,0.882578727,1,0.3,0,0,applied,clear_constant_wind,1.225,0
2026-01-24T14:00:03.919347,-76.67029572,-70.77997589,-3.934785366,-0.002228297,-0.001039241,-2.109718433,-2.131261587,-0.486070424,0.017414968,7.12E-05,-0.000100591,-7.63E-09,-0.014875088,0.017628312,-9.806897163,7.12E-05,-0.000100591,-7.63E-09,127.8322754,0.144020682,-2.152757512,-0.483500483,0.014417797,0.882573101,1,0.3,0,0,applied,clear_constant_wind,1.225,0
2026-01-24T14:00:04.030513,-76.88767242,-70.82952118,-3.933010101,-0.002230974,-0.001037279,-2.109718436,-2.131386995,-0.48543644,0.017369363,9.18E-05,-0.000102004,-2.79E-09,-0.014865573,0.017637875,-9.806773186,9.18E-05,-0.000102004,-2.79E-09,127.1535492,0.144020682,-2.152894908,-0.482804534,0.014364877,0.882565629,1,0.3,0,0,applied,clear_constant_wind,1.225,0
2026-01-24T14:00:04.140789,-77.04111481,-70.86449432,-3.931761503,-0.002235261,-0.001031711,-2.109718441,-2.131476164,-0.484988153,0.017325427,0.000112504,-9.13E-05,-2.99E-09,-0.014858612,0.017643617,-9.806984901,0.000112504,-9.13E-05,-2.99E-09,127.1377029,7.514027338,-2.152993373,-0.482305129,0.014327397,0.882560273,1,0.3,0,0,applied,clear_constant_wind,1.225,0
2026-01-24T14:00:04.250511,-77.20095062,-70.90092468,-3.930462122,-0.002239408,-0.00102689,-2.109718446,-2.131571531,-0.48451665,0.017284933,8.43E-05,-9.54E-05,3.03E-09,-0.014851774,0.017651647,-9.806923866,8.43E-05,-9.54E-05,3.03E-09,126.8366394,7.514027338,-2.153097272,-0.481777574,0.01428794,0.882554623,1,0.3,0,0,applied,clear_constant_wind,1.225,0
2026-01-24T14:00:04.360349,-77.36078644,-70.93718719,-3.929168701,-0.002243591,-0.001022109,-2.109718451,-2.131666899,-0.484041244,0.0172453,8.76E-05,-9.69E-05,9.04E-09,-0.01484476,0.017658878,-9.806927681,8.76E-05,-9.69E-05,9.04E-09,127.2116547,0.126436728,-2.153199055,-0.481260195,0.01424855,0.882549087,1,0.3,0,0,applied,clear_constant_wind,1.225,0
2026-01-24T14:00:04.471098,-77.53980255,-70.97777557,-3.927720785,-0.002246638,-0.001018716,-2.109718455,-2.13177371,-0.483504504,0.01720307,5.42E-05,-0.00010142,-2.18E-09,-0.014837028,0.017668108,-9.806866646,5.42E-05,-0.00010142,-2.18E-09,126.6861038,0.126436728,-2.153314142,-0.480674497,0.014203826,0.882542827,1,0.3,0,0,applied,clear_constant_wind,1.225,0
2026-01-24T14:00:04.580139,-77.75078583,-71.02561188,-3.926021338,-0.002249656,-0.001015803,-2.109718459,-2.131899595,-0.482867837,0.017155226,7.24E-05,-9.19E-05,9.72E-09,-0.014827035,0.017677469,-9.806783676,9.09E-05,-0.000100035,9.33E-09,127.282959,0.126436728,-2.153452026,-0.479971779,0.014150958,0.882535328,1,0.3,0,0,applied,clear_constant_wind,1.225,0
2026-01-24T14:00:04.689420,-77.90422821,-71.06040192,-3.924787521,-0.002253799,-0.001010302,-2.109718464,-2.131991148,-0.482404143,0.017111614,0.000130835,-8.53E-05,4.82E-09,-0.014819939,0.017682698,-9.807012558,0.000130835,-8.53E-05,4.82E-09,127.1377029,7.506599299,-2.153553867,-0.479452051,0.0141121,0.882529789,1,0.3,0,0,applied,clear_constant_wind,1.225,0
2026-01-24T14:00:04.800369,-78.05767059,-71.09519196,-3.923557281,-0.002258432,-0.001004731,-2.10971847,-2.132082701,-0.48193565,0.017069787,0.00010532,-8.98E-05,6.56E-09,-0.01481314,0.01769047,-9.806963921,0.00010532,-8.98E-05,6.56E-09,127.4176483,7.501664784,-2.153657053,-0.478924852,0.014073093,0.882524177,1,0.3,0,0,applied,clear_constant_wind,1.225,0
2026-01-24T14:00:04.909483,-78.22389984,-71.13269043,-3.922227621,-0.002262715,-0.000999993,-2.109718476,-2.132181883,-0.48142314,0.017028145,7.00E-05,-0.000103794,-7.20E-10,-0.014806065,0.017699257,-9.806908607,7.00E-05,-0.000103794,-7.20E-10,127.1482697,7.501664784,-2.153766274,-0.478366194,0.01403053,0.882518236,1,0.3,0,0,applied,clear_constant_wind,1.225,0
2026-01-24T14:00:05.019885,-78.40930939,-71.17450714,-3.920747995,-0.002266326,-0.000996521,-2.10971848,-2.132292747,-0.480847061,0.016983557,4.60E-05,-9.94E-05,-9.18E-09,-0.014797401,0.01770886,-9.806863785,4.60E-05,-9.94E-05,-9.18E-09,127.201088,7.501664784,-2.153889789,-0.477733595,0.013982662,0.882511518,1,0.3,0,0,applied,clear_constant_wind,1.225,0
2026-01-24T14:00:05.129329,-78.60758972,-71.21920776,-3.919171572,-0.002270315,-0.000992511,-2.109718484,-2.132413864,-0.480227053,0.016934225,4.12E-05,-8.44E-05,-1.84E-08,-0.014787665,0.017718656,-9.806838036,4.12E-05,-8.44E-05,-1.84E-08,127.3753891,7.498577171,-2.154023702,-0.477046739,0.013931219,0.882504235,1,0.3,0,0,applied,clear_constant_wind,1.225,0
2026-01-24T14:00:05.240377,-78.77401733,-71.25669861,-3.91785121,-0.002274518,-0.000987237,-2.10971849,-2.132516861,-0.479704797,0.016887931,9.90E-05,-0.000102193,-1.74E-08,-0.014780421,0.017724574,-9.806962967,9.90E-05,-0.000102193,-1.74E-08,127.3674698,7.498577171,-2.154137291,-0.476463314,0.013887606,0.882498057,1,0.3,0,0,applied,clear_constant_wind,1.225,0
2026-01-24T14:00:05.350024,-78.93404388,-71.29268646,-3.916587591,-0.002279476,-0.000981461,-2.109718497,-2.132618189,-0.479198188,0.016843859,8.81E-05,-9.75E-05,-1.73E-08,-0.014772728,0.017732672,-9.806959152,8.81E-05,-9.75E-05,-1.73E-08,126.8709717,7.494362398,-2.154246754,-0.475900374,0.013845704,0.882492103,1,0.3,0,0,applied,clear_constant_wind,1.225,0
2026-01-24T14:00:05.460198,-79.08126831,-71.32567596,-3.915426016,-0.002284772,-0.000975443,-2.109718504,-2.132711411,-0.478728056,0.016803246,0.000109231,-8.15E-05,-1.28E-08,-0.014765299,0.017739829,-9.806970596,0.000102693,-9.55E-05,-1.24E-08,127.2935257,7.489524311,-2.154346195,-0.475388402,0.013806672,0.882486694,1,0.3,0,0,applied,clear_constant_wind,1.225,0
2026-01-24T14:00:05.569286,-79.27970123,-71.37014008,-3.91386652,-0.002286674,-0.000973503,-2.109718506,-2.132837057,-0.478088945,0.016757159,5.19E-05,-0.000108814,-9.52E-09,-0.014756706,0.017750926,-9.806838989,5.19E-05,-0.000108814,-9.52E-09,127.0558395,7.489524311,-2.154482337,-0.474686513,0.0137539,0.882479289,1,0.3,0,0,applied,clear_constant_wind,1.225,0
2026-01-24T14:00:05.680396,-79.47813416,-71.41460419,-3.912311316,-0.00229068,-0.000968981,-2.109718511,-2.132962704,-0.477446496,0.016704798,3.69E-05,-8.27E-05,-3.05E-09,-0.014746048,0.017761376,-9.806836128,4.70E-05,-8.48E-05,-2.27E-09,126.6306458,7.489524311,-2.15462097,-0.47397066,0.013700604,0.882471748,1,0.3,0,0,applied,clear_constant_wind,1.225,0
2026-01-24T14:00:05.790292,-79.63175964,-71.44902802,-3.911109686,-0.002295514,-0.000963016,-2.109718518,-2.133059978,-0.476947606,0.016660029,0.000128919,-7.43E-05,-2.48E-09,-0.014738373,0.017766166,-9.807050705,0.000128919,-7.43E-05,-2.48E-09,127.2406998,7.487138001,-2.154730053,-0.473406594,0.013658904,0.882465815,1,0.3,0,0,applied,clear_constant_wind,1.225,0
2026-01-24T14:00:05.898472,-79.78538513,-71.48331451,-3.909912348,-0.002300652,-0.000956583,-2.109718525,-2.133157253,-0.476443321,0.016614901,0.0001168,-9.16E-05,3.21E-09,-0.014731576,0.01777463,-9.806968689,9.96E-05,-0.000100903,4.00E-09,127.4334946,7.482338043,-2.15483754,-0.47285011,0.013617068,0.882459969,1,0.3,0,0,applied,clear_constant_wind,1.225,0
2026-01-24T14:00:06.008459,-79.95181274,-71.52040863,-3.908616781,-0.002304832,-0.000951936,-2.109718531,-2.133262634,-0.475892067,0.016570894,9.31E-05,-0.000112567,2.42E-10,-0.014724049,0.01778296,-9.806947708,9.31E-05,-0.000112567,2.42E-10,127.1403503,7.482338043,-2.154954596,-0.472243321,0.013571189,0.882453601,1,0.3,0,0,applied,clear_constant_wind,1.225,0
2026-01-24T14:00:06.117995,-80.15024567,-71.56463623,-3.90707922,-0.002308635,-0.000948502,-2.109718536,-2.133390188,-0.475229263,0.016520703,4.04E-05,-9.61E-05,-5.83E-09,-0.014713803,0.017794868,-9.806850433,4.04E-05,-9.61E-05,-5.83E-09,127.3859558,7.482338043,-2.155096588,-0.471506153,0.013516357,0.882445878,1,0.3,0,0,applied,clear_constant_wind,1.225,0
2026-01-24T14:00:06.228157,-80.32307434,-71.60315704,-3.905743599,-0.002313817,-0.000942168,-2.109718543,-2.133503675,-0.474648327,0.016469438,5.61E-05,-9.49E-05,-1.27E-08,-0.014705183,0.017802965,-9.806941032,5.61E-05,-9.49E-05,-1.27E-08,126.9369965,7.477801003,-2.155222465,-0.47085163,0.013468126,0.882439031,1,0.3,0,0,applied,clear_constant_wind,1.225,0
2026-01-24T14:00:06.338368,-80.46389771,-71.63450623,-3.904657841,-0.002320405,-0.000934821,-2.109718552,-2.133597374,-0.4741714,0.016426193,0.000101356,-5.38E-05,-7.39E-09,-0.014696914,0.017809357,-9.807038307,0.000106824,-7.67E-05,-6.21E-09,127.1007309,7.477801003,-2.155325683,-0.470314219,0.013428497,0.882433416,1,0.3,0,0,applied,clear_constant_wind,1.225,0
2026-01-24T14:00:06.447539,-80.61752319,-71.66856384,-3.903476954,-0.002324873,-0.000929272,-2.109718559,-2.133700371,-0.473645747,0.016383057,0.000132644,-9.12E-05,-1.70E-10,-0.014689852,0.017816231,-9.806995392,0.000132644,-9.12E-05,-1.70E-10,127.2671127,7.475235649,-2.155436524,-0.469736435,0.013385034,0.882427387,1,0.3,0,0,applied,clear_constant_wind,1.225,0
2026-01-24T14:00:06.557049,-80.80315399,-71.7097168,-3.902052641,-0.002328137,-0.000925559,-2.109718563,-2.133824825,-0.473004669,0.016334409,4.34E-05,-0.000110833,-8.97E-09,-0.014681289,0.017828565,-9.806879997,4.34E-05,-0.000110833,-8.97E-09,127.3172913,7.470562108,-2.155572698,-0.46902557,0.0133319,0.88241998,1,0.3,0,0,applied,clear_constant_wind,1.225,0
2026-01-24T14:00:06.669554,-81.01438904,-71.75654602,-3.900439024,-0.002332313,-0.000921247,-2.109718569,-2.133966446,-0.472270101,0.016278761,7.48E-05,-9.95E-05,-6.40E-09,-0.014669864,0.017839249,-9.806828499,7.48E-05,-9.95E-05,-6.40E-09,127.1720352,7.470562108,-2.155730718,-0.468199232,0.013271084,0.882411384,1,0.3,0,0,applied,clear_constant_wind,1.225,0
2026-01-24T14:00:06.778157,-81.17441559,-71.79201508,-3.899220228,-0.002337481,-0.000914311,-2.109718577,-2.134073734,-0.471711725,0.016227001,0.000130043,-0.000101765,-8.87E-09,-0.014661644,0.017845601,-9.807044983,0.000130043,-0.000101765,-8.87E-09,127.4176483,7.470562108,-2.155852474,-0.467561477,0.01322456,0.882404761,1,0.3,0,0,applied,clear_constant_wind,1.225,0
2026-01-24T14:00:06.890236,-81.33444214,-71.82730103,-3.898004293,-0.002343691,-0.000907041,-2.109718586,-2.134181023,-0.47114706,0.016177744,8.85E-05,-0.000102448,-1.45E-08,-0.014653306,0.017855354,-9.806994438,8.85E-05,-0.000102448,-1.45E-08,126.9449158,7.466685006,-2.155971687,-0.46693621,0.013177576,0.882398276,1,0.3,0,0,applied,clear_constant_wind,1.225,0
2026-01-24T14:00:07.000527,-81.50086975,-71.86399841,-3.896744728,-0.002349318,-0.000900864,-2.109718594,-2.134294271,-0.470553607,0.016129054,7.65E-05,-0.000112589,-1.43E-08,-0.014644865,0.017864771,-9.80696106,7.65E-05,-0.000112589,-1.43E-08,126.942276,7.466685006,-2.156097739,-0.466274103,0.013128504,0.882391419,1,0.3,0,0,applied,clear_constant_wind,1.225,0
2026-01-24T14:00:07.108566,-81.67369843,-71.90210724,-3.89544034,-0.00235438,-0.000895188,-2.109718601,-2.134414196,-0.469931841,0.016079055,6.88E-05,-0.000114413,-6.63E-09,-0.014635734,0.017874485,-9.806944847,6.88E-05,-0.000114413,-6.63E-09,127.4942322,7.463580206,-2.156230932,-0.465573407,0.013077071,0.882384174,1,0.3,0,0,applied,clear_constant_wind,1.225,0
2026-01-24T14:00:07.218888,-81.88493347,-71.94867706,-3.893851042,-0.00235946,-0.000890225,-2.109718487,-2.134562969,-0.469164491,0.01602241,7.71E-05,-9.92E-05,-9.12E-09,-0.014623744,0.017886512,-9.806824684,7.71E-05,-9.92E-05,-9.12E-09,127.0769653,7.463580206,-2.156396795,-0.464699295,0.013013521,0.882375151,1,0.3,0,0,applied,clear_constant_wind,1.225,0
2026-01-24T14:00:07.327118,-82.03855896,-71.98236847,-3.89269948,-0.002365575,-0.000882079,-2.109718497,-2.134671688,-0.468604356,0.015970068,0.000147217,-8.93E-05,-1.27E-08,-0.014615036,0.017892577,-9.807091713,0.000147217,-8.93E-05,-1.27E-08,127.1245041,7.458998869,-2.156515207,-0.464074235,0.012966913,0.88236871,1,0.3,0,0,applied,clear_constant_wind,1.225,0
2026-01-24T14:00:07.435685,-82.19858551,-72.01746368,-3.891503572,-0.002371436,-0.000874743,-2.109718506,-2.134784937,-0.468013585,0.015918924,0.000100631,-0.000109159,-1.28E-08,-0.014607032,0.017902754,-9.807010651,0.000100631,-0.000109159,-1.28E-08,127.0584793,7.458998869,-2.156640612,-0.463411295,0.012917995,0.882361888,1,0.3,0,0,applied,clear_constant_wind,1.225,0
2026-01-24T14:00:07.542489,-82.34580994,-72.04975128,-3.890406847,-0.00237813,-0.000867218,-2.109718516,-2.134889126,-0.467464983,0.01587165,0.000118729,-8.99E-05,-7.93E-09,-0.014598114,0.017910814,-9.807056427,0.000118729,-8.99E-05,-7.93E-09,127.5206451,0.131709759,-2.156757885,-0.462790437,0.012872684,0.882355508,1,0.3,0,0,applied,clear_constant_wind,1.225,0
2026-01-24T14:00:07.652605,-82.54444122,-72.09326935,-3.888933897,-0.00238225,-0.000863099,-2.109718522,-2.135029554,-0.466717154,0.015817618,3.95E-05,-0.000110799,-6.11E-09,-0.014587941,0.017924653,-9.80685997,3.95E-05,-0.000110799,-6.11E-09,127.1297836,0.131709759,-2.156917932,-0.461941713,0.012811265,0.882346802,1,0.3,0,0,applied,clear_constant_wind,1.225,0
2026-01-24T14:00:07.762410,-82.74311066,-72.13657379,-3.887466431,-0.002388231,-0.000856417,-2.109718531,-2.135170937,-0.46596387,0.015757175,2.94E-05,-8.53E-05,-1.21E-08,-0.014575969,0.017936403,-9.806889534,2.94E-05,-8.53E-05,-1.21E-08,127.3410568,0.131709759,-2.15707563,-0.461103902,0.012749187,0.882338223,1,0.3,0,0,applied,clear_constant_wind,1.225,0
2026-01-24T14:00:07.872226,-82.89051056,-72.16868591,-3.886380672,-0.002395475,-0.000847866,-2.109718543,-2.13527751,-0.465401649,0.015704958,0.000130808,-7.56E-05,-7.50E-09,-0.014566995,0.017941991,-9.807130814,0.000130808,-7.56E-05,-7.50E-09,127.0267868,0.131148931,-2.157194422,-0.46047173,0.012702609,0.88233176,1,0.3,0,0,applied,clear_constant_wind,1.225,0
2026-01-24T14:00:07.981689,-83.03791046,-72.20079803,-3.885299206,-0.002401853,-0.000840087,-2.109718553,-2.135386229,-0.464832902,0.015654948,0.000144716,-8.94E-05,-1.19E-08,-0.014559313,0.017950589,-9.807037354,0.000134473,-0.000108036,-1.23E-08,127.0584793,7.447675714,-2.15731517,-0.459828211,0.012655833,0.882325192,1,0.3,0,0,applied,clear_constant_wind,1.225,0
2026-01-24T14:00:08.089420,-83.19812775,-72.23570251,-3.884126663,-0.002406816,-0.000834066,-2.109718561,-2.135505438,-0.464208841,0.015605747,0.000129305,-0.000123186,-1.13E-08,-0.014550927,0.017960697,-9.806990623,0.000112031,-0.000133266,-1.09E-08,126.968689,7.447675714,-2.157448693,-0.459115504,0.012604473,0.882317928,1,0.3,0,0,applied,clear_constant_wind,1.225,0
2026-01-24T14:00:08.201389,-83.41602325,-72.28294373,-3.882537842,-0.002410482,-0.000830936,-2.109718566,-2.135667562,-0.46335277,0.015546842,7.55E-05,-0.000116481,-7.52E-09,-0.014538145,0.017975014,-9.80684185,7.55E-05,-0.000116481,-7.52E-09,126.9158707,7.447675714,-2.15762794,-0.458156973,0.012533836,0.882308176,1,0.3,0,0,applied,clear_constant_wind,1.225,0
2026-01-24T14:00:08.312575,-83.59546661,-72.32182312,-3.881234646,-0.002417048,-0.000822249,-2.109718578,-2.135801077,-0.462643534,0.015482048,3.40E-05,-9.29E-05,-1.69E-08,-0.014527131,0.017986434,-9.806997299,3.40E-05,-9.29E-05,-1.69E-08,127.2275009,0.134533313,-2.157778249,-0.457351563,0.012475012,0.882299999,1,0.3,0,0,applied,clear_constant_wind,1.225,0
2026-01-24T14:00:08.421791,-83.74286652,-72.35375977,-3.880168438,-0.002425643,-0.000812432,-2.109718591,-2.135910749,-0.462055326,0.015428285,0.000109371,-7.42E-05,-1.27E-08,-0.014517706,0.017993795,-9.807095528,0.000107675,-9.31E-05,-1.23E-08,127.005661,0.134533313,-2.157904069,-0.456676225,0.012426352,0.882293154,1,0.3,0,0,applied,clear_constant_wind,1.225,0
2026-01-24T14:00:08.530388,-83.9030838,-72.38842773,-3.879012585,-0.002431959,-0.000804834,-2.109718602,-2.136032343,-0.461408377,0.01537542,0.000129285,-0.000113918,-1.13E-08,-0.014509129,0.018002508,-9.807044029,0.000129285,-0.000113918,-1.13E-08,127.6764603,0.136714222,-2.158042019,-0.455934585,0.012372892,0.882285649,1,0.3,0,0,applied,clear_constant_wind,1.225,0
2026-01-24T14:00:08.639238,-84.06970978,-72.42433167,-3.8778162,-0.002438688,-0.000796992,-2.109718613,-2.136160374,-0.460728258,0.015319986,8.42E-05,-0.000122263,-1.80E-08,-0.014499508,0.018014023,-9.807009697,8.42E-05,-0.000122263,-1.80E-08,127.3595428,0.136656606,-2.158184001,-0.45516998,0.012316997,0.882277924,1,0.3,0,0,applied,clear_constant_wind,1.225,0
2026-01-24T14:00:08.751950,-84.28760529,-72.47128296,-3.876257658,-0.002444835,-0.000791135,-2.109718622,-2.136330605,-0.459828138,0.015256063,0.000113368,-0.000121641,-1.49E-08,-0.014485993,0.018027682,-9.806832314,0.000113368,-0.000121641,-1.49E-08,126.9000244,0.136656606,-2.158373978,-0.454144795,0.012243013,0.882267589,1,0.3,0,0,applied,clear_constant_wind,1.225,0
2026-01-24T14:00:08.859659,-84.44782257,-72.50580597,-3.87511611,-0.002452085,-0.000781072,-2.109718636,-2.136455774,-0.459162593,0.01519305,0.000120831,-0.000111911,-6.64E-09,-0.014476027,0.018036718,-9.807100296,0.000120831,-0.000111911,-6.64E-09,127.0637589,0.136656606,-2.158516884,-0.453372014,0.012187966,0.882259814,1,0.3,0,0,applied,clear_constant_wind,1.225,0
2026-01-24T14:00:08.968507,-84.59522247,-72.53742981,-3.874068975,-0.002461054,-0.000770769,-2.109718651,-2.13657093,-0.458542973,0.015138287,0.000122354,-8.33E-05,-6.29E-09,-0.01446598,0.018047046,-9.807088852,0.0001111,-0.000101965,-7.46E-09,127.2591934,0.138243506,-2.158646837,-0.452668122,0.012136765,0.882252744,1,0.3,0,0,applied,clear_constant_wind,1.225,0
2026-01-24T14:00:09.075824,-84.74903107,-72.57038879,-3.872981787,-0.00246808,-0.000762589,-2.109718663,-2.136691809,-0.45788908,0.015085223,0.000139608,-0.000102854,-9.21E-10,-0.014456568,0.018055869,-9.807089806,0.000139608,-0.000102854,-9.21E-10,127.1667557,0.139921394,-2.158783807,-0.45192498,0.012083147,0.882245292,1,0.3,0,0,applied,clear_constant_wind,1.225,0
2026-01-24T14:00:09.186082,-84.94129181,-72.61158752,-3.871627569,-0.002473683,-0.000756598,-2.109718673,-2.136845112,-0.457062185,0.015023633,3.23E-05,-0.000118605,-3.31E-09,-0.014445229,0.018071633,-9.806921005,3.23E-05,-0.000118605,-3.31E-09,127.3331375,0.139921394,-2.158958751,-0.45097394,0.012015331,0.882235773,1,0.3,0,0,applied,clear_constant_wind,1.225,0
2026-01-24T14:00:09.295977,-85.14636993,-72.65544891,-3.870189667,-0.002481297,-0.000748218,-2.109718686,-2.137012243,-0.456171751,0.014954609,4.55E-05,-9.43E-05,6.13E-10,-0.014431189,0.0180851,-9.806900024,4.55E-05,-9.43E-05,6.13E-10,127.5998688,0.139921394,-2.159147558,-0.449945191,0.011942104,0.882225501,1,0.3,0,0,applied,clear_constant_wind,1.225,0
2026-01-24T14:00:09.404733,-85.30017853,-72.68822479,-3.869114876,-0.002489948,-0.000737095,-2.109718702,-2.137138128,-0.455499321,0.014892695,0.000153043,-9.34E-05,-1.23E-10,-0.014421016,0.01809182,-9.807174683,0.000153043,-9.34E-05,-1.23E-10,126.8577652,0.139927379,-2.159288787,-0.449174103,0.011886403,0.882217817,1,0.3,0,0,applied,clear_constant_wind,1.225,0
2026-01-24T14:00:09.517968,-85.4668045,-72.72373199,-3.867955685,-0.002497774,-0.000727298,-2.109718716,-2.137274504,-0.454760492,0.014830586,8.36E-05,-0.000122892,-8.79E-10,-0.014411238,0.018104784,-9.807051659,8.36E-05,-0.000122892,-8.79E-10,127.0294266,0.139927379,-2.159444985,-0.448319662,0.011825582,0.882209318,1,0.3,0,0,applied,clear_constant_wind,1.225,0
2026-01-24T14:00:09.628234,-85.6206131,-72.75650787,-3.866890192,-0.002507017,-0.000716761,-2.109718733,-2.137400389,-0.454070926,0.014772028,0.000116076,-0.000109704,-2.07E-09,-0.014400423,0.018114513,-9.807118416,0.000116076,-0.000109704,-2.07E-09,127.2301407,0.12952855,-2.159592214,-0.447512718,0.011768942,0.882201308,1,0.3,0,0,applied,clear_constant_wind,1.225,0
2026-01-24T14:00:09.738530,-85.8130188,-72.79728699,-3.865564346,-0.002514481,-0.000708735,-2.109718746,-2.137561083,-0.45319736,0.014707088,2.74E-05,-0.000112534,-1.27E-09,-0.014387888,0.018130537,-9.80693531,2.74E-05,-0.000112534,-1.27E-09,127.3727493,0.12952855,-2.159773696,-0.446515996,0.011697518,0.882191433,1,0.3,0,0,applied,clear_constant_wind,1.225,0
2026-01-24T14:00:09.849043,-86.00550842,-72.83802795,-3.864244699,-0.002523096,-0.000698702,-2.109718762,-2.137725115,-0.452314466,0.014636137,2.47E-05,-9.25E-05,6.23E-09,-0.014374214,0.018144103,-9.80696106,2.47E-05,-9.25E-05,6.23E-09,127.2855988,7.419583055,-2.159958221,-0.445500175,0.011625244,0.882181393,1,0.3,0,0,applied,clear_constant_wind,1.225,0
2026-01-24T14:00:09.958274,-86.15950012,-72.87062073,-3.863193035,-0.002532473,-0.000687076,-2.10971878,-2.137856722,-0.451602012,0.014572651,0.000143698,-0.000100436,-7.86E-10,-0.014363626,0.018151348,-9.807183266,0.000143698,-0.000100436,-7.86E-10,126.987175,7.419583055,-2.160109349,-0.444666397,0.011566666,0.88217317,1,0.3,0,0,applied,clear_constant_wind,1.225,0
2026-01-24T14:00:10.068486,-86.31349182,-72.9030838,-3.862145901,-0.002541615,-0.000675833,-2.109718798,-2.137988329,-0.45088011,0.014510908,0.000138863,-0.00011135,-4.24E-09,-0.0143533,0.018162249,-9.807130814,0.000138863,-0.00011135,-4.24E-09,127.1245041,7.416563969,-2.160259505,-0.443836393,0.011507541,0.882165,1,0.3,0,0,applied,clear_constant_wind,1.225,0
2026-01-24T14:00:10.173997,-86.47389984,-72.93684387,-3.861059904,-0.00255018,-0.000665741,-2.109718814,-2.138127327,-0.450118691,0.014449387,0.000115457,-0.000135251,-1.08E-09,-0.014342883,0.01817441,-9.807088852,0.000115457,-0.000135251,-1.08E-09,127.301445,7.416563969,-2.160417552,-0.442961028,0.011445354,0.882156401,1,0.3,0,0,applied,clear_constant_wind,1.225,0
2026-01-24T14:00:10.286146,-86.68563843,-72.98140717,-3.859633446,-0.002557249,-0.00065894,-2.109718826,-2.138314009,-0.449101537,0.014378526,7.64E-05,-0.000124926,5.34E-10,-0.01432757,0.018191729,-9.806890488,7.64E-05,-0.000124926,5.34E-10,126.9924545,7.416563969,-2.160631711,-0.441771978,0.01136223,0.882144748,1,0.3,0,0,applied,clear_constant_wind,1.225,0
2026-01-24T14:00:10.398430,-86.86529541,-73.01906586,-3.858429193,-0.002566585,-0.000646588,-2.109718725,-2.138474226,-0.448231131,0.014301974,3.15E-05,-9.85E-05,-3.54E-09,-0.014313457,0.018206766,-9.807037354,1.19E-05,-9.00E-05,-3.14E-09,127.3040848,7.41337399,-2.160813442,-0.440760393,0.01129067,0.882134859,1,0.3,0,0,applied,clear_constant_wind,1.225,0
2026-01-24T14:00:10.508670,-87.01928711,-73.05129242,-3.857401848,-0.002577295,-0.000634056,-2.109718746,-2.138611555,-0.447477341,0.014236725,0.000132877,-8.15E-05,-1.01E-08,-0.014301982,0.018214494,-9.807229042,0.000132877,-8.15E-05,-1.01E-08,127.2222137,7.409291734,-2.160971242,-0.439880056,0.01122864,0.882126273,1,0.3,0,0,applied,clear_constant_wind,1.225,0
2026-01-24T14:00:10.618837,-87.17969513,-73.08486176,-3.856336832,-0.002586894,-0.00062191,-2.109718766,-2.138755322,-0.446680754,0.014169255,0.000125494,-0.000126572,3.31E-09,-0.014291829,0.01822629,-9.807128906,0.000125494,-0.000126572,3.31E-09,127.2248611,7.409291734,-2.161139446,-0.438939637,0.011163397,0.88211712,1,0.3,0,0,applied,clear_constant_wind,1.225,0
2026-01-24T14:00:10.726051,-87.34010315,-73.11833191,-3.855276346,-0.002597338,-0.000609695,-2.109718787,-2.138901949,-0.445873678,0.014103284,0.000109258,-0.000128123,1.52E-08,-0.014279997,0.018239068,-9.807128906,0.000109258,-0.000128123,1.52E-08,127.2776794,7.407264463,-2.161308262,-0.437993709,0.011097331,0.882107934,1,0.3,0,0,applied,clear_constant_wind,1.225,0
2026-01-24T14:00:10.837368,-87.55825806,-73.16372681,-3.853841782,-0.002607118,-0.00059986,-2.109718805,-2.139104128,-0.444759279,0.014025944,0.000118723,-0.000129674,1.15E-08,-0.014263468,0.018256629,-9.806874275,0.000118723,-0.000129674,1.15E-08,126.9264297,7.407264463,-2.161540108,-0.436691151,0.01100619,0.882095318,1,0.3,0,0,applied,clear_constant_wind,1.225,0
2026-01-24T14:00:10.946162,-87.71866608,-73.19710541,-3.85279274,-0.002617776,-0.000585153,-2.109718829,-2.139253139,-0.44393298,0.01394836,0.000132903,-0.000120123,1.29E-09,-0.014251207,0.018267652,-9.80721283,0.000132903,-0.000120123,1.29E-09,127.2459869,7.407264463,-2.161715576,-0.435702625,0.010938226,0.882085769,1,0.3,0,0,applied,clear_constant_wind,1.225,0
2026-01-24T14:00:11.055764,-87.87265778,-73.22900391,-3.851791143,-0.002630219,-0.000570523,-2.109718734,-2.139397621,-0.443128079,0.013878806,0.000119036,-0.00010584,1.91E-09,-0.01423866,0.018280502,-9.807203293,0.000119036,-0.00010584,1.91E-09,127.4625397,7.403327032,-2.16188296,-0.434757501,0.010872347,0.882076661,1,0.3,0,0,applied,clear_constant_wind,1.225,0
2026-01-24T14:00:11.165204,-88.02023315,-73.25953674,-3.8508358,-0.002642163,-0.000556639,-2.109718759,-2.13953805,-0.442345887,0.013812966,0.000147337,-9.43E-05,9.92E-09,-0.014226591,0.018291742,-9.807224274,0.000147337,-9.43E-05,9.92E-09,127.4414139,7.399374155,-2.162045881,-0.433835519,0.010808514,0.882067795,1,0.3,0,0,applied,clear_constant_wind,1.225,0
2026-01-24T14:00:11.274079,-88.21272278,-73.29936218,-3.849596262,-0.002651256,-0.000546452,-2.109718778,-2.139724016,-0.441310138,0.013738138,2.14E-05,-0.000129002,7.39E-09,-0.014212889,0.018311208,-9.806983948,2.14E-05,-0.000129002,7.39E-09,126.8023071,7.399374155,-2.162264214,-0.432596731,0.01072417,0.882055914,1,0.3,0,0,applied,clear_constant_wind,1.225,0
2026-01-24T14:00:11.385892,-88.41162872,-73.34029388,-3.848322868,-0.002663469,-0.000532352,-2.109718804,-2.139916182,-0.440226525,0.013653247,1.34E-05,-8.73E-05,-1.04E-10,-0.01419556,0.018328086,-9.806996346,1.34E-05,-8.73E-05,-1.04E-10,127.4150085,7.399374155,-2.162488786,-0.431318752,0.010635554,0.882043693,1,0.3,0,0,applied,clear_constant_wind,1.225,0
2026-01-24T14:00:11.496072,-88.5592804,-73.37065125,-3.847383261,-0.002676832,-0.000515963,-2.109718834,-2.14006114,-0.439414322,0.013578822,0.00015885,-6.46E-05,2.27E-10,-0.014182392,0.018336104,-9.807348251,0.00015885,-6.46E-05,2.27E-10,127.2512665,7.397475938,-2.162659272,-0.430345917,0.010568951,0.882034415,1,0.3,0,0,applied,clear_constant_wind,1.225,0
2026-01-24T14:00:11.604825,-88.7006073,-73.39967346,-3.846489429,-0.002690045,-0.000500087,-2.109718864,-2.140201569,-0.438625425,0.013509122,0.00017331,-4.16E-05,-1.12E-08,-0.014169924,0.018347638,-9.807307243,0.00017331,-4.16E-05,-1.12E-08,126.9105835,7.397475938,-2.162825094,-0.429397492,0.010504744,0.882025391,1,0.3,0,0,applied,clear_constant_wind,1.225,0
2026-01-24T14:00:11.715099,-88.86763,-73.43379211,-3.845438957,-0.002700701,-0.00048641,-2.109718889,-2.140368938,-0.43767786,0.013435783,0.00010288,-0.000149467,-1.28E-08,-0.014159808,0.018363327,-9.807118416,0.00010288,-0.000149467,-1.28E-08,127.3806763,7.393604363,-2.163019242,-0.428284334,0.010427988,0.882014826,1,0.3,0,0,applied,clear_constant_wind,1.225,0
2026-01-24T14:00:11.825834,-89.07319641,-73.4757843,-3.844154119,-0.00271318,-0.000473712,-2.109718915,-2.140578032,-0.436493844,0.01335118,5.74E-05,-0.000113985,-1.13E-08,-0.014140938,0.018383244,-9.806933403,9.22E-05,-0.000125032,-1.17E-08,126.7838211,7.393604363,-2.163265955,-0.426865419,0.010332038,0.882001399,1,0.3,0,0,applied,clear_constant_wind,1.225,0
2026-01-24T14:00:11.932225,-89.21452332,-73.50456238,-3.84327507,-0.002726531,-0.00045788,-2.109718946,-2.140722513,-0.435675025,0.013277818,0.000131793,3.80E-05,-1.00E-08,-0.01412373,0.018394319,-9.807496071,0.000131793,3.80E-05,-1.00E-08,127.8296356,7.389875522,-2.163437117,-0.425878158,0.010264855,0.881992084,1,0.3,0,0,applied,clear_constant_wind,1.225,0
2026-01-24T14:00:12.041413,-89.36869812,-73.53587341,-3.84232235,-0.002738945,-0.000441008,-2.109718978,-2.14088273,-0.434765875,0.013198478,0.000193876,-0.000105584,-7.19E-09,-0.014115241,0.018404977,-9.807253838,0.000193876,-0.000105584,-7.19E-09,127.4572601,7.389875522,-2.163625425,-0.424789256,0.010190924,0.881981836,1,0.3,0,0,applied,clear_constant_wind,1.225,0
2026-01-24T14:00:12.150206,-89.52287292,-73.56718445,-3.841375113,-0.002752503,-0.000424674,-2.10971901,-2.141045332,-0.433842838,0.013123278,0.000151334,-0.000123375,1.47E-09,-0.014102268,0.018420158,-9.807248116,0.000151334,-0.000123375,1.47E-09,127.3701096,7.387987715,-2.163819014,-0.423666772,0.010116057,0.8819713,1,0.3,0,0,applied,clear_constant_wind,1.225,0
2026-01-24T14:00:12.260258,-89.74128723,-73.61132813,-3.840042353,-0.002766129,-0.000410769,-2.10971904,-2.141278744,-0.432511777,0.013033492,0.000124516,-0.000137775,8.34E-10,-0.014083147,0.018442204,-9.806912422,0.000124516,-0.000137775,8.34E-10,127.2908783,7.387987715,-2.164093858,-0.42206788,0.010008215,0.881956342,1,0.3,0,0,applied,clear_constant_wind,1.225,0
2026-01-24T14:00:12.369691,-89.89546204,-73.64245605,-3.839107275,-0.002781191,-0.000390398,-2.10971908,-2.141444683,-0.431562573,0.01294386,0.000178551,-0.0001125,1.68E-09,-0.01406851,0.018453816,-9.807370186,0.000178551,-0.0001125,1.68E-09,126.8392792,0.133152104,-2.164293324,-0.42090355,0.009930591,0.881945486,1,0.3,0,0,applied,clear_constant_wind,1.225,0
2026-01-24T14:00:12.479367,-90.04963684,-73.67350006,-3.838178158,-0.002797232,-0.000370871,-2.10971912,-2.141613722,-0.430596828,0.012861692,0.000133349,-0.000107352,4.65E-09,-0.01405405,0.018469833,-9.807299614,0.000133349,-0.000107352,4.65E-09,126.6993103,0.133152104,-2.164495093,-0.419722376,0.009851969,0.881934505,1,0.3,0,0,applied,clear_constant_wind,1.225,0
2026-01-24T14:00:12.587407,-90.20381165,-73.70444489,-3.837255001,-0.002813128,-0.000351798,-2.109719039,-2.141784668,-0.429615051,0.012781453,0.000139907,-0.000115758,5.24E-09,-0.014039827,0.018484572,-9.807291985,0.000139907,-0.000115758,5.24E-09,127.1746826,7.381558289,-2.164698622,-0.418527422,0.009772298,0.881923428,1,0.3,0,0,applied,clear_constant_wind,1.225,0
2026-01-24T14:00:12.695983,-90.39653015,-73.74310303,-3.836108685,-0.002827528,-0.000335579,-2.109719074,-2.142001152,-0.428366393,0.012691129,-9.80E-07,-0.00012015,1.21E-08,-0.014022046,0.018507935,-9.807062149,-9.80E-07,-0.00012015,1.21E-08,127.4915924,7.381558289,-2.164960789,-0.416982948,0.009670971,0.881909159,1,0.3,0,0,applied,clear_constant_wind,1.225,0
2026-01-24T14:00:12.807393,-90.60209656,-73.78411865,-3.834895849,-0.002845538,-0.000314553,-2.10971912,-2.142235756,-0.427012712,0.012587558,5.98E-06,-7.54E-05,6.70E-09,-0.014000613,0.018528663,-9.807045937,5.98E-06,-7.54E-05,6.70E-09,126.7547684,7.381558289,-2.165241862,-0.415320544,0.00956075,0.881893861,1,0.3,0,0,applied,clear_constant_wind,1.225,0
2026-01-24T14:00:12.918631,-90.75627136,-73.81488037,-3.833993435,-0.002863904,-0.000290861,-2.109719171,-2.142413139,-0.425983936,0.012493648,0.000179036,-7.66E-05,4.55E-09,-0.013985179,0.01853857,-9.807461739,0.000179036,-7.66E-05,4.55E-09,127.1773224,7.379019496,-2.165460496,-0.414022628,0.009476712,0.881881961,1,0.3,0,0,applied,clear_constant_wind,1.225,0
2026-01-24T14:00:13.028422,-90.91049957,-73.84545898,-3.833097696,-0.002883124,-0.000266879,-2.109719223,-2.142593861,-0.424934685,0.012403402,0.000139441,-8.83E-05,-3.01E-10,-0.013970193,0.018555295,-9.807366371,0.000139441,-8.83E-05,-3.01E-10,127.1509094,0.13805838,-2.165677325,-0.412731299,0.009391592,0.881870159,1,0.3,0,0,applied,clear_constant_wind,1.225,0
2026-01-24T14:00:13.137617,-91.07128906,-73.87731171,-3.832171202,-0.002901764,-0.000244328,-2.109719274,-2.142784595,-0.423820525,0.012313984,0.000102979,-0.000124031,-3.71E-09,-0.013955101,0.018573144,-9.807301521,0.000102979,-0.000124031,-3.71E-09,127.1271439,0.13805838,-2.165909743,-0.411342458,0.009301673,0.881857508,1,0.3,0,0,applied,clear_constant_wind,1.225,0
2026-01-24T14:00:13.249434,-91.27066803,-73.91664124,-3.831030607,-0.002920396,-0.000223571,-2.109719323,-2.143026114,-0.422412366,0.012213328,-1.30E-05,-9.52E-05,-6.70E-09,-0.013933801,0.018598596,-9.807079315,-1.30E-05,-9.52E-05,-6.70E-09,126.7679749,0.13805838,-2.166201261,-0.409593608,0.009187738,0.88184164,1,0.3,0,0,applied,clear_constant_wind,1.225,0
2026-01-24T14:00:13.357641,-91.45075226,-73.95210266,-3.83000946,-0.00294111,-0.000197126,-2.109719262,-2.143246412,-0.421118408,0.012104464,-1.70E-05,-7.49E-05,-4.27E-09,-0.013913304,0.018619211,-9.807206154,-4.01E-05,-6.41E-05,-4.27E-09,127.1931686,0.141218998,-2.166472715,-0.407958147,0.009082742,0.881826865,1,0.3,0,0,applied,clear_constant_wind,1.225,0
2026-01-24T14:00:13.465827,-91.61154175,-73.98361206,-3.829105854,-0.002962466,-0.000171005,-2.109719324,-2.143446207,-0.419943988,0.012006659,0.000144955,-8.11E-05,-1.58E-08,-0.013896664,0.018630914,-9.807458878,0.000144955,-8.11E-05,-1.58E-08,126.9766083,0.141218998,-2.166716934,-0.40648099,0.008987454,0.881813571,1,0.3,0,0,applied,clear_constant_wind,1.225,0
2026-01-24T14:00:13.586024,-91.75946808,-74.01256561,-3.828280687,-0.002984887,-0.000143334,-2.10971939,-2.143632889,-0.418842405,0.011910954,0.000166785,-4.48E-05,-2.27E-09,-0.013879906,0.018647939,-9.807443619,0.000146871,-8.43E-05,-1.09E-09,127.282959,7.370481814,-2.166947903,-0.405078838,0.008898246,0.881800999,1,0.3,0,0,applied,clear_constant_wind,1.225,0
2026-01-24T14:00:13.701738,-91.95241547,-74.05017853,-3.827212811,-0.003004474,-0.000119917,-2.109719326,-2.143880606,-0.41737482,0.011805682,-2.45E-05,-0.000117215,1.65E-09,-0.013860652,0.018674638,-9.807167053,-2.45E-05,-0.000117215,1.65E-09,126.8736115,0.1443169,-2.167253532,-0.403215738,0.008779361,0.881784362,1,0.3,0,0,applied,clear_constant_wind,1.225,0
2026-01-24T14:00:13.812472,-92.14536285,-74.08771515,-3.826156378,-0.003028369,-9.08E-05,-2.109719399,-2.144131422,-0.415879428,0.011687587,-5.05E-05,-5.91E-05,8.68E-10,-0.013837011,0.018697992,-9.80723381,-5.05E-05,-5.91E-05,8.68E-10,127.1456299,0.1443169,-2.167569525,-0.401280048,0.008658058,0.881767161,1,0.3,0,0,applied,clear_constant_wind,1.225,0
2026-01-24T14:00:13.921410,-92.3511734,-74.12752533,-3.825040817,-0.003057964,-5.59E-05,-2.109719488,-2.144404411,-0.414246172,0.011559427,-5.56E-05,-1.61E-05,1.11E-08,-0.013811486,0.018723555,-9.807141304,-5.56E-05,-1.61E-05,1.11E-08,127.2988052,0.1443169,-2.167911104,-0.39917678,0.008525312,0.881748566,1,0.3,0,0,applied,clear_constant_wind,1.225,0
2026-01-24T14:00:14.030701,-92.50553131,-74.15733337,-3.824213266,-0.003085567,-2.02E-05,-2.109719457,-2.144613028,-0.412997782,0.011445478,0.00016332,-2.26E-05,6.23E-09,-0.013792936,0.018735224,-9.807644844,0.00016332,-2.26E-05,6.23E-09,127.327858,0.126795827,-2.168176373,-0.397535445,0.008423832,0.881734126,1,0.3,0,0,applied,clear_constant_wind,1.225,0
2026-01-24T14:00:14.140598,-92.6663208,-74.18823242,-3.823358774,-0.003113564,1.52E-05,-2.109719549,-2.144835711,-0.411664665,0.011333245,7.51E-05,-6.70E-05,6.09E-09,-0.013775118,0.018757375,-9.807470322,7.51E-05,-6.70E-05,6.09E-09,126.860405,0.126795827,-2.168455661,-0.395799819,0.008315946,0.881718922,1,0.3,0,0,applied,clear_constant_wind,1.225,0
2026-01-24T14:00:14.250233,-92.82067871,-74.21784973,-3.822546721,-0.003142801,5.08E-05,-2.109719645,-2.145051479,-0.410355479,0.011225469,9.77E-05,-5.39E-05,1.05E-08,-0.013755307,0.018776761,-9.807536125,9.77E-05,-5.39E-05,1.05E-08,127.23806,0.12763489,-2.168732465,-0.394071823,0.00821053,0.881703852,1,0.3,0,0,applied,clear_constant_wind,1.225,0
2026-01-24T14:00:14.358325,-93.02026367,-74.25592804,-3.821509123,-0.003172166,8.48E-05,-2.109719741,-2.145337343,-0.408621013,0.011102346,-8.75E-05,-4.81E-05,9.98E-09,-0.013730285,0.018809061,-9.80717659,-8.75E-05,-4.81E-05,9.98E-09,126.8709717,0.12763489,-2.16909516,-0.391795795,0.008071459,0.881684107,1,0.3,0,0,applied,clear_constant_wind,1.225,0
2026-01-24T14:00:14.468524,-93.20700073,-74.29138947,-3.820549726,-0.003204902,0.00012614,-2.109719734,-2.145611048,-0.406960547,0.010966633,-0.000117876,-1.32E-06,1.63E-08,-0.013703534,0.018835939,-9.807293892,-0.000128312,8.35E-06,1.67E-08,127.1324234,7.359655434,-2.169443171,-0.389599043,0.007937805,0.881665161,1,0.3,0,0,applied,clear_constant_wind,1.225,0
2026-01-24T14:00:14.578454,-93.37442017,-74.32310486,-3.819698811,-0.003236746,0.000166562,-2.109719848,-2.145860672,-0.405439377,0.010841343,0.000116455,-5.40E-05,2.28E-08,-0.013683574,0.018850364,-9.807613373,0.000116455,-5.40E-05,2.28E-08,127.1324234,7.359655434,-2.169766485,-0.387546694,0.007814768,0.881647559,1,0.3,0,0,applied,clear_constant_wind,1.225,0
2026-01-24T14:00:14.687692,-93.52252197,-74.35100555,-3.818955421,-0.003272308,0.00021078,-2.109719855,-2.146084785,-0.40406087,0.01072024,0.00012566,4.29E-05,1.17E-08,-0.013660939,0.018872421,-9.807679176,9.98E-05,-8.73E-06,1.09E-08,127.219574,7.358169209,-2.170056252,-0.38569776,0.007704011,0.881631782,1,0.3,0,0,applied,clear_constant_wind,1.225,0
2026-01-24T14:00:14.797411,-93.6835022,-74.38126373,-3.818155527,-0.003305257,0.00025224,-2.109719978,-2.146332979,-0.402523816,0.01059953,0.000109577,-4.60E-05,1.45E-08,-0.013640458,0.018894352,-9.807601929,0.000109577,-4.60E-05,1.45E-08,126.9898148,0.132197414,-2.470381692,-0.383610259,0.007580681,1,0,0,0,0,suppressed_near_checkpoint,clear_constant_wind,1.225,0
2026-01-24T14:00:14.908657,-93.89618683,-74.42102051,-3.81721282,-0.016302948,-0.007318461,-2.109649531,-2.153196335,-0.400343806,0.007506969,-0.143387079,-0.072285615,-0.000106353,-0.015794873,0.02336888,-9.853070259,-0.143387079,-0.072285615,-0.000106353,127.1878815,0.132197414,-2.470822488,-0.380763225,0.007456384,1,0,0,0,0,suppressed_near_checkpoint,clear_constant_wind,1.225,0
2026-01-24T14:00:15.018690,-94.07118988,-74.45336151,-3.81675005,-0.022784393,-0.011242877,-2.10958193,-2.168611288,-0.398566216,0.00416745,-0.048821185,-0.034199171,-0.000104293,-0.014811799,0.020856738,-9.840165138,-0.048821185,-0.034199171,-0.000104293,126.7943802,0.132197414,-2.471182744,-0.378417486,0.00748668,1,0,0,0,0,suppressed_near_checkpoint,clear_constant_wind,1.225,0
2026-01-24T14:00:15.128550,-94.2345047,-74.48318481,-3.81650424,-0.025604788,-0.012917125,-2.109548272,-2.186747074,-0.396927983,0.002606428,-0.022570297,-0.014456445,-8.25E-05,-0.014366284,0.020421445,-9.82205677,-0.022570297,-0.014456445,-8.25E-05,126.8683319,0,-2.471513274,-0.376250367,0.007602364,1,0,0,0,0,suppressed_near_checkpoint,clear_constant_wind,1.225,0
2026-01-24T14:00:15.237592,-94.39263153,-74.51173401,-3.816333294,-0.026649708,-0.013465445,-2.109539408,-2.205686569,-0.395326138,0.00227561,-0.005372205,-0.003045151,-6.25E-05,-0.014184222,0.020318776,-9.809725761,-0.005372205,-0.003045151,-6.25E-05,127.1060181,0,-2.471828121,-0.374173262,0.007753071,1,0,0,0,0,suppressed_near_checkpoint,clear_constant_wind,1.225,0
2026-01-24T14:00:15.344829,-94.56548309,-74.54248047,-3.816142082,-0.026560987,-0.013335535,-2.109547197,-2.226554394,-0.393547624,0.002711385,0.007372806,0.004453955,-4.56E-05,-0.014138788,0.020393863,-9.802101135,0.007372806,0.004453955,-4.56E-05,127.1324234,0.140308722,-2.472159493,-0.371973942,0.007926441,1,0,0,0,0,suppressed_near_checkpoint,clear_constant_wind,1.225,0
2026-01-24T14:00:15.455836,-94.79395294,-74.58249664,-3.815808296,-0.025335528,-0.012528321,-2.109571871,-2.252991915,-0.391159236,0.003862705,0.016283229,0.009637889,-3.10E-05,-0.01420854,0.020714276,-9.798143387,0.016283229,0.009637889,-3.10E-05,127.1746826,0.140308722,-2.472584094,-0.369136499,0.00813295,1,0,0,0,0,suppressed_near_checkpoint,clear_constant_wind,1.225,0
2026-01-24T14:00:15.565156,-94.95681,-74.6105957,-3.815494776,-0.024086595,-0.011713807,-2.109593891,-2.270535231,-0.389445037,0.004847112,0.019290328,0.011330354,-2.43E-05,-0.014311746,0.021032371,-9.796647072,0.019304914,0.011357979,-2.41E-05,127.2116547,0.139893862,-2.47287737,-0.367164015,0.008252232,1,0,0,0,0,suppressed_near_checkpoint,clear_constant_wind,1.225,0
2026-01-24T14:00:15.673978,-95.13462067,-74.64091492,-3.815076351,-0.022568564,-0.010753147,-2.109618234,-2.2882514,-0.387552798,0.005863497,0.020453073,0.011946984,-1.93E-05,-0.01443556,0.021386437,-9.797096252,0.020453073,0.011946984,-1.93E-05,127.1007309,0.139893862,-2.473191425,-0.365040337,0.008350176,1,0,0,0,0,suppressed_near_checkpoint,clear_constant_wind,1.225,0
2026-01-24T14:00:15.784179,-95.2930069,-74.66758728,-3.814642906,-0.021188856,-0.009878132,-2.109638096,-2.302734375,-0.385855526,0.006687295,0.020614306,0.012000998,-1.61E-05,-0.014551684,0.021717094,-9.797792435,0.020614306,0.012000998,-1.61E-05,127.005661,0.141445265,-2.473463858,-0.363188417,0.008409277,1,0,0,0,0,suppressed_near_checkpoint,clear_constant_wind,1.225,0
2026-01-24T14:00:15.892527,-95.49409485,-74.70105743,-3.814021349,-0.019464452,-0.008816009,-2.109660543,-2.319399834,-0.383685678,0.007577708,0.019655664,0.011375911,-1.30E-05,-0.014704555,0.02213636,-9.799249649,0.019655664,0.011375911,-1.30E-05,127.2169342,0.141445265,-2.473804154,-0.360862356,0.00844785,1,0,0,0,0,suppressed_near_checkpoint,clear_constant_wind,1.225,0
2026-01-24T14:00:16.002764,-95.7245636,-74.73892212,-3.813228369,-0.017612685,-0.007683688,-2.109682961,-2.336280107,-0.381197214,0.008397146,0.018304043,0.010459919,-1.04E-05,-0.014861569,0.022581011,-9.800688744,0.018304043,0.010459919,-1.04E-05,126.9185104,0.141445265,-2.474189875,-0.35820823,0.00844537,1,0,0,0,0,suppressed_near_checkpoint,clear_constant_wind,1.225,0
2026-01-24T14:00:16.111674,-95.89318848,-74.76630402,-3.812606335,-0.016371869,-0.006911568,-2.109696282,-2.347253323,-0.379385084,0.008864482,0.017265977,0.009689257,-8.92E-06,-0.01497151,0.022890024,-9.801775932,0.017177815,0.009615772,-8.86E-06,127.1614761,7.082747018,-2.47447024,-0.356267056,0.008415319,1,0,0,0,0,suppressed_near_checkpoint,clear_constant_wind,1.225,0
2026-01-24T14:00:16.221005,-96.06256104,-74.7935791,-3.811954021,-0.015223218,-0.00619968,-2.109708581,-2.357214212,-0.377560377,0.009235836,0.015903747,0.008891031,-7.62E-06,-0.015060559,0.023163095,-9.802716255,0.015903747,0.008891031,-7.62E-06,127.2776794,0.126497741,-2.474754737,-0.354286683,0.008362906,1,0,0,0,0,suppressed_near_checkpoint,clear_constant_wind,1.225,0
2026-01-24T14:00:16.330705,-96.23261261,-74.82067871,-3.811278582,-0.014169533,-0.00554431,-2.109719531,-2.366240978,-0.375723511,0.009519419,0.014585668,0.008059169,-6.51E-06,-0.015147068,0.023427792,-9.803548813,0.014585668,0.008059169,-6.51E-06,126.7679749,0.126497741,-2.475038248,-0.35230236,0.008289786,1,0,0,0,0,suppressed_near_checkpoint,clear_constant_wind,1.225,0
2026-01-24T14:00:16.440603,-96.45317078,-74.8555069,-3.810380459,-0.012934739,-0.004795241,-2.109729533,-2.376645565,-0.373336405,0.009790803,0.012737967,0.007091577,-5.27E-06,-0.01524283,0.023748819,-9.804174423,0.012737967,0.007091577,-5.27E-06,127.0267868,0.126497741,-2.475414051,-0.349654968,0.008165659,1,0,0,0,0,suppressed_near_checkpoint,clear_constant_wind,1.225,0
2026-01-24T14:00:16.551032,-96.66033173,-74.88788605,-3.809522152,-0.011916642,-0.004160941,-2.109737755,-2.385229588,-0.37109673,0.009933291,0.011301176,0.006326592,-4.31E-06,-0.015315857,0.024014272,-9.804992676,0.011301176,0.006326592,-4.31E-06,127.219574,6.9264136,-2.475776781,-0.347080711,0.008019518,1,0,0,0,0,suppressed_near_checkpoint,clear_constant_wind,1.225,0
2026-01-24T14:00:16.659831,-96.83229828,-74.91454315,-3.808806419,-0.011171678,-0.003677258,-2.109744077,-2.391584396,-0.369233906,0.009979397,0.010473441,0.005710542,-3.65E-06,-0.015366837,0.024207812,-9.805906296,0.010473441,0.005710542,-3.65E-06,127.2723923,6.9264136,-2.476089748,-0.344844151,0.007878553,1,0,0,0,0,suppressed_near_checkpoint,clear_constant_wind,1.225,0
2026-01-24T14:00:16.767425,-97.01190186,-74.94217682,-3.808056355,-0.010473438,-0.003219935,-2.109749429,-2.397556782,-0.36727199,0.009982819,0.009383926,0.005078426,-3.04E-06,-0.015413973,0.024401437,-9.806212425,0.009383926,0.005078426,-3.04E-06,127.201088,6.796399712,-2.476431595,-0.342384478,0.007708754,1,0,0,0,0,suppressed_near_checkpoint,clear_constant_wind,1.225,0
2026-01-24T14:00:16.875939,-97.1847229,-74.96854401,-3.807339191,-0.009879274,-0.002813933,-2.109754137,-2.40273118,-0.365366459,0.009938127,0.008481949,0.004627314,-2.55E-06,-0.015447702,0.024572048,-9.806749344,0.008481949,0.004627314,-2.55E-06,127.1218643,0.140012927,-2.476774996,-0.339895541,0.007526062,1,0,0,0,0,suppressed_near_checkpoint,clear_constant_wind,1.225,0
2026-01-24T14:00:16.987634,-97.43013763,-75.00567627,-3.806331635,-0.009135015,-0.002312796,-2.109759851,-2.409229755,-0.362615764,0.009854711,0.007249656,0.003995622,-1.96E-06,-0.015486341,0.024796372,-9.806342125,0.007249656,0.003995622,-1.96E-06,127.23806,0.140012927,-2.477303884,-0.336025608,0.007228745,1,0,0,0,0,suppressed_near_checkpoint,clear_constant_wind,1.225,0
2026-01-24T14:00:18.477629,-99.20518494,-75.26551819,-4.063227177,0.08889758,0.072724331,-2.110081405,-0.774430335,-0.109204985,-0.103842862,-0.119895138,-0.100582585,-0.000630904,-0.004511595,0.006104231,-9.566155434,-0.119895138,-0.100582585,-0.000630904,127.5761032,6.194259238,-0.014323638,-2.479959092,-0.031678935,0.992081111,1,0.3,0,0,applied,clear_constant_wind,1.225,0
2026-01-24T14:00:18.596347,-99.26644135,-75.27497864,-4.071618557,0.131520797,-0.024511547,-2.120748873,-0.679049909,-0.136826783,-0.158098549,0.440447509,-0.917382896,0.005555414,-0.035205483,-0.013411641,-12.4632616,0.440447509,-0.917382896,0.005555414,127.5021591,5.996170686,-0.012324656,-2.480215151,-0.031402456,0.992177823,1,0.3,0,0,applied,clear_constant_wind,1.225,0
2026-01-24T14:00:18.706197,-99.31398773,-75.28916931,-4.090322495,0.15965012,-0.088705489,-2.129789256,-0.591397345,-0.252159864,-0.334869802,0.277674347,-0.641321957,0.006165258,-0.024730206,-0.008857429,-11.97312164,0.277674347,-0.641321957,0.006165258,127.3806763,5.715361001,-0.010801501,-2.480414306,-0.030778223,0.992251508,1,0.3,0,0,applied,clear_constant_wind,1.225,0
2026-01-24T14:00:18.816064,-99.35865021,-75.31613159,-4.122644424,0.171108331,-0.126689167,-2.135728513,-0.514339149,-0.416964531,-0.447524428,0.0441873,-0.327651083,0.004902954,-0.012925267,-0.000932932,-10.88022995,0.0441873,-0.327651083,0.004902954,127.8639679,5.715361001,-0.009427249,-2.480599286,-0.029697772,0.992317985,1,0.3,0,0,applied,clear_constant_wind,1.225,0
2026-01-24T14:00:18.927797,-99.40710449,-75.36975861,-4.170623302,0.16976619,-0.14624526,-2.138727753,-0.438877642,-0.63380307,-0.476986468,-0.067917943,-0.087511703,0.00323401,-0.005785227,0.002099156,-9.919026375,-0.067917943,-0.087511703,0.00323401,127.8322754,5.715361001,-0.008036316,-2.480791047,-0.028096456,0.992385265,1,0.3,0,0,applied,clear_constant_wind,1.225,0
2026-01-24T14:00:19.035108,-99.4371109,-75.42074585,-4.204244614,0.163089955,-0.148796583,-2.138959546,-0.395470053,-0.781796098,-0.452825159,-0.113696389,0.009244249,0.002398653,-0.003874183,0.003239393,-9.556728363,-0.113696389,0.009244249,0.002398653,127.5417709,5.245744555,-0.00724737,-2.480901302,-0.026977462,0.992423424,1,0.3,0,0,applied,clear_constant_wind,1.225,0
2026-01-24T14:00:19.142662,-99.465271,-75.48493958,-4.236650467,0.153487505,-0.145629845,-2.13829213,-0.356188208,-0.928600311,-0.409386754,-0.137704089,0.071418107,0.001805918,-0.003323793,0.003778815,-9.374679565,-0.137704089,0.071418107,0.001805918,127.7028656,5.245744555,-0.006573333,-2.48099614,-0.02590256,0.992456024,1,0.3,0,0,applied,clear_constant_wind,1.225,0
2026-01-24T14:00:19.254922,-99.48968506,-75.556633,-4.264398575,0.143035111,-0.139205328,-2.137206596,-0.322803646,-1.061518073,-0.360938132,-0.147405684,0.106060319,0.001428186,-0.003675222,0.003764749,-9.309993744,-0.147574887,0.107101157,0.001415481,127.5945892,5.091939879,-0.006054059,-2.481069649,-0.02498623,0.992481139,1,0.3,0,0,applied,clear_constant_wind,1.225,0
2026-01-24T14:00:19.364318,-99.51618958,-75.65552521,-4.293232918,0.129910111,-0.129056525,-2.135689946,-0.286911994,-1.211043835,-0.302474946,-0.148536786,0.126615241,0.001129501,-0.004721045,0.00332737,-9.317268372,-0.148536786,0.126615241,0.001129501,127.8296356,5.199825244,-0.005575891,-2.481137935,-0.02404002,0.992504264,1,0.3,0,0,applied,clear_constant_wind,1.225,0
2026-01-24T14:00:19.475219,-99.54277802,-75.78322601,-4.320118427,0.115284108,-0.116215025,-2.133995517,-0.250909775,-1.366024852,-0.2422598,-0.141977981,0.132668346,0.000907818,-0.006452024,0.002456248,-9.374588013,-0.141977981,0.132668346,0.000907818,127.4466934,5.199825244,-0.005212347,-2.481190991,-0.023166586,0.992521846,1,0.3,0,0,applied,clear_constant_wind,1.225,0
2026-01-24T14:00:19.584308,-99.56066132,-75.88974762,-4.336775303,0.104799954,-0.10639878,-2.132840179,-0.226559699,-1.472702026,-0.202851534,-0.134126812,0.13009958,0.00078468,-0.007943034,0.001646638,-9.426834106,-0.134126812,0.13009958,0.00078468,127.8005829,5.199825244,-0.005052258,-2.481215609,-0.022632344,0.992529588,1,0.3,0,0,applied,clear_constant_wind,1.225,0
2026-01-24T14:00:19.694123,-99.57620239,-75.99921417,-4.35018301,0.09536254,-0.097274837,-2.131865825,-0.20527719,-1.566648722,-0.170415044,-0.125363871,0.124352597,0.000686833,-0.009423554,0.000804603,-9.481180191,-0.125363871,0.124352597,0.000686833,127.9907303,5.28591356,-0.004982601,-2.481228003,-0.022208356,0.992532957,1,0.3,0,0,applied,clear_constant_wind,1.225,0
2026-01-24T14:00:19.804362,-99.59083557,-76.12012482,-4.361863136,0.08624017,-0.088277252,-2.130994699,-0.185092986,-1.656044006,-0.141931742,-0.115801014,0.116471574,0.000598525,-0.010960579,-9.92E-05,-9.534075737,-0.115801014,0.116471574,0.000598525,127.4783859,5.28591356,-0.004990703,-2.481230228,-0.021845574,0.992532565,1,0.3,0,0,applied,clear_constant_wind,1.225,0
2026-01-24T14:00:19.912634,-99.60601044,-76.26834869,-4.372991562,0.076578711,-0.078621847,-2.130155471,-0.163998187,-1.749518037,-0.114914998,-0.104741208,0.106233932,0.000508464,-0.012685061,-0.00114429,-9.588173866,-0.104741208,0.106233932,0.000508464,127.5998688,0.157779418,-0.005093948,-2.481220479,-0.021508512,0.992527572,1,0.3,0,0,applied,clear_constant_wind,1.225,0
2026-01-24T14:00:20.025361,-99.62115479,-76.44630432,-4.383118153,0.066753126,-0.068726134,-2.129397291,-0.142745197,-1.843524218,-0.090784818,-0.092702642,0.094331235,0.000418954,-0.014526725,-0.002292931,-9.638872147,-0.092702642,0.094331235,0.000418954,128.2627411,0.157779418,-0.005322484,-2.481194911,-0.021213107,0.99251652,1,0.3,0,0,applied,clear_constant_wind,1.225,0
2026-01-24T14:00:20.134349,-99.63053894,-76.57559204,-4.388904572,0.060598712,-0.062513327,-2.128973213,-0.129509062,-1.901912451,-0.077365585,-0.084809959,0.086296245,0.000363891,-0.015718907,-0.003054142,-9.666430473,-0.084809959,0.086296245,0.000363891,127.6077957,5.69667973,-0.005544086,-2.481169007,-0.021051628,0.992505802,1,0.3,0,0,applied,clear_constant_wind,1.225,0
2026-01-24T14:00:20.245118,-99.63975525,-76.72042084,-4.394242764,0.054512412,-0.056368864,-2.128593186,-0.116463326,-1.959323645,-0.065436035,-0.076807857,0.078034155,0.000310427,-0.016922623,-0.00383535,-9.693405151,-0.076807857,0.078034155,0.000310427,127.5549774,5.69667973,-0.005837284,-2.481134085,-0.020909484,0.992491623,1,0.3,0,0,applied,clear_constant_wind,1.225,0
2026-01-24T14:00:20.355108,-99.6480484,-76.86933899,-4.398776054,0.049008634,-0.050820974,-2.128283624,-0.104702644,-2.010961294,-0.055792999,-0.069407336,0.070341639,0.000263308,-0.018030941,-0.004565477,-9.715136528,-0.069407336,0.070341639,0.000263308,127.8983002,5.791034935,-0.006180266,-2.48109274,-0.020795743,0.992475035,1,0.3,0,0,applied,clear_constant_wind,1.225,0
2026-01-24T14:00:20.464357,-99.6568985,-77.05285645,-4.403366566,0.043108595,-0.044887708,-2.127988533,-0.092134349,-2.066040754,-0.046661399,-0.061362311,0.061914071,0.000214574,-0.019237965,-0.005370885,-9.736282349,-0.061362311,0.061914071,0.000214574,127.7556839,5.791034935,-0.006651627,-2.481035414,-0.020689417,0.992452238,1,0.3,0,0,applied,clear_constant_wind,1.225,0
2026-01-24T14:00:20.574181,-99.66516876,-77.25372314,-4.407471657,0.037576402,-0.039347096,-2.127746254,-0.080400616,-2.117406845,-0.039216001,-0.053660631,0.053898316,0.000171168,-0.020385414,-0.006148219,-9.753505707,-0.053660631,0.053898316,0.000171168,127.6738205,5.791034935,-0.007218772,-2.480965959,-0.020604336,0.992424807,1,0.3,0,0,applied,clear_constant_wind,1.225,0
2026-01-24T14:00:20.685156,-99.6704483,-77.40097809,-4.410027981,0.034033394,-0.0358174,-2.127608709,-0.072926342,-2.150131702,-0.035009123,-0.048604853,0.048722465,0.000144869,-0.021127224,-0.006658286,-9.762891769,-0.048604853,0.048722465,0.000144869,127.7768173,5.986514378,-0.007663413,-2.480911247,-0.02055742,0.992403301,1,0.3,0,0,applied,clear_constant_wind,1.225,0
2026-01-24T14:00:20.792578,-99.67484283,-77.53728485,-4.412132263,0.031085727,-0.032892562,-2.127504996,-0.066740938,-2.177255869,-0.031850424,-0.044443682,0.044390522,0.000124036,-0.021775961,-0.007105589,-9.770724297,-0.044238843,0.044209041,0.000123112,127.5945892,6.180003324,-0.008093535,-2.480858154,-0.020522949,0.992382497,1,0.3,0,0,applied,clear_constant_wind,1.225,0
2026-01-24T14:00:20.900933,-99.67977905,-77.70832062,-4.414487839,0.027788662,-0.029626876,-2.12740001,-0.059855565,-2.207536221,-0.028685605,-0.039740928,0.039597571,0.000101986,-0.022445649,-0.007570878,-9.778051376,-0.039740928,0.039597571,0.000101986,127.9880905,6.180003324,-0.008655453,-2.480788583,-0.020489455,0.992355318,1,0.3,0,0,applied,clear_constant_wind,1.225,0
2026-01-24T14:00:21.012795,-99.68547058,-77.93531036,-4.417243481,0.023997202,-0.025887672,-2.127293987,-0.052011285,-2.242219687,-0.025524149,-0.03431974,0.034030743,7.85E-05,-0.02325438,-0.008133933,-9.785727501,-0.03431974,0.034030743,7.85E-05,127.660614,6.180003324,-0.009435028,-2.480691727,-0.020457732,0.992317609,1,0.3,0,0,applied,clear_constant_wind,1.225,0
2026-01-24T14:00:21.122602,-99.6891861,-78.1043396,-4.41908884,0.02154034,-0.023481611,-2.127233644,-0.046990842,-2.264580011,-0.023788504,-0.030775072,0.03042973,6.46E-05,-0.023800209,-0.008516759,-9.79049015,-0.030672388,0.030293439,6.41E-05,127.742485,6.277195371,-0.010036847,-2.48061672,-0.020441229,0.992288498,1,0.3,0,0,applied,clear_constant_wind,1.225,0
2026-01-24T14:00:21.234327,-99.6926651,-78.28181458,-4.420885563,0.01925215,-0.021249045,-2.127184031,-0.042372975,-2.285336494,-0.022332763,-0.027492901,0.027088404,5.26E-05,-0.024271905,-0.00884831,-9.793381691,-0.027492901,0.027088404,5.26E-05,127.9167862,6.466920192,-0.010686448,-2.480535546,-0.020428769,0.992257074,1,0.3,0,0,applied,clear_constant_wind,1.225,0
2026-01-24T14:00:21.345078,-99.69568634,-78.4539032,-4.422516823,0.017281202,-0.019335643,-2.127145171,-0.038456876,-2.303144217,-0.021208351,-0.024635116,0.024215749,4.30E-05,-0.024696529,-0.009147063,-9.796031952,-0.024635116,0.024215749,4.30E-05,127.5919495,6.466920192,-0.011331668,-2.480454715,-0.020420536,0.992225861,1,0.3,0,0,applied,clear_constant_wind,1.225,0
2026-01-24T14:00:21.452447,-99.69854736,-78.63421631,-4.424133778,0.015446942,-0.017561252,-2.127113032,-0.034875877,-2.319667578,-0.020282924,-0.021998694,0.021552809,3.49E-05,-0.025092885,-0.009425052,-9.798326492,-0.021998694,0.021552809,3.49E-05,127.2433472,6.562975235,-0.012021688,-2.480368055,-0.020415124,0.99219248,1,0.3,0,0,applied,clear_constant_wind,1.225,0
2026-01-24T14:00:21.566364,-99.70188904,-78.87181091,-4.42615366,0.013344056,-0.015531633,-2.12708079,-0.030866832,-2.338562965,-0.019370161,-0.018910963,0.018502934,2.64E-05,-0.025549538,-0.009745114,-9.800661087,-0.018910963,0.018502934,2.64E-05,127.5655365,6.562975235,-0.01295124,-2.480250971,-0.020411873,0.99214751,1,0.3,0,0,applied,clear_constant_wind,1.225,0
2026-01-24T14:00:21.675449,-99.70410919,-79.04766846,-4.427587032,0.01198158,-0.014228688,-2.127061852,-0.028349692,-2.350726604,-0.018863888,-0.016921569,0.016532039,2.15E-05,-0.025845669,-0.009953164,-9.801923752,-0.016921569,0.016532039,2.15E-05,127.623642,6.562975235,-0.013652145,-2.480162434,-0.02041164,0.992113599,1,0.3,0,0,applied,clear_constant_wind,1.225,0
2026-01-24T14:00:21.785979,-99.70607758,-79.21730804,-4.428931236,0.01080438,-0.013109232,-2.127047757,-0.026243472,-2.361184359,-0.018481927,-0.015221587,0.014840742,1.76E-05,-0.026101835,-0.010130562,-9.802929878,-0.015221587,0.014840742,1.76E-05,127.7398453,6.748941415,-0.014337656,-2.480075635,-0.020412781,0.992080433,1,0.3,0,0,applied,clear_constant_wind,1.225,0
2026-01-24T14:00:21.894117,-99.70798492,-79.39478302,-4.430305004,0.009703877,-0.012064727,-2.12703593,-0.024341639,-2.37093997,-0.018170701,-0.013624504,0.013275876,1.43E-05,-0.026341811,-0.010296352,-9.803769112,-0.013624504,0.013275876,1.43E-05,127.8454819,6.926255002,-0.015063707,-2.479983484,-0.02041514,0.992045303,1,0.3,0,0,applied,clear_constant_wind,1.225,0
2026-01-24T14:00:22.001962,-99.70993042,-79.59436798,-4.431819916,0.008607844,-0.01102579,-2.127025526,-0.022528861,-2.380634785,-0.017905021,-0.01209644,0.011710585,1.13E-05,-0.026582144,-0.010458648,-9.804501534,-0.01209644,0.011710585,1.13E-05,127.6870193,6.926255002,-0.015891626,-2.479878132,-0.020418875,0.992005244,1,0.3,0,0,applied,clear_constant_wind,1.225,0
2026-01-24T14:00:22.114123,-99.71206665,-79.83056641,-4.433580399,0.00747764,-0.009958293,-2.127017126,-0.020773547,-2.390590429,-0.017678402,-0.010414372,0.01009237,8.53E-06,-0.026831608,-0.010627005,-9.805153847,-0.010414372,0.01009237,8.53E-06,128.0092163,6.926255002,-0.016883392,-2.479751551,-0.020424479,0.991957254,1,0.3,0,0,applied,clear_constant_wind,1.225,0
2026-01-24T14:00:22.222996,-99.71340942,-79.98854065,-4.434744835,0.00680444,-0.009333317,-2.127011207,-0.019804733,-2.396446943,-0.017568339,-0.009352642,0.009108557,7.08E-06,-0.026980706,-0.010727864,-9.805503845,-0.009352642,0.009108557,7.08E-06,127.9458389,7.006660215,-0.017553486,-2.479665794,-0.020428714,0.991924828,1,0.3,0,0,applied,clear_constant_wind,1.225,0
2026-01-24T14:00:22.334385,-99.71488953,-80.16850281,-4.436056614,0.006117612,-0.008693592,-2.127005891,-0.018885532,-2.402428389,-0.017473359,-0.008372666,0.008186359,5.72E-06,-0.027131259,-0.010828026,-9.805796623,-0.008372666,0.008186359,5.72E-06,128.0541077,7.006660215,-0.018322299,-2.479567172,-0.020434092,0.991887624,1,0.3,0,0,applied,clear_constant_wind,1.225,0
2026-01-24T14:00:22.442262,-99.71617126,-80.3416748,-4.437315464,0.005523058,-0.008144336,-2.127001924,-0.018165708,-2.407564163,-0.017406592,-0.007519797,0.007351805,4.67E-06,-0.027263205,-0.010912396,-9.806036949,-0.007519797,0.007351805,4.67E-06,127.5232849,7.145339221,-0.019070937,-2.479470905,-0.020439411,0.991851395,1,0.3,0,0,applied,clear_constant_wind,1.225,0
2026-01-24T14:00:22.555060,-99.71788025,-80.57310486,-4.438979149,0.004827198,-0.007495803,-2.126998078,-0.017427394,-2.413592815,-0.01734576,-0.006598558,0.006373181,3.54E-06,-0.027419675,-0.011007281,-9.806257248,-0.006598558,0.006373181,3.54E-06,127.7873764,7.145339221,-0.020077383,-2.479341118,-0.020447237,0.991802688,1,0.3,0,0,applied,clear_constant_wind,1.225,0
2026-01-24T14:00:22.661789,-99.71937561,-80.77604675,-4.440434456,0.00429017,-0.007002998,-2.126996669,-0.016963044,-2.418190479,-0.017314464,-0.005834408,0.005618861,2.78E-06,-0.027540749,-0.011081316,-9.806422234,-0.005834408,0.005618861,2.78E-06,127.6210022,7.316534739,-0.020965578,-2.479226234,-0.020454272,0.991759701,1,0.3,0,0,applied,clear_constant_wind,1.225,0
2026-01-24T14:00:22.773244,-99.72076416,-80.96481323,-4.441785812,0.003845001,-0.006598809,-2.126995307,-0.0166687,-2.421961069,-0.017298069,-0.005118513,0.005013907,2.22E-06,-0.027641131,-0.011142802,-9.806531906,-0.005118513,0.005013907,2.22E-06,127.8824539,7.316534739,-0.02179649,-2.479118466,-0.020460934,0.991719485,1,0.3,0,0,applied,clear_constant_wind,1.225,0
2026-01-24T14:00:22.882158,-99.72196198,-81.1320343,-4.442981243,0.003488719,-0.006279917,-2.126993117,-0.016507916,-2.424939394,-0.017291879,-0.004551906,0.004514438,1.80E-06,-0.027722307,-0.011190028,-9.806614876,-0.004551906,0.004514438,1.80E-06,127.9167862,7.376031182,-0.022537521,-2.479022116,-0.020466925,0.991683618,1,0.3,0,0,applied,clear_constant_wind,1.225,0
2026-01-24T14:00:22.992154,-99.72310638,-81.31402588,-4.444280624,0.003143038,-0.005967925,-2.126990269,-0.016430385,-2.427836657,-0.017291395,-0.004065745,0.0040636,1.45E-06,-0.027804071,-0.011234261,-9.806667328,-0.004079866,0.004048071,1.44E-06,127.5628967,7.376031182,-0.023353861,-2.478915714,-0.020473531,0.991644104,1,0.3,0,0,applied,clear_constant_wind,1.225,0
2026-01-24T14:00:23.102704,-99.72466278,-81.56185913,-4.446047783,0.002735687,-0.005592804,-2.126986917,-0.016465439,-2.431272745,-0.017297409,-0.003518407,0.003496741,1.08E-06,-0.027897708,-0.011281053,-9.806704521,-0.003518407,0.003496741,1.08E-06,127.5761032,7.376031182,-0.02447257,-2.478769455,-0.020482666,0.991589952,1,0.3,0,0,applied,clear_constant_wind,1.225,0
2026-01-24T14:00:23.212158,-99.72598267,-81.75889587,-4.447451115,0.002446489,-0.005337583,-2.126985837,-0.016593672,-2.433638334,-0.017309172,-0.003149667,0.003093473,8.61E-07,-0.027965916,-0.011313639,-9.806760788,-0.003149667,0.003093473,8.61E-07,127.6500473,7.515582799,-0.025364756,-2.478652443,-0.020490036,0.991546763,1,0.3,0,0,applied,clear_constant_wind,1.225,0
2026-01-24T14:00:23.322865,-99.7272644,-81.93418121,-4.448698521,0.002212785,-0.005136653,-2.126985026,-0.016777901,-2.435502768,-0.017322041,-0.002740508,0.002779379,6.89E-07,-0.028023029,-0.011340892,-9.806785583,-0.00274557,0.00277348,6.83E-07,128.1174927,7.645620519,-0.026158845,-2.478548021,-0.020496669,0.991508321,1,0.3,0,0,applied,clear_constant_wind,1.225,0
2026-01-24T14:00:23.434224,-99.72859955,-82.11690521,-4.449997902,0.001996995,-0.004948133,-2.126984282,-0.01703364,-2.437231779,-0.017336812,-0.002398554,0.002505982,5.51E-07,-0.028074546,-0.011363412,-9.806790352,-0.002409103,0.002501178,5.46E-07,127.36483,7.645620519,-0.026991019,-2.478438313,-0.020503652,0.991468034,1,0.3,0,0,applied,clear_constant_wind,1.225,0
2026-01-24T14:00:23.541133,-99.7299881,-82.30709839,-4.451349258,0.001797206,-0.004773018,-2.126983583,-0.01736071,-2.438823462,-0.017353233,-0.002127668,0.002248147,4.46E-07,-0.028121823,-0.011381544,-9.80680275,-0.002127668,0.002248147,4.46E-07,127.5919495,7.694942436,-0.027862008,-2.478323184,-0.020511002,0.991425866,1,0.3,0,0,applied,clear_constant_wind,1.225,0
2026-01-24T14:00:23.655311,-99.73180389,-82.55594635,-4.453116417,0.001569706,-0.004571427,-2.126982914,-0.017873121,-2.440624714,-0.017375443,-0.001810063,0.001936394,3.26E-07,-0.028180163,-0.01139926,-9.806782722,-0.001810063,0.001936394,3.26E-07,127.8586807,7.694942436,-0.029009031,-2.478171091,-0.020520713,0.991370331,1,0.3,0,0,applied,clear_constant_wind,1.225,0
2026-01-24T14:00:23.762562,-99.73313904,-82.73905182,-4.454415798,0.001418603,-0.00444522,-2.126982617,-0.018300507,-2.441770792,-0.017394435,-0.001574953,0.001736631,2.63E-07,-0.028218633,-0.01141199,-9.806819916,-0.001574953,0.001736631,2.63E-07,127.8349152,7.798696565,-0.02985846,-2.478058111,-0.020527936,0.991329203,1,0.3,0,0,applied,clear_constant_wind,1.225,0
2026-01-24T14:00:23.871429,-99.73442078,-82.91485596,-4.455668449,0.001285892,-0.004337106,-2.126982213,-0.018751433,-2.442746162,-0.017411957,-0.001404634,0.001563271,2.26E-07,-0.028252929,-0.011419185,-9.806816101,-0.001404634,0.001563271,2.26E-07,128.0752411,7.798696565,-0.030678369,-2.477948777,-0.020534715,0.991289502,1,0.3,0,0,applied,clear_constant_wind,1.225,0
2026-01-24T14:00:23.979782,-99.73570251,-83.08348846,-4.456874847,0.001170548,-0.00424415,-2.126981917,-0.019217605,-2.443576813,-0.017428625,-0.001210411,0.001414375,1.87E-07,-0.028283369,-0.011425518,-9.80681324,-0.001210411,0.001414375,1.87E-07,127.7794571,7.84390303,-0.031466921,-2.477843366,-0.020541067,0.991251318,1,0.3,0,0,applied,clear_constant_wind,1.225,0
2026-01-24T14:00:24.089013,-99.73753357,-83.30344391,-4.45844841,0.001043446,-0.00413319,-2.126981689,-0.019870358,-2.444524288,-0.017448813,-0.001176622,0.001263005,1.32E-07,-0.028318949,-0.011425565,-9.806780815,-0.001176622,0.001263005,1.32E-07,127.3436966,7.84390303,-0.032495501,-2.477705484,-0.020549405,0.991201509,1,0.3,0,0,applied,clear_constant_wind,1.225,0
2026-01-24T14:00:24.198526,-99.73942566,-83.53079224,-4.460074425,0.000926391,-0.004034449,-2.1269813,-0.020588122,-2.445360422,-0.017469633,-0.001005159,0.001096862,9.80E-08,-0.028353583,-0.011427406,-9.806770325,-0.001005159,0.001096862,9.80E-08,127.8666077,7.84390303,-0.033565797,-2.477561548,-0.020558093,0.991149678,1,0.3,0,0,applied,clear_constant_wind,1.225,0
2026-01-24T14:00:24.309714,-99.74082947,-83.69960022,-4.461280823,0.000844007,-0.003972421,-2.126981209,-0.021145016,-2.445897818,-0.017485853,-0.000732052,0.000986105,7.45E-08,-0.0283776,-0.011432134,-9.806804657,-0.000732052,0.000986105,7.45E-08,127.4942322,0,-0.03436527,-2.477453726,-0.020564617,0.99111096,1,0.3,0,0,applied,clear_constant_wind,1.225,0
2026-01-24T14:00:24.418848,-99.74233246,-83.87574768,-4.462539673,0.000767955,-0.003913702,-2.12698103,-0.0217511,-2.446391106,-0.017502125,-0.00063044,0.000914334,6.28E-08,-0.028399777,-0.011431201,-9.806786537,-0.00063044,0.000914334,6.28E-08,127.9696045,7.997032592,-0.035202402,-2.477340543,-0.020571458,0.991070416,1,0.3,0,0,applied,clear_constant_wind,1.225,0
2026-01-24T14:00:24.526406,-99.74398041,-84.05189514,-4.463798523,0.000698782,-0.003861026,-2.126980768,-0.022379259,-2.44682312,-0.017517824,-0.000555906,0.000836586,5.13E-08,-0.028421134,-0.011427926,-9.806780815,-0.000555906,0.000836586,5.13E-08,127.8190689,7.997032592,-0.036038525,-2.477227208,-0.020578341,0.99102992,1,0.3,0,0,applied,clear_constant_wind,1.225,0
2026-01-24T14:00:24.637394,-99.746315,-84.30143738,-4.465581894,0.000618826,-0.003791643,-2.126980694,-0.023302507,-2.447340965,-0.017537396,-0.000457806,0.000740141,4.15E-08,-0.028449286,-0.011420589,-9.806735039,-0.000457806,0.000740141,4.15E-08,128.02771,7.997032592,-0.037230676,-2.477065118,-0.02058815,0.990972177,1,0.3,0,0,applied,clear_constant_wind,1.225,0
2026-01-24T14:00:24.747800,-99.74810028,-84.49226379,-4.466945648,0.000561345,-0.003748754,-2.126980609,-0.024026517,-2.447672367,-0.017554283,-0.000413243,0.000662638,3.43E-08,-0.028469548,-0.011415519,-9.806765556,-0.000413243,0.000662638,3.43E-08,127.560257,8.021092403,-0.038148424,-2.476939939,-0.020595699,0.990927723,1,0.3,0,0,applied,clear_constant_wind,1.225,0
2026-01-24T14:00:24.856448,-99.75004578,-84.68326569,-4.468315125,0.000507523,-0.003710739,-2.126980426,-0.024769615,-2.447953463,-0.01756995,-0.000374991,0.000601741,2.56E-08,-0.028488606,-0.011407712,-9.806755066,-0.000374991,0.000601741,2.56E-08,127.7609711,8.021092403,-0.03906633,-2.476814392,-0.020603129,0.990883259,1,0.3,0,0,applied,clear_constant_wind,1.225,0
2026-01-24T14:00:24.966442,-99.75187683,-84.85959625,-4.469585419,0.000461296,-0.003680265,-2.126980395,-0.025470803,-2.448173285,-0.017584069,-0.000246116,0.000546955,1.94E-08,-0.028505586,-0.011402726,-9.806756973,-0.000246116,0.000546955,1.94E-08,127.4044418,8.069004832,-0.039917154,-2.476697714,-0.020609794,0.990842043,1,0.3,0,0,applied,clear_constant_wind,1.225,0
2026-01-24T14:00:25.075321,-99.75386047,-85.05062103,-4.470961571,0.000419052,-0.003649736,-2.126980255,-0.026246412,-2.448372841,-0.017598245,-0.000233672,0.000512212,1.40E-08,-0.028522305,-0.011393467,-9.806738853,-0.000233672,0.000512212,1.40E-08,127.6553345,8.128568897,-0.040844071,-2.476570261,-0.020617052,0.990797138,1,0.3,0,0,applied,clear_constant_wind,1.225,0
2026-01-24T14:00:25.189549,-99.75659943,-85.30042267,-4.472761154,0.000373446,-0.003612535,-2.126980219,-0.027281284,-2.448580503,-0.017614754,-0.000134535,0.000451327,1.33E-08,-0.028543968,-0.011381386,-9.806703568,-0.000134535,0.000451327,1.33E-08,127.6579742,8.128568897,-0.042058851,-2.47640269,-0.02062661,0.990738285,1,0.3,0,0,applied,clear_constant_wind,1.225,0
2026-01-24T14:00:25.296339,-99.75869751,-85.48410034,-4.474084377,0.000339423,-0.003592202,-2.126980118,-0.028051522,-2.448699474,-0.01762861,-7.99E-05,0.000410791,6.30E-09,-0.028558908,-0.011373799,-9.806735992,-7.99E-05,0.000410791,6.30E-09,127.8956604,8.128568897,-0.042954808,-2.47627871,-0.020633686,0.990694877,1,0.3,0,0,applied,clear_constant_wind,1.225,0
2026-01-24T14:00:25.406530,-99.76071167,-85.66043091,-4.475354671,0.000307445,-0.003575029,-2.126980146,-0.0288027,-2.448789597,-0.017640967,-5.84E-05,0.000375314,-3.01E-09,-0.028573003,-0.011363553,-9.806732178,-5.84E-05,0.000375314,-3.01E-09,127.3806763,0.145721064,-0.043819719,-2.476158713,-0.020640515,0.99065297,1,0.3,0,0,applied,clear_constant_wind,1.225,0
2026-01-24T14:00:25.516309,-99.76289368,-85.84410858,-4.476677895,0.000279091,-0.003558367,-2.126980065,-0.029596576,-2.448860645,-0.017653201,-3.11E-05,0.000358351,-4.62E-09,-0.028586544,-0.011353076,-9.806722641,-3.11E-05,0.000358351,-4.62E-09,127.6447678,0.145721064,-0.044722452,-2.476033139,-0.020647669,0.990609229,1,0.3,0,0,applied,clear_constant_wind,1.225,0
2026-01-24T14:00:25.625510,-99.76545715,-86.04982758,-4.478159904,0.000252994,-0.003540577,-2.126979986,-0.030496875,-2.448915482,-0.017666066,-8.48E-05,0.000329623,-8.30E-09,-0.02860152,-0.01133821,-9.806699753,-8.48E-05,0.000329623,-8.30E-09,127.8111496,8.062136363,-0.045734999,-2.47589189,-0.020655733,0.990560165,1,0.3,0,0,applied,clear_constant_wind,1.225,0
2026-01-24T14:00:25.735349,-99.76847839,-86.2922821,-4.479906559,0.000226654,-0.00352168,-2.126979906,-0.031570002,-2.448951006,-0.017680097,-8.29E-06,0.000289576,-3.20E-10,-0.02861915,-0.011323554,-9.806682587,-8.29E-06,0.000289576,-3.20E-10,127.5127182,8.062136363,-0.046936716,-2.475723704,-0.0206653,0.990501931,1,0.3,0,0,applied,clear_constant_wind,1.225,0
2026-01-24T14:00:25.845328,-99.77021027,-86.42453003,-4.48085928,0.000204879,-0.003516126,-2.126979857,-0.032156602,-2.448958874,-0.017689344,-0.000289961,7.76E-05,1.17E-09,-0.028634621,-0.0113049,-9.806764603,-0.000289961,7.76E-05,1.17E-09,128.0567474,0.144259233,-0.047592767,-2.475631636,-0.02067055,0.990470138,1,0.3,0,0,applied,clear_constant_wind,1.225,0
2026-01-24T14:00:25.957058,-99.772789,-86.61555481,-4.482235432,0.000186979,-0.003506482,-2.126979928,-0.033017609,-2.44895649,-0.017701147,0.000141347,0.000263718,-1.16E-09,-0.028640982,-0.01130712,-9.806699753,0.000141347,0.000263718,-1.16E-09,127.7873764,0.144259233,-0.048542187,-2.475498083,-0.020678175,0.990424126,1,0.3,0,0,applied,clear_constant_wind,1.225,0
2026-01-24T14:00:26.064522,-99.77526855,-86.79923248,-4.483558655,0.000168966,-0.003498176,-2.126979882,-0.033851918,-2.448940516,-0.017711788,0.000107425,0.000254144,-2.82E-09,-0.028652878,-0.011293389,-9.80670166,0.000107425,0.000254144,-2.82E-09,127.615715,7.967529808,-0.04946048,-2.475368555,-0.020685547,0.990379621,1,0.3,0,0,applied,clear_constant_wind,1.225,0
2026-01-24T14:00:26.175418,-99.77879333,-87.04903412,-4.485363483,0.000151702,-0.003485201,-2.12697983,-0.034997609,-2.448900223,-0.017724486,0.00013157,0.00023484,2.52E-09,-0.0286691,-0.011275075,-9.806665421,0.00013157,0.00023484,2.52E-09,128.0488281,7.967529808,-0.050711904,-2.475191479,-0.020695433,0.990318967,1,0.3,0,0,applied,clear_constant_wind,1.225,0
2026-01-24T14:00:26.286242,-99.78146362,-87.23271179,-4.486698627,0.000135853,-0.003480565,-2.126979794,-0.035842452,-2.4488585,-0.017735932,0.000160762,0.000216109,4.16E-09,-0.028681219,-0.011262279,-9.806699753,0.000110232,0.000214136,3.76E-09,127.7979431,7.967529808,-0.051635291,-2.47506041,-0.020702429,0.990274211,1,0.3,0,0,applied,clear_constant_wind,1.225,0
2026-01-24T14:00:26.395452,-99.7840271,-87.40904236,-4.487980366,0.000120073,-0.003476545,-2.12697976,-0.036659565,-2.448809624,-0.017745566,0.000172781,0.000190718,1.26E-08,-0.028692357,-0.011251124,-9.806697845,0.000172781,0.000190718,1.26E-08,128.0541077,7.890800444,-0.052526818,-2.474933529,-0.02070918,0.990230996,1,0.3,0,0,applied,clear_constant_wind,1.225,0
2026-01-24T14:00:26.509821,-99.78684235,-87.59272003,-4.48931551,0.000106343,-0.003472633,-2.126979729,-0.037518002,-2.448751211,-0.017755235,0.00017173,0.000201437,8.51E-09,-0.028702958,-0.011238001,-9.806688309,0.00017173,0.000201437,8.51E-09,127.5364914,0.140613719,-0.053455062,-2.474801074,-0.020716258,0.990186,1,0.3,0,0,applied,clear_constant_wind,1.225,0
2026-01-24T14:00:26.618556,-99.79004669,-87.79843903,-4.490810871,9.44E-05,-0.003467489,-2.1269797,-0.038486209,-2.44867444,-0.01776541,7.75E-05,0.000190779,9.46E-09,-0.028715355,-0.011219686,-9.806674957,7.75E-05,0.000190779,9.46E-09,127.3674698,0.140613719,-0.05449913,-2.474651667,-0.020724233,0.990135386,1,0.3,0,0,applied,clear_constant_wind,1.225,0
2026-01-24T14:00:26.730036,-99.79399109,-88.04824066,-4.492626667,8.33E-05,-0.003461085,-2.126979671,-0.039668731,-2.448571682,-0.017776733,0.000183529,0.000179065,1.35E-09,-0.028730564,-0.01120292,-9.806649208,0.000183529,0.000179065,1.35E-09,127.634201,0.140613719,-0.055774069,-2.474468612,-0.020733987,0.990073578,1,0.3,0,0,applied,clear_constant_wind,1.225,0
2026-01-24T14:00:26.840525,-99.79704285,-88.23191833,-4.493961811,7.09E-05,-0.003460588,-2.126979648,-0.040539674,-2.448490143,-0.017787077,0.000210726,0.000166783,-1.24E-08,-0.028741488,-0.011191217,-9.806692123,0.000210726,0.000166783,-1.24E-08,128.0065765,7.781010956,-0.056711991,-2.474333518,-0.020741213,0.990028105,1,0.3,0,0,applied,clear_constant_wind,1.225,0
2026-01-24T14:00:26.950602,-99.79997253,-88.4082489,-4.495243549,5.77E-05,-0.003460401,-2.126979625,-0.041382164,-2.448406219,-0.017796375,0.000208165,0.00015657,-1.18E-08,-0.028752139,-0.011177312,-9.806690216,0.000208165,0.00015657,-1.18E-08,127.6843796,7.722775889,-0.057617635,-2.474202728,-0.020748188,0.989984195,1,0.3,0,0,applied,clear_constant_wind,1.225,0
2026-01-24T14:00:27.057984,-99.80309296,-88.59192657,-4.496578693,4.71E-05,-0.003459466,-2.126979605,-0.042265996,-2.448313236,-0.017805519,0.000209662,0.000165438,-6.20E-09,-0.028762436,-0.011163281,-9.806680679,0.000209662,0.000165438,-6.20E-09,127.8824539,7.722775889,-0.058563748,-2.474065732,-0.020755497,0.989938321,1,0.3,0,0,applied,clear_constant_wind,1.225,0
2026-01-24T14:00:27.166254,-99.80672455,-88.79764557,-4.498074055,3.88E-05,-0.003457213,-2.126979587,-0.043261323,-2.448202848,-0.017814897,0.000125563,0.000159189,-2.97E-09,-0.028774295,-0.011144649,-9.806666374,0.000125563,0.000159189,-2.97E-09,127.8666077,7.607788281,-0.059624566,-2.473911688,-0.020763739,0.989886883,1,0.3,0,0,applied,clear_constant_wind,1.225,0
2026-01-24T14:00:27.276276,-99.81100464,-89.0401001,-4.499836445,3.10E-05,-0.003454315,-2.126979569,-0.044439491,-2.448068619,-0.017825589,0.000177417,0.000146079,-7.60E-09,-0.028788758,-0.011126165,-9.806648254,0.000177417,0.000146079,-7.60E-09,127.6764603,7.607788281,-0.060883966,-2.473728203,-0.020773519,0.989825813,1,0.3,0,0,applied,clear_constant_wind,1.225,0
2026-01-24T14:00:27.386426,-99.81428528,-89.21643066,-4.501118183,2.12E-05,-0.003455627,-2.126979554,-0.045295876,-2.447965622,-0.017835148,0.000324004,0.000135954,-4.86E-09,-0.028799171,-0.011116493,-9.806689262,0.000300246,0.000145506,-4.48E-09,128.0118561,7.607788281,-0.061799329,-2.473594431,-0.020780686,0.989781423,1,0.3,0,0,applied,clear_constant_wind,1.225,0
2026-01-24T14:00:27.498979,-99.81785583,-89.40745544,-4.502506733,1.33E-05,-0.003455731,-2.126979541,-0.046229612,-2.447850943,-0.017844237,0.000231146,0.000148547,-6.34E-09,-0.028809464,-0.011099987,-9.806674957,0.000231146,0.000148547,-6.34E-09,127.8666077,7.520723423,-0.062796282,-2.473448341,-0.020788495,0.989733074,1,0.3,0,0,applied,clear_constant_wind,1.225,0
2026-01-24T14:00:27.607892,-99.82115936,-89.58378601,-4.503788471,2.74E-06,-0.003457378,-2.126979525,-0.047096029,-2.447742224,-0.017853022,0.000257498,0.000134859,-1.29E-08,-0.028819935,-0.011086498,-9.80668354,0.000257498,0.000134859,-1.29E-08,127.6579742,7.474659907,-0.063721803,-2.473312351,-0.020795744,0.989688187,1,0.3,0,0,applied,clear_constant_wind,1.225,0
2026-01-24T14:00:27.718062,-99.82536316,-89.79668427,-4.505337238,-3.56E-06,-0.003456615,-2.126979513,-0.048149567,-2.447606802,-0.017862484,0.000118267,0.000137622,-8.93E-09,-0.02883175,-0.011065205,-9.806656837,0.000118267,0.000137622,-8.93E-09,127.8507614,7.474659907,-0.064837593,-2.473147934,-0.02080451,0.989634069,1,0.3,0,0,applied,clear_constant_wind,1.225,0
2026-01-24T14:00:27.828894,-99.83014679,-90.03888702,-4.507099628,-9.90E-06,-0.003455697,-2.1269795,-0.049352631,-2.447449446,-0.017872779,0.000191797,0.000128176,-7.71E-09,-0.02884591,-0.011046994,-9.806642532,0.000191797,0.000128176,-7.71E-09,127.8586807,7.474659907,-0.066116508,-2.472958847,-0.020814535,0.989572036,1,0.3,0,0,applied,clear_constant_wind,1.225,0
2026-01-24T14:00:27.936515,-99.83360291,-90.20769501,-4.508329391,-1.99E-05,-0.003458617,-2.126979487,-0.050190389,-2.447337866,-0.017881829,0.000340386,0.000103991,8.91E-10,-0.028856352,-0.011038171,-9.806697845,0.000340386,0.000103991,8.91E-10,127.9273453,7.387151665,-0.067008914,-2.472826505,-0.020821513,0.989528749,1,0.3,0,0,applied,clear_constant_wind,1.225,0
2026-01-24T14:00:28.047212,-99.8374176,-90.39118195,-4.509676456,-2.75E-05,-0.003460494,-2.126979477,-0.051108196,-2.447214365,-0.017890869,0.000271093,0.000134536,4.84E-09,-0.028865643,-0.011022115,-9.806674004,0.000271093,0.000134536,4.84E-09,128.2416229,7.387151665,-0.067982215,-2.472681794,-0.020828702,0.989481535,1,0.3,0,0,applied,clear_constant_wind,1.225,0
2026-01-24T14:00:28.156512,-99.84107971,-90.56732941,-4.510969639,-3.66E-05,-0.003462593,-2.126979465,-0.051993713,-2.447094202,-0.017898966,0.000277465,0.0001307,-4.46E-09,-0.028875824,-0.011007629,-9.806670189,0.000277465,0.0001307,-4.46E-09,127.8824539,7.290098742,-0.068922211,-2.472541664,-0.020835642,0.989435934,1,0.3,0,0,applied,clear_constant_wind,1.225,0
2026-01-24T14:00:28.264381,-99.84601593,-90.79485321,-4.512639999,-4.03E-05,-0.003461519,-2.126979457,-0.053143244,-2.446934223,-0.017907633,0.000139491,0.000127387,4.98E-09,-0.028888699,-0.010984303,-9.806643486,0.000139491,0.000127387,4.98E-09,127.9511185,7.290098742,-0.070135996,-2.472360177,-0.020844674,0.989377049,1,0.3,0,0,applied,clear_constant_wind,1.225,0
2026-01-24T14:00:28.375133,-99.85066223,-91.00769806,-4.514202595,-4.67E-05,-0.003462927,-2.126979448,-0.054220252,-2.446782112,-0.017917154,0.000126009,0.000114749,-4.02E-09,-0.028901091,-0.01096683,-9.80665493,0.000126009,0.000114749,-4.02E-09,127.7451248,7.232851265,-0.071278711,-2.47218876,-0.020853184,0.989321608,1,0.3,0,0,applied,clear_constant_wind,1.225,0
2026-01-24T14:00:28.483486,-99.854599,-91.18384552,-4.515495777,-5.61E-05,-0.003466062,-2.126979436,-0.055113617,-2.446656227,-0.017925566,0.000298117,0.000117062,-7.05E-09,-0.028911252,-0.010957288,-9.806679726,0.000298117,0.000117062,-7.05E-09,127.9062195,7.232851265,-0.072226776,-2.472046131,-0.020860275,0.989275608,1,0.3,0,0,applied,clear_constant_wind,1.225,0
2026-01-24T14:00:28.592732,-99.85862732,-91.35999298,-4.51678896,-6.41E-05,-0.003468638,-2.126979426,-0.056012195,-2.446528196,-0.017933775,0.000311686,0.000124401,8.42E-10,-0.028921172,-0.010941935,-9.806669235,0.000278909,0.00013174,4.40E-10,127.6025162,7.135206667,-0.073176646,-2.471902859,-0.020867411,0.989229519,1,0.3,0,0,applied,clear_constant_wind,1.225,0
2026-01-24T14:00:28.702039,-99.86299133,-91.5508194,-4.518189907,-6.89E-05,-0.003469556,-2.126979419,-0.056989413,-2.446387768,-0.017941847,0.000281769,0.000140024,-8.06E-09,-0.028931398,-0.01092666,-9.806666374,0.000281769,0.000140024,-8.06E-09,127.7741776,7.135206667,-0.074212102,-2.471746251,-0.020875187,0.989179275,1,0.3,0,0,applied,clear_constant_wind,1.225,0
2026-01-24T14:00:28.812123,-99.86873627,-91.79302216,-4.519968033,-7.16E-05,-0.003468663,-2.126979413,-0.058233555,-2.446206808,-0.017951198,0.00019501,0.000121832,-6.88E-09,-0.028945744,-0.010902826,-9.80663681,0.00019501,0.000121832,-6.88E-09,127.8401947,7.135206667,-0.075527306,-2.471546693,-0.020885135,0.989115453,1,0.3,0,0,applied,clear_constant_wind,1.225,0
2026-01-24T14:00:28.920547,-99.87329865,-91.98384857,-4.52136898,-7.93E-05,-0.003472016,-2.126979405,-0.059214283,-2.446064234,-0.017960548,0.000233108,0.000120398,2.85E-09,-0.028956564,-0.01088931,-9.806670189,0.000233108,0.000120398,2.85E-09,127.5576172,7.048373766,-0.076569686,-2.471388021,-0.02089303,0.989064866,1,0.3,0,0,applied,clear_constant_wind,1.225,0
2026-01-24T14:00:29.029946,-99.87757874,-92.15999603,-4.522662163,-8.93E-05,-0.003475464,-2.126979393,-0.060124185,-2.445930958,-0.017968865,0.000281829,0.000115644,2.93E-09,-0.028966958,-0.010875558,-9.806677818,0.000281829,0.000115644,2.93E-09,127.7134323,7.001644885,-0.077535022,-2.471240677,-0.020900365,0.989018017,1,0.3,0,0,applied,clear_constant_wind,1.225,0
2026-01-24T14:00:29.142453,-99.88252258,-92.35816193,-4.524116993,-9.50E-05,-0.003477109,-2.126979386,-0.061153803,-2.445778608,-0.017977452,0.000203683,0.000131629,9.63E-09,-0.0289777,-0.01085677,-9.806658745,0.000203683,0.000131629,9.63E-09,128.2997284,7.001644885,-0.078622517,-2.471074223,-0.020908674,0.988965236,1,0.3,0,0,applied,clear_constant_wind,1.225,0
2026-01-24T14:00:29.252449,-99.88710022,-92.54164886,-4.525464058,-0.000102545,-0.003479755,-2.126979377,-0.062109906,-2.445635557,-0.017985724,0.00028419,0.000128704,3.84E-09,-0.028988425,-0.010843485,-9.806666374,0.00028419,0.000128704,3.84E-09,127.1218643,6.927428831,-0.079636114,-2.47091864,-0.020916414,0.988916039,1,0.3,0,0,applied,clear_constant_wind,1.225,0
2026-01-24T14:00:29.363053,-99.89354706,-92.7911911,-4.527296066,-0.00010564,-0.003479345,-2.126979371,-0.063416883,-2.445441008,-0.017995104,0.000285081,0.00013025,2.82E-10,-0.029002856,-0.010821041,-9.806630135,0.000285081,0.00013025,2.82E-10,128.2389832,6.927428831,-0.081015423,-2.470706236,-0.020927029,0.988849088,1,0.3,0,0,applied,clear_constant_wind,1.225,0
2026-01-24T14:00:29.472796,-99.89850616,-92.98201752,-4.528697014,-0.00011216,-0.003482589,-2.126979364,-0.064415418,-2.445292234,-0.018004904,0.000252018,0.000122639,-2.97E-09,-0.029013921,-0.010805595,-9.806672096,0.000252018,0.000122639,-2.97E-09,128.0409088,6.927428831,-0.082077032,-2.47054222,-0.020935206,0.988797555,1,0.3,0,0,applied,clear_constant_wind,1.225,0
2026-01-24T14:00:29.582534,-99.90318298,-93.15814209,-4.529990196,-0.000122258,-0.003486238,-2.126979353,-0.065341756,-2.445152283,-0.018013397,0.000282248,0.00011535,1.01E-09,-0.029024482,-0.01079093,-9.806672096,0.000282248,0.00011535,1.01E-09,127.9801712,6.887229294,-0.083058805,-2.470390121,-0.020942797,0.988749895,1,0.3,0,0,applied,clear_constant_wind,1.225,0
2026-01-24T14:00:29.693000,-99.90794373,-93.33410645,-4.531283379,-0.000130369,-0.003489238,-2.126979343,-0.066273317,-2.445011139,-0.018021524,0.000317633,0.000122066,-4.40E-09,-0.029034641,-0.010775506,-9.806666374,0.000286385,0.000129594,-4.02E-09,128.1597443,6.799056653,-0.084041902,-2.470237418,-0.020950378,0.988702168,1,0.3,0,0,applied,clear_constant_wind,1.225,0
2026-01-24T14:00:29.800298,-99.91349792,-93.53939819,-4.532792091,-0.000133104,-0.003489776,-2.126979339,-0.067364097,-2.444844246,-0.018030029,0.00023219,0.000139813,4.66E-09,-0.029045757,-0.010756813,-9.80665493,0.00023219,0.000139813,4.66E-09,127.5259247,6.799056653,-0.085196558,-2.470057554,-0.020959277,0.98864611,1,0.3,0,0,applied,clear_constant_wind,1.225,0
2026-01-24T14:00:29.911229,-99.92049408,-93.78868103,-4.5346241,-0.00013706,-0.00349007,-2.126979333,-0.068692483,-2.44464159,-0.01803997,0.000279867,0.000125035,3.04E-09,-0.029060902,-0.01073539,-9.806624413,0.000279867,0.000125035,3.04E-09,127.723999,6.799056653,-0.086598851,-2.469838371,-0.020970181,0.988578024,1,0.3,0,0,applied,clear_constant_wind,1.225,0
2026-01-24T14:00:30.021279,-99.92523193,-93.95731354,-4.535874367,-0.000147169,-0.003494818,-2.126979323,-0.069590472,-2.444504499,-0.018049149,0.000381438,0.000106738,-4.11E-09,-0.029071344,-0.010724889,-9.806690216,0.000381438,0.000106738,-4.11E-09,127.6923065,6.740898024,-0.087554274,-2.469688572,-0.020977112,0.988531633,1,0.3,0,0,applied,clear_constant_wind,1.225,0
2026-01-24T14:00:30.130698,-99.93029022,-94.13327789,-4.537178993,-0.000155376,-0.003498162,-2.126979314,-0.070534192,-2.444359064,-0.018057365,0.000328315,0.000119442,2.16E-09,-0.029081227,-0.010708363,-9.806671143,0.000328315,0.000119442,2.16E-09,127.8956604,6.701723336,-0.088552295,-2.46953169,-0.020984394,0.988483171,1,0.3,0,0,applied,clear_constant_wind,1.225,0
2026-01-24T14:00:30.239151,-99.9356308,-94.3165741,-4.538537979,-0.000162189,-0.003500631,-2.126979306,-0.071522281,-2.444205999,-0.018065322,0.000291939,0.000132413,6.52E-09,-0.029091556,-0.010691365,-9.806663513,0.000291939,0.000132413,6.52E-09,127.8586807,6.701723336,-0.089595401,-2.469367279,-0.020992028,0.988432517,1,0.3,0,0,applied,clear_constant_wind,1.225,0
2026-01-24T14:00:30.346364,-99.94208527,-94.53652954,-4.540168762,-0.000165501,-0.003501031,-2.126979301,-0.072712332,-2.444020033,-0.018073699,0.000163782,0.00012454,3.79E-09,-0.029104596,-0.010667765,-9.806640625,0.000163782,0.00012454,3.79E-09,128.0831604,6.701723336,-0.090854146,-2.469168278,-0.021001255,0.988371389,1,0.3,0,0,applied,clear_constant_wind,1.225,0
2026-01-24T14:00:30.456243,-99.94872284,-94.75648499,-4.541799545,-0.000171086,-0.003503057,-2.126979294,-0.073904544,-2.443834066,-0.018083114,0.000143496,0.000109184,1.02E-09,-0.029118065,-0.010647845,-9.806646347,0.000143496,0.000109184,1.02E-09,127.9009399,6.627699117,-0.092114678,-2.468968334,-0.02101056,0.988310169,1,0.3,0,0,applied,clear_constant_wind,1.225,0
2026-01-24T14:00:30.565289,-99.9540329,-94.93244934,-4.543104172,-0.000180045,-0.003506929,-2.126979284,-0.074859425,-2.443685293,-0.018091641,0.00034914,0.000112653,2.62E-09,-0.029128637,-0.010637737,-9.806674004,0.000331155,0.000121716,1.82E-09,127.6104355,6.627699117,-0.093130319,-2.468806755,-0.021018055,0.988260841,1,0.3,0,0,applied,clear_constant_wind,1.225,0
2026-01-24T14:00:30.675623,-99.95972443,-95.11574554,-4.544463158,-0.000186279,-0.003509446,-2.126979277,-0.075858824,-2.443529129,-0.018099708,0.000339967,0.000127537,-7.52E-09,-0.029138949,-0.010622536,-9.806667328,0.000339967,0.000127537,-7.52E-09,127.9009399,6.575982782,-0.09418796,-2.468638038,-0.021025919,0.98820947,1,0.3,0,0,applied,clear_constant_wind,1.225,0
2026-01-24T14:00:30.786627,-99.96567535,-95.3063736,-4.545876503,-0.000192729,-0.003511821,-2.12697927,-0.07690312,-2.44336462,-0.01810817,0.000257372,0.000135009,-9.48E-09,-0.029149935,-0.010603512,-9.80666256,0.000257372,0.000135009,-9.48E-09,127.6817398,6.548672771,-0.095293957,-2.46846111,-0.021034151,0.988155747,1,0.3,0,0,applied,clear_constant_wind,1.225,0
2026-01-24T14:00:30.896286,-99.97288513,-95.53366089,-4.547561646,-0.000196896,-0.003512447,-2.126979264,-0.078152835,-2.443166494,-0.018117309,0.000170294,0.000117841,-6.75E-09,-0.029163972,-0.010579926,-9.806641579,0.000170294,0.000117841,-6.75E-09,128.0039368,6.548672771,-0.096617528,-2.468248708,-0.021044044,0.988091452,1,0.3,0,0,applied,clear_constant_wind,1.225,0
2026-01-24T14:00:31.006650,-99.97998047,-95.75361633,-4.549192429,-0.000203254,-0.003514985,-2.126979257,-0.079364643,-2.442973375,-0.018127149,0.000127878,0.000104881,3.74E-09,-0.029177438,-0.010559325,-9.80664444,0.000127878,0.000104881,3.74E-09,127.7266388,6.548672771,-0.097903536,-2.468041636,-0.021053699,0.988028978,1,0.3,0,0,applied,clear_constant_wind,1.225,0
2026-01-24T14:00:31.116354,-99.98570251,-95.92958069,-4.550497055,-0.000213309,-0.003519325,-2.126979246,-0.080336057,-2.44281888,-0.01813592,0.000344637,0.000109456,-1.53E-10,-0.029188024,-0.010550175,-9.806682587,0.000344637,0.000109456,-1.53E-10,127.7002258,6.50599755,-0.09893775,-2.467874609,-0.021061479,0.987978733,1,0.3,0,0,applied,clear_constant_wind,1.225,0
2026-01-24T14:00:31.225582,-99.99180603,-96.11287689,-4.551856041,-0.00022103,-0.00352262,-2.126979238,-0.081354454,-2.442657471,-0.018144649,0.000306984,0.000127498,-2.91E-09,-0.029198438,-0.010533206,-9.806670189,0.000306984,0.000127498,-2.91E-09,127.9537582,6.50599755,-0.100015651,-2.467700053,-0.021069642,0.987926362,1,0.3,0,0,applied,clear_constant_wind,1.225,0
2026-01-24T14:00:31.332994,-99.99742126,-96.28137207,-4.553106308,-0.00023082,-0.00352628,-2.126979226,-0.082295612,-2.442506552,-0.018152807,0.000346572,0.000111741,-5.61E-09,-0.029209252,-0.010518715,-9.806680679,0.000346572,0.000111741,-5.61E-09,127.9273453,6.470843161,-0.10101276,-2.46753815,-0.021077144,0.987877915,1,0.3,0,0,applied,clear_constant_wind,1.225,0
2026-01-24T14:00:31.444628,-100.0059128,-96.53039551,-4.554954529,-0.000232419,-0.003525541,-2.126979223,-0.083695345,-2.442281246,-0.018162047,0.000309491,0.000137278,-1.12E-08,-0.029223479,-0.010494027,-9.806625366,0.000309491,0.000137278,-1.12E-08,127.9986572,6.470843161,-0.102488976,-2.467297693,-0.021088304,0.987806185,1,0.3,0,0,applied,clear_constant_wind,1.225,0
2026-01-24T14:00:31.554622,-100.0124588,-96.7208252,-4.556367874,-0.000238634,-0.003529122,-2.126979217,-0.084764086,-2.442107677,-0.018172104,0.000280851,0.000126681,-1.45E-08,-0.029235641,-0.010475334,-9.806668282,0.000218828,0.000122983,-1.25E-08,128.0197754,6.451282227,-0.103624682,-2.467112084,-0.021096908,0.987750996,1,0.3,0,0,applied,clear_constant_wind,1.225,0
2026-01-24T14:00:31.663105,-100.0188675,-96.90393066,-4.55772686,-0.000247113,-0.003532302,-2.126979208,-0.085795403,-2.441940784,-0.018180922,0.000318165,0.00012211,-1.29E-08,-0.029246701,-0.010460513,-9.80667305,0.000294014,0.000129566,-1.33E-08,127.8454819,6.451282227,-0.104719036,-2.466932725,-0.021105243,0.987697814,1,0.3,0,0,applied,clear_constant_wind,1.225,0
2026-01-24T14:00:31.773154,-100.0253525,-97.08703613,-4.559085846,-0.000254147,-0.003535099,-2.1269792,-0.086830929,-2.441773891,-0.018189725,0.000350589,0.000127231,-1.21E-08,-0.029257581,-0.010446167,-9.806675911,0.000350589,0.000127231,-1.21E-08,128.1544647,6.453004161,-0.10581737,-2.466752212,-0.021113636,0.987644436,1,0.3,0,0,applied,clear_constant_wind,1.225,0
2026-01-24T14:00:31.883055,-100.0321274,-97.27746582,-4.560499191,-0.000261058,-0.003537771,-2.126979073,-0.08791326,-2.441598415,-0.018198827,0.00026671,0.00013512,-9.74E-09,-0.02926885,-0.010426646,-9.806665421,0.00026671,0.00013512,-9.74E-09,127.8613281,6.453004161,-0.106966265,-2.466562852,-0.021122425,0.987588598,1,0.3,0,0,applied,clear_constant_wind,1.225,0
2026-01-24T14:00:31.994240,-100.0412064,-97.52648926,-4.562363625,-0.000265486,-0.003538102,-2.126979066,-0.089335702,-2.44136548,-0.018208953,0.000315664,0.00013124,-1.23E-09,-0.029284384,-0.010403675,-9.806629181,0.000315664,0.00013124,-1.23E-09,127.7609711,6.453004161,-0.108470873,-2.466314038,-0.02113324,0.987515466,1,0.3,0,0,applied,clear_constant_wind,1.225,0
2026-01-24T14:00:32.101500,-100.0478973,-97.70959473,-4.563734531,-0.000273816,-0.003542484,-2.126979058,-0.090381078,-2.441194296,-0.018218424,0.000334553,0.000125491,-3.39E-09,-0.029295653,-0.010389233,-9.806676865,0.000334553,0.000125491,-3.39E-09,127.956398,6.415869894,-0.109585582,-2.466129092,-0.021141254,0.987461282,1,0.3,0,0,applied,clear_constant_wind,1.225,0
2026-01-24T14:00:32.210164,-100.0542145,-97.87805176,-4.564995766,-0.00028543,-0.003546964,-2.126979045,-0.09134838,-2.441035271,-0.018226709,0.00034038,0.000104742,-1.04E-08,-0.029306822,-0.010372173,-9.806675911,0.000318131,0.000118535,-1.04E-08,127.8613281,6.407668359,-0.110610362,-2.46595861,-0.021148684,0.987411467,1,0.3,0,0,applied,clear_constant_wind,1.225,0
2026-01-24T14:00:32.320156,-100.0610809,-98.06115723,-4.566366673,-0.000291651,-0.003549374,-2.126979038,-0.092405349,-2.440862417,-0.018234827,0.000358158,0.000134726,-1.24E-08,-0.029317256,-0.010357062,-9.806669235,0.000358158,0.000134726,-1.24E-08,128.1201324,6.407668359,-0.111731758,-2.465771552,-0.021156811,0.987356952,1,0.3,0,0,applied,clear_constant_wind,1.225,0
2026-01-24T14:00:32.429131,-100.069191,-98.27355957,-4.567956924,-0.000295989,-0.003550393,-2.126979033,-0.093636557,-2.44066,-0.018243641,0.000167347,0.000132079,3.62E-09,-0.029330287,-0.010331642,-9.806645393,0.000167347,0.000132079,3.62E-09,127.7028656,6.407668359,-0.113035568,-2.465553408,-0.021166315,0.987293566,1,0.3,0,0,applied,clear_constant_wind,1.225,0
2026-01-24T14:00:32.541145,-100.0782242,-98.50793457,-4.569711685,-0.000301941,-0.003551909,-2.126979025,-0.094999135,-2.440433502,-0.018253556,0.000200949,0.000116034,6.28E-09,-0.029345796,-0.010310413,-9.806633949,0.000244402,0.000121376,5.49E-09,127.8507614,6.403426753,-0.11448265,-2.465310462,-0.021176892,0.98722321,1,0.3,0,0,applied,clear_constant_wind,1.225,0
2026-01-24T14:00:32.651462,-100.0851135,-98.68371582,-4.571027756,-0.000310297,-0.003555637,-2.126979016,-0.096019372,-2.440263987,-0.018262481,0.000431123,0.000101589,1.09E-09,-0.029357068,-0.010300745,-9.806693077,0.000431123,0.000101589,1.09E-09,127.9854507,6.395980992,-0.1155711,-2.465127149,-0.021184893,0.987170286,1,0.3,0,0,applied,clear_constant_wind,1.225,0
2026-01-24T14:00:32.762310,-100.0923615,-98.86682129,-4.572398663,-0.000318495,-0.003559415,-2.126979008,-0.097089723,-2.440085173,-0.018271647,0.000333057,0.000130333,4.49E-09,-0.029367678,-0.010279521,-9.80666256,0.000274938,0.000133758,3.69E-09,127.8243484,6.395980992,-0.116709375,-2.464934916,-0.021193286,0.987114938,1,0.3,0,0,applied,clear_constant_wind,1.225,0
2026-01-24T14:00:32.870999,-100.0993576,-99.04241943,-4.573714733,-0.00032798,-0.003562775,-2.126978997,-0.098121621,-2.439913511,-0.018279912,0.000351108,0.000114621,6.10E-10,-0.029379057,-0.010265205,-9.806679726,0.000351108,0.000114621,6.10E-10,127.5074387,6.390026586,-0.117806435,-2.464749133,-0.021201322,0.98706159,1,0.3,0,0,applied,clear_constant_wind,1.225,0
2026-01-24T14:00:32.980346,-100.1085815,-99.2692337,-4.575414658,-0.000331796,-0.003563477,-2.126978991,-0.099462211,-2.439689875,-0.018289518,0.000155221,0.000123712,1.29E-09,-0.02939284,-0.010237746,-9.806640625,0.000155221,0.000123712,1.29E-09,127.6025162,6.390026586,-0.119225566,-2.464508061,-0.021211793,0.986992576,1,0.3,0,0,applied,clear_constant_wind,1.225,0
2026-01-24T14:00:33.090755,-100.1175613,-99.48873138,-4.577059746,-0.000338978,-0.003566085,-2.126978983,-0.100762479,-2.439471483,-0.018299878,0.000143043,0.000110852,-6.27E-09,-0.029407069,-0.010216878,-9.806645393,0.000143043,0.000110852,-6.27E-09,127.6394882,6.390026586,-0.120608394,-2.464272348,-0.021222013,0.986925324,1,0.3,0,0,applied,clear_constant_wind,1.225,0
2026-01-24T14:00:33.201047,-100.1248856,-99.66432953,-4.578375816,-0.000350003,-0.003570654,-2.126978971,-0.101804905,-2.439295053,-0.018309103,0.000372066,0.000115405,-1.30E-08,-0.029418238,-0.010207145,-9.806685448,0.000372066,0.000115405,-1.30E-08,127.8217087,0.14376474,-0.12171643,-2.464082898,-0.021230259,0.986871432,1,0.3,0,0,applied,clear_constant_wind,1.225,0
2026-01-24T14:00:33.311096,-100.1322098,-99.83992767,-4.579691887,-0.000359402,-0.003574572,-2.126978961,-0.102854051,-2.43911767,-0.018318126,0.000371328,0.000128354,-1.69E-08,-0.029429121,-0.010189062,-9.80667305,0.00033023,0.000136844,-1.66E-08,127.9880905,6.353917697,-0.122832189,-2.46389161,-0.021238558,0.986817161,1,0.3,0,0,applied,clear_constant_wind,1.225,0
2026-01-24T14:00:33.420510,-100.1403198,-100.030159,-4.58111763,-0.000365355,-0.003576667,-2.126978954,-0.103995629,-2.438925505,-0.018327011,0.000330057,0.000146529,-5.99E-09,-0.029440528,-0.010171484,-9.806670189,0.000330057,0.000146529,-5.99E-09,127.7900162,6.353917697,-0.12404109,-2.463683765,-0.021247623,0.986758357,1,0.3,0,0,applied,clear_constant_wind,1.225,0
2026-01-24T14:00:33.531926,-100.1503296,-100.2642899,-4.582872391,-0.000369329,-0.003576895,-2.126978948,-0.105405845,-2.438686609,-0.018336918,0.000194318,0.000126102,-1.41E-09,-0.029456072,-0.010144016,-9.806639671,0.000194318,0.000126102,-1.41E-09,128.1491852,6.353917697,-0.125540211,-2.463425174,-0.021258872,0.986685431,1,0.3,0,0,applied,clear_constant_wind,1.225,0
2026-01-24T14:00:33.640142,-100.1589584,-100.4618378,-4.58435297,-0.000378144,-0.003580789,-2.126978939,-0.106597699,-2.438483,-0.018347654,0.000218581,0.000121199,-7.99E-10,-0.029468767,-0.010127008,-9.806668282,0.000218581,0.000121199,-7.99E-10,127.7900162,6.352948769,-0.126806968,-2.463205932,-0.021268453,0.986623804,1,0.3,0,0,applied,clear_constant_wind,1.225,0
2026-01-24T14:00:33.749737,-100.1666489,-100.6374359,-4.585669041,-0.000389803,-0.003585312,-2.126978926,-0.10766191,-2.438299894,-0.01835713,0.000339561,0.000122027,1.53E-09,-0.02948037,-0.010111922,-9.806678772,0.00031297,0.000130155,1.91E-09,128.2284088,6.352948769,-0.127940433,-2.463009191,-0.021277031,0.986568659,1,0.3,0,0,applied,clear_constant_wind,1.225,0
2026-01-24T14:00:33.859204,-100.1747818,-100.8203506,-4.587049961,-0.000397209,-0.003588164,-2.126978918,-0.108775876,-2.438109159,-0.018366085,0.000373297,0.000134381,1.05E-08,-0.029491648,-0.010096638,-9.806676865,0.000373297,0.000134381,1.05E-08,127.9907303,6.317995729,-0.129123586,-2.462803255,-0.02128552,0.986511093,1,0.3,0,0,applied,clear_constant_wind,1.225,0
2026-01-24T14:00:33.968265,-100.1833115,-101.010582,-4.588488102,-0.000404518,-0.003590871,-2.126978909,-0.109939933,-2.437909365,-0.01837533,0.00029124,0.000143816,7.30E-09,-0.029503552,-0.010076104,-9.806665421,0.00029124,0.000143816,7.30E-09,127.6949463,6.311287239,-0.13035981,-2.462587458,-0.021294315,0.986450941,1,0.3,0,0,applied,clear_constant_wind,1.225,0
2026-01-24T14:00:34.079258,-100.1946106,-101.259346,-4.590368748,-0.000409137,-0.003591173,-2.126978902,-0.111469567,-2.437644005,-0.01838542,0.000342608,0.000139096,3.23E-09,-0.029520001,-0.010051662,-9.806627274,0.000342608,0.000139096,3.23E-09,126.9977341,6.311287239,-0.131983587,-2.462303035,-0.021305922,0.986371926,1,0.3,0,0,applied,clear_constant_wind,1.225,0
2026-01-24T14:00:34.187340,-100.2030029,-101.4421768,-4.591751575,-0.000418318,-0.00359578,-2.126978893,-0.11259374,-2.437449217,-0.018395614,0.000360639,0.000132352,1.43E-08,-0.029531926,-0.010036288,-9.806680679,0.000360639,0.000132352,1.43E-08,127.9801712,6.311287239,-0.133183098,-2.462092219,-0.021314497,0.986313552,1,0.3,0,0,applied,clear_constant_wind,1.225,0
2026-01-24T14:00:34.297340,-100.2111435,-101.6175919,-4.59307909,-0.000429954,-0.0036002,-2.12697888,-0.113679521,-2.437260389,-0.018404705,0.000342082,0.000125702,1.54E-08,-0.029543692,-0.010018111,-9.806680679,0.000342082,0.000125702,1.54E-08,128.0144958,6.291886218,-0.134337933,-2.461888686,-0.021322747,0.986257349,1,0.3,0,0,applied,clear_constant_wind,1.225,0
2026-01-24T14:00:34.405713,-100.2197266,-101.8003159,-4.594461918,-0.000438687,-0.003603451,-2.126978752,-0.114817247,-2.437063217,-0.018413654,0.000335079,0.000141631,1.53E-08,-0.029555136,-0.010000052,-9.806671143,0.000335079,0.000141631,1.53E-08,128.1412659,6.291886218,-0.135544515,-2.461675435,-0.021331408,0.986198624,1,0.3,0,0,applied,clear_constant_wind,1.225,0
2026-01-24T14:00:34.514503,-100.2294006,-102.0049667,-4.596010685,-0.00044446,-0.003605081,-2.126978744,-0.11609707,-2.436839819,-0.018422848,0.000217464,0.000142693,5.44E-09,-0.029568443,-0.00997621,-9.806652069,0.000217464,0.000142693,5.44E-09,128.3208466,6.260235731,-0.136903617,-2.461434497,-0.021341185,0.986132472,1,0.3,0,0,applied,clear_constant_wind,1.225,0
2026-01-24T14:00:34.627458,-100.2409821,-102.2461624,-4.597836018,-0.000450007,-0.003606051,-2.126978737,-0.117610544,-2.436573982,-0.018433288,0.000273581,0.000130278,-6.06E-09,-0.029584901,-0.00995264,-9.806632996,0.000273581,0.000130278,-6.06E-09,127.7768173,6.260235731,-0.138511049,-2.461148536,-0.021352823,0.986054227,1,0.3,0,0,applied,clear_constant_wind,1.225,0
2026-01-24T14:00:34.735706,-100.2494812,-102.4215775,-4.599163532,-0.000459705,-0.003610508,-2.126978727,-0.118709967,-2.436379671,-0.01844329,0.000462477,0.000122583,-5.13E-09,-0.029596776,-0.009941915,-9.806695938,0.000462477,0.000122583,-5.13E-09,127.9986572,6.244802808,-0.139686339,-2.460938767,-0.021361362,0.985997014,1,0.3,0,0,applied,clear_constant_wind,1.225,0
2026-01-24T14:00:34.843682,-100.2584457,-102.6043015,-4.60054636,-0.000469211,-0.003614402,-2.126978717,-0.11986322,-2.436177015,-0.018452941,0.000338005,0.000138195,-7.25E-09,-0.029608265,-0.009920646,-9.806672096,0.000338005,0.000138195,-7.25E-09,128.2020111,6.244802808,-0.140914042,-2.460719024,-0.021370328,0.985937245,1,0.3,0,0,applied,clear_constant_wind,1.225,0
2026-01-24T14:00:34.953625,-100.2670822,-102.7797165,-4.601873875,-0.000480225,-0.003618311,-2.126978704,-0.120976217,-2.435980082,-0.018462002,0.000363659,0.000133441,2.86E-09,-0.029620348,-0.009901823,-9.806674957,0.000326359,0.00014118,4.02E-09,128.442337,6.21157478,-0.142099948,-2.460506162,-0.021378999,0.985879508,1,0.3,0,0,applied,clear_constant_wind,1.225,0
2026-01-24T14:00:35.062172,-100.2780685,-102.9989853,-4.603533268,-0.000483175,-0.003618608,-2.1269787,-0.122373462,-2.435732126,-0.0184718,0.000213301,0.000144839,3.55E-09,-0.029634265,-0.009876833,-9.806649208,0.000213301,0.000144839,3.55E-09,127.9299927,6.21157478,-0.143584755,-2.460238817,-0.021389937,0.985807214,1,0.3,0,0,applied,clear_constant_wind,1.225,0
2026-01-24T14:00:35.174575,-100.2898712,-103.232872,-4.605303288,-0.000490834,-0.003620788,-2.12697869,-0.123868018,-2.435465097,-0.018483341,0.000199845,0.000117568,6.85E-09,-0.029650815,-0.009852031,-9.806642532,0.000199845,0.000117568,6.85E-09,127.5708237,6.21157478,-0.14517942,-2.45995066,-0.021401717,0.985729565,1,0.3,0,0,applied,clear_constant_wind,1.225,0
2026-01-24T14:00:35.296379,-100.2954788,-103.3425064,-4.606132984,-0.000503212,-0.003624531,-2.126978675,-0.124566637,-2.435339928,-0.018490443,-0.000698436,-0.000261164,-5.75E-09,-0.029669113,-0.009816816,-9.806771278,-0.000526753,-0.00021762,-6.19E-09,128.0884399,6.186663313,-0.145928446,-2.459814942,-0.021407283,0.985693091,1,0.3,0,0,applied,clear_constant_wind,1.225,0
2026-01-24T14:00:35.405261,-100.3040771,-103.5106125,-4.607405186,-0.000516661,-0.003630445,-2.126978661,-0.125650555,-2.435146809,-0.018500427,0.000296535,5.02E-05,-8.35E-09,-0.029671799,-0.009826179,-9.806685448,0.000296535,5.02E-05,-8.35E-09,128.0039368,6.174441916,-0.147083784,-2.459605141,-0.021415865,0.985636828,1,0.3,0,0,applied,clear_constant_wind,1.225,0
2026-01-24T14:00:35.514576,-100.316246,-103.7443924,-4.609175205,-0.00051639,-0.003630303,-2.126978662,-0.127166748,-2.434874773,-0.018510669,0.000190434,0.000144305,-5.78E-09,-0.029684452,-0.009800209,-9.806637764,0.000190434,0.000144305,-5.78E-09,128.0092163,6.174441916,-0.148693153,-2.459311957,-0.021427869,0.985558449,1,0.3,0,0,applied,clear_constant_wind,1.225,0
2026-01-24T14:00:35.622322,-100.3265457,-103.9415283,-4.610675812,-0.000525741,-0.00363419,-2.126978652,-0.12844713,-2.43464303,-0.018521799,0.000239274,0.000131212,3.77E-09,-0.029698052,-0.009782601,-9.806672096,0.000239274,0.000131212,3.77E-09,128.038269,6.174441916,-0.150060865,-2.459061944,-0.021437641,0.985491835,1,0.3,0,0,applied,clear_constant_wind,1.225,0
2026-01-24T14:00:35.733321,-100.3343277,-104.0875549,-4.611791611,-0.000542372,-0.003639902,-2.126978633,-0.129398704,-2.434471369,-0.018530466,0.000244196,1.94E-05,-1.36E-09,-0.029711967,-0.009765714,-9.806715965,0.000244196,1.94E-05,-1.36E-09,128.5453339,6.154405563,-0.151073369,-2.458876357,-0.021444709,0.985442518,1,0.3,0,0,applied,clear_constant_wind,1.225,0
2026-01-24T14:00:35.843173,-100.3436661,-104.2627869,-4.613130569,-0.000549773,-0.00364329,-2.126978625,-0.13055031,-2.434263229,-0.01853957,0.000466508,0.000135926,-1.38E-09,-0.029720137,-0.009755933,-9.806674957,0.000466508,0.000135926,-1.38E-09,127.9775238,6.150682741,-0.152296872,-2.45865152,-0.021453245,0.985382921,1,0.3,0,0,applied,clear_constant_wind,1.225,0
2026-01-24T14:00:35.950541,-100.355896,-104.4891281,-4.614860058,-0.000551998,-0.00364297,-2.126978621,-0.132043585,-2.433992147,-0.018549014,0.000191624,0.000144433,1.21E-08,-0.029735163,-0.009723796,-9.806635857,0.000191624,0.000144433,1.21E-08,127.9854507,6.150682741,-0.153882066,-2.45835928,-0.021464376,0.9853057,1,0.3,0,0,applied,clear_constant_wind,1.225,0
2026-01-24T14:00:36.060779,-100.3677979,-104.708168,-4.616533756,-0.000558766,-0.003645415,-2.126978614,-0.133490369,-2.433727503,-0.018559963,0.000166549,0.000122294,1.82E-08,-0.029750798,-0.009700711,-9.806650162,0.000166549,0.000122294,1.82E-08,127.6764603,6.150682741,-0.155427546,-2.458073344,-0.021475252,0.985230407,1,0.3,0,0,applied,clear_constant_wind,1.225,0
2026-01-24T14:00:36.169135,-100.3775024,-104.8834,-4.617872715,-0.000570947,-0.003650263,-2.1269786,-0.134649843,-2.433515787,-0.018569909,0.000417103,0.000126252,1.29E-08,-0.029762959,-0.009690081,-9.806692123,0.000417103,0.000126252,1.29E-08,127.9352722,6.137151581,-0.156664736,-2.457843721,-0.021484039,0.98517013,1,0.3,0,0,applied,clear_constant_wind,1.225,0
2026-01-24T14:00:36.278383,-100.3880157,-105.0732346,-4.619323254,-0.000579406,-0.003653563,-2.126978591,-0.135914207,-2.433284521,-0.01857979,0.000310988,0.000147713,1.35E-08,-0.029775234,-0.009667901,-9.806667328,0.000310988,0.000147713,1.35E-08,128.2046509,6.137151581,-0.15801587,-2.457592213,-0.02149363,0.985104297,1,0.3,0,0,applied,clear_constant_wind,1.225,0
2026-01-24T14:00:36.386605,-100.3978806,-105.2484665,-4.620662212,-0.00059132,-0.003657711,-2.126978578,-0.137086377,-2.433069468,-0.018589165,0.000384811,0.000136933,9.91E-09,-0.029787865,-0.009651298,-9.80668354,0.000384811,0.000136933,9.91E-09,128.0699615,6.119348717,-0.159264424,-2.457359117,-0.021502565,0.985043459,1,0.3,0,0,applied,clear_constant_wind,1.225,0
2026-01-24T14:00:36.496781,-100.4110718,-105.4821091,-4.622447491,-0.000595108,-0.003657812,-2.126978572,-0.138657659,-2.432779551,-0.018599691,0.000220957,0.000140497,6.98E-10,-0.029803865,-0.009620994,-9.806637764,0.000220957,0.000140497,6.98E-10,127.6738205,6.119348717,-0.160942289,-2.457044837,-0.021514583,0.984961695,1,0.3,0,0,applied,clear_constant_wind,1.225,0
2026-01-24T14:00:36.608146,-100.4219818,-105.6719437,-4.623898029,-0.00060575,-0.003662415,-2.126978561,-0.139936104,-2.432543993,-0.018610831,0.000303472,0.000138173,-8.20E-09,-0.029817075,-0.009604923,-9.806675911,0.000303472,0.000138173,-8.20E-09,128.1967316,6.112371373,-0.162307898,-2.456788169,-0.021524452,0.984895143,1,0.3,0,0,applied,clear_constant_wind,1.225,0
2026-01-24T14:00:36.718134,-100.4320526,-105.8470688,-4.625236988,-0.000618731,-0.003667063,-2.126978308,-0.141122356,-2.432323933,-0.018620785,0.000378884,0.000133792,-7.93E-09,-0.029829655,-0.009588169,-9.80669117,0.000378884,0.000133792,-7.93E-09,127.8824539,6.112371373,-0.163577722,-2.456548799,-0.021533579,0.984833254,1,0.3,0,0,applied,clear_constant_wind,1.225,0
2026-01-24T14:00:36.827366,-100.4418793,-106.0148239,-4.626520157,-0.00063098,-0.003671414,-2.126978413,-0.142265737,-2.432111979,-0.01863037,0.000437509,0.000125007,-6.16E-10,-0.029841864,-0.00957186,-9.806693077,0.000437509,0.000125007,-6.16E-10,127.964325,6.094942115,-0.164793542,-2.456318972,-0.02154237,0.984773994,1,0.3,0,0,applied,clear_constant_wind,1.225,0
2026-01-24T14:00:36.936481,-100.454277,-106.2263412,-4.628138065,-0.000635228,-0.003672286,-2.126978408,-0.143715784,-2.431842327,-0.018640699,0.000201309,0.000153329,7.01E-09,-0.029855596,-0.009542534,-9.806647301,0.000201309,0.000153329,7.01E-09,127.8217087,6.094942115,-0.166339332,-2.45602587,-0.021553544,0.984698646,1,0.3,0,0,applied,clear_constant_wind,1.225,0
2026-01-24T14:00:37.047286,-100.4686279,-106.4670334,-4.629979134,-0.000641513,-0.003673412,-2.126978399,-0.1453702,-2.431533575,-0.018652162,0.000291633,0.000137961,6.76E-09,-0.029873282,-0.009518235,-9.80663681,0.000291633,0.000137961,6.76E-09,127.6474075,6.094942115,-0.168102858,-2.45569025,-0.021566405,0.984612678,1,0.3,0,0,applied,clear_constant_wind,1.225,0
2026-01-24T14:00:37.156339,-100.4791183,-106.6420822,-4.631318092,-0.000652942,-0.003678163,-2.126978387,-0.146572441,-2.431307793,-0.018663295,0.000499253,0.000130717,-2.98E-09,-0.029885972,-0.009506821,-9.806705475,0.000499253,0.000130717,-2.98E-09,128.1095734,6.072801512,-0.169394654,-2.455443573,-0.021575847,0.984549701,1,0.3,0,0,applied,clear_constant_wind,1.225,0
2026-01-24T14:00:37.264709,-100.4897385,-106.817131,-4.632657051,-0.00066528,-0.00368282,-2.126978374,-0.147783384,-2.431080341,-0.018673971,0.000420189,0.000138117,6.72E-10,-0.029898152,-0.00948613,-9.806692123,0.000420189,0.000138117,6.72E-10,127.7028656,6.061975318,-0.170689528,-2.455195601,-0.021585373,0.984486569,1,0.3,0,0,applied,clear_constant_wind,1.225,0
2026-01-24T14:00:37.370933,-100.5008469,-106.9994736,-4.63406086,-0.000676013,-0.003686447,-2.126978362,-0.149052888,-2.430840492,-0.018684156,0.000364471,0.000150988,-1.07E-09,-0.029910669,-0.009464859,-9.806680679,0.000364471,0.000150988,-1.07E-09,127.9801712,6.061975318,-0.172046916,-2.454934902,-0.021594841,0.984420386,1,0.3,0,0,applied,clear_constant_wind,1.225,0
2026-01-24T14:00:37.479272,-100.5143509,-107.2182846,-4.635748863,-0.000682495,-0.003687672,-2.126978353,-0.150583804,-2.430550575,-0.018694831,0.000194957,0.000140002,2.62E-09,-0.029926557,-0.009435377,-9.806650162,0.000194957,0.000140002,2.62E-09,127.6315613,6.061975318,-0.173681045,-2.45462002,-0.021606116,0.984340703,1,0.3,0,0,applied,clear_constant_wind,1.225,0
2026-01-24T14:00:37.590227,-100.527977,-107.4370956,-4.637436867,-0.000691807,-0.003690619,-2.126978342,-0.152119562,-2.430258512,-0.018706379,0.000169815,0.000125535,-3.15E-09,-0.029942697,-0.009410781,-9.806646347,0.000169815,0.000125535,-3.15E-09,127.8956604,6.053254971,-0.175324891,-2.454302127,-0.021617509,0.98426054,1,0.3,0,0,applied,clear_constant_wind,1.225,0
2026-01-24T14:00:37.699161,-100.5394211,-107.6194382,-4.638843536,-0.00070389,-0.003695348,-2.12697821,-0.153402403,-2.430014133,-0.01871681,0.000420428,0.000140374,-4.54E-09,-0.029955504,-0.009398891,-9.806688309,0.000420428,0.000140374,-4.54E-09,127.9247055,6.053254971,-0.176702541,-2.454034832,-0.021627096,0.984193353,1,0.3,0,0,applied,clear_constant_wind,1.225,0
2026-01-24T14:00:37.808308,-100.5505219,-107.7943878,-4.640193939,-0.000716945,-0.003700075,-2.126978196,-0.154641524,-2.429776669,-0.018726999,0.000419404,0.000138451,2.28E-09,-0.029968288,-0.009379739,-9.806690216,0.000419404,0.000138451,2.28E-09,128.0910797,6.046765618,-0.178028489,-2.45377681,-0.021636332,0.984128683,1,0.3,0,0,applied,clear_constant_wind,1.225,0
2026-01-24T14:00:37.919431,-100.5621567,-107.9765396,-4.641600609,-0.000727611,-0.00370376,-2.126978184,-0.155940399,-2.429528236,-0.018737081,0.000378532,0.000154824,2.07E-09,-0.029980961,-0.009358688,-9.806679726,0.000378532,0.000154824,2.07E-09,128.1201324,6.042831017,-0.179416224,-2.453505968,-0.021645991,0.984060995,1,0.3,0,0,applied,clear_constant_wind,1.225,0
2026-01-24T14:00:38.028332,-100.5772247,-108.2096939,-4.643401146,-0.000732831,-0.003704051,-2.126978176,-0.157610849,-2.429207802,-0.01874776,0.00023815,0.000144149,-4.45E-09,-0.029998254,-0.009327378,-9.806637764,0.00023815,0.000144149,-4.45E-09,128.1227722,6.042831017,-0.181199843,-2.453156665,-0.021658485,0.983973991,1,0.3,0,0,applied,clear_constant_wind,1.225,0
2026-01-24T14:00:38.137454,-100.5909729,-108.42099,-4.645032883,-0.000742417,-0.003707651,-2.126978166,-0.159127459,-2.428915024,-0.018759988,0.000164487,0.000125897,2.97E-09,-0.030014127,-0.009302854,-9.80666256,0.000164487,0.000125897,2.97E-09,128.252182,6.042831017,-0.182828008,-2.452836629,-0.02166993,0.983894563,1,0.3,0,0,applied,clear_constant_wind,1.225,0
2026-01-24T14:00:38.246939,-100.6025085,-108.5958557,-4.646383286,-0.000757598,-0.003713123,-2.126978149,-0.160387129,-2.428671122,-0.018770892,0.000418799,0.00012946,-7.00E-09,-0.030027103,-0.009290705,-9.80670166,0.000418799,0.00012946,-7.00E-09,127.9273453,6.029358916,-0.184178658,-2.45257029,-0.0216795,0.983828668,1,0.3,0,0,applied,clear_constant_wind,1.225,0
2026-01-24T14:00:38.356729,-100.6140671,-108.7707214,-4.647733688,-0.000770257,-0.003717734,-2.126978135,-0.16165565,-2.428425074,-0.018781513,0.000440402,0.000142615,-9.59E-09,-0.030039744,-0.009270179,-9.806684494,0.000391535,0.000152205,-9.61E-09,128.1835175,6.029358916,-0.185539366,-2.452301186,-0.021689147,0.983762279,1,0.3,0,0,applied,clear_constant_wind,1.225,0
2026-01-24T14:00:38.463261,-100.6262741,-108.9528732,-4.649140358,-0.000779878,-0.003720814,-2.126978124,-0.162983447,-2.428165674,-0.018791711,0.000440049,0.000154541,-3.10E-09,-0.030052671,-0.009251667,-9.806687355,0.000440049,0.000154541,-3.10E-09,127.7953033,6.022770775,-0.18695912,-2.452019567,-0.021699295,0.983693003,1,0.3,0,0,applied,clear_constant_wind,1.225,0
2026-01-24T14:00:38.573287,-100.6429825,-109.2005997,-4.651053429,-0.000785789,-0.003721035,-2.126978115,-0.164800212,-2.427810669,-0.018803688,0.000387751,0.000155224,-1.94E-09,-0.030071044,-0.00922045,-9.806630135,0.000387751,0.000155224,-1.94E-09,127.7820969,6.022770775,-0.18890386,-2.451632426,-0.021713242,0.983598104,1,0.3,0,0,applied,clear_constant_wind,1.225,0
2026-01-24T14:00:38.683816,-100.6553802,-109.3827515,-4.652460098,-0.000797899,-0.003726532,-2.126978103,-0.166136324,-2.427548409,-0.018816028,0.000427419,0.000147396,-4.46E-09,-0.030084625,-0.009203451,-9.806696892,0.000427419,0.000147396,-4.46E-09,128.1993713,6.002586894,-0.19034215,-2.451345072,-0.02172361,0.983527912,1,0.3,0,0,applied,clear_constant_wind,1.225,0
2026-01-24T14:00:38.791534,-100.6679077,-109.5648422,-4.653866768,-0.000811918,-0.003731294,-2.126978088,-0.167481571,-2.42728281,-0.01882733,0.000352213,0.000147824,-3.56E-09,-0.030098237,-0.009180265,-9.806689262,0.000352213,0.000147824,-3.56E-09,128.0224152,6.002586894,-0.191784782,-2.451055968,-0.021734046,0.983457503,1,0.3,0,0,applied,clear_constant_wind,1.225,0
2026-01-24T14:00:38.900881,-100.6799927,-109.7395248,-4.655221939,-0.00082576,-0.003735936,-2.126977953,-0.16878061,-2.427026987,-0.01883816,0.000426168,0.000144739,-3.39E-09,-0.030111549,-0.009162205,-9.806695938,0.000426168,0.000144739,-3.39E-09,127.9273453,5.980333999,-0.19317687,-2.450776159,-0.021743786,0.983389557,1,0.3,0,0,applied,clear_constant_wind,1.225,0
2026-01-24T14:00:39.010170,-100.6942596,-109.9433212,-4.65681076,-0.000833532,-0.003738088,-2.126977944,-0.170305312,-2.426725149,-0.018849157,0.000243345,0.000158766,-2.12E-09,-0.03012621,-0.009133599,-9.806659698,0.000243345,0.000158766,-2.12E-09,127.5074387,5.980333999,-0.19480604,-2.450447655,-0.021754773,0.983310033,1,0.3,0,0,applied,clear_constant_wind,1.225,0
2026-01-24T14:00:39.120715,-100.7106705,-110.1762314,-4.658626556,-0.000842567,-0.003739923,-2.126977932,-0.1720552,-2.426376581,-0.018860914,0.000263365,0.000136761,-2.47E-09,-0.03014461,-0.009105977,-9.806639671,0.000263365,0.000136761,-2.47E-09,127.7477646,5.969448092,-0.196681818,-2.450068029,-0.021767468,0.983218463,1,0.3,0,0,applied,clear_constant_wind,1.225,0
2026-01-24T14:00:39.232750,-100.7236404,-110.3581924,-4.660045147,-0.000854125,-0.003744775,-2.126977921,-0.173422992,-2.42610383,-0.018872369,0.000498155,0.000149214,4.93E-09,-0.030158035,-0.009093473,-9.806697845,0.000498155,0.000149214,4.93E-09,128.0435486,5.969448092,-0.198153384,-2.449769162,-0.021777499,0.983146619,1,0.3,0,0,applied,clear_constant_wind,1.225,0
2026-01-24T14:00:39.341919,-100.7366943,-110.5401535,-4.661463737,-0.000867548,-0.003749492,-2.126977906,-0.174799934,-2.42582798,-0.018883329,0.000383607,0.000151839,9.66E-09,-0.030171709,-0.009069266,-9.806684494,0.000383607,0.000151839,9.66E-09,127.7953033,5.927233293,-0.199633288,-2.449467672,-0.021787624,0.983074364,1,0.3,0,0,applied,clear_constant_wind,1.225,0
2026-01-24T14:00:39.451815,-100.749855,-110.7221146,-4.662882328,-0.000880884,-0.003753806,-2.126977891,-0.17618534,-2.425550222,-0.018893931,0.000384578,0.000156865,1.06E-08,-0.030185454,-0.009047974,-9.806685448,0.000384578,0.000156865,1.06E-08,128.3921509,5.927233293,-0.201120227,-2.449163811,-0.021797848,0.983001759,1,0.3,0,0,applied,clear_constant_wind,1.225,0
2026-01-24T14:00:39.560302,-100.7652664,-110.9331894,-4.664527893,-0.000889516,-0.003755927,-2.12697788,-0.177801475,-2.425225258,-0.018905317,0.000217678,0.000153067,5.15E-09,-0.03020161,-0.009018002,-9.806658745,0.000217678,0.000153067,5.15E-09,128.1095734,5.927233293,-0.202853327,-2.448808458,-0.021809835,0.982917128,1,0.3,0,0,applied,clear_constant_wind,1.225,0
2026-01-24T14:00:39.671222,-100.7818527,-111.1588211,-4.666286945,-0.000900316,-0.003758706,-2.126977867,-0.179536402,-2.424875021,-0.018917838,0.000205319,0.000132363,-1.09E-08,-0.030219639,-0.008990393,-9.806646347,0.000205319,0.000132363,-1.09E-08,127.8032227,5.87954501,-0.204719678,-2.448424353,-0.021822795,0.982825982,1,0.3,0,0,applied,clear_constant_wind,1.225,0
2026-01-24T14:00:39.780189,-100.7943115,-111.326088,-4.667592049,-0.000916738,-0.003764672,-2.126977849,-0.180825591,-2.424614429,-0.018929182,0.000505026,0.000115695,-1.20E-08,-0.030233372,-0.008979708,-9.806720734,0.000505026,0.000115695,-1.20E-08,127.7451248,5.875898143,-0.206107,-2.448137874,-0.021832441,0.982758225,1,0.3,0,0,applied,clear_constant_wind,1.225,0
2026-01-24T14:00:39.888233,-100.8079071,-111.5078583,-4.669010639,-0.000928192,-0.003769019,-2.126977837,-0.182238236,-2.424326897,-0.018940667,0.000442504,0.000159494,2.83E-09,-0.030245896,-0.00895774,-9.806689262,0.000442504,0.000159494,2.83E-09,127.8877335,5.875898143,-0.207624666,-2.44782354,-0.021842997,0.982684096,1,0.3,0,0,applied,clear_constant_wind,1.225,0
2026-01-24T14:00:39.999207,-100.8210907,-111.6823578,-4.670372486,-0.000942438,-0.003773594,-2.126977821,-0.183601841,-2.424048901,-0.018951505,0.000449428,0.000152172,-9.83E-10,-0.030259946,-0.008934729,-9.806684494,0.000400694,0.000161418,-1.00E-09,128.225769,5.857778006,-0.20908675,-2.447519789,-0.021853234,0.982612677,1,0.3,0,0,applied,clear_constant_wind,1.225,0
2026-01-24T14:00:40.107395,-100.8393631,-111.9222946,-4.672245026,-0.000944839,-0.003772604,-2.126977817,-0.185485452,-2.423663378,-0.018963145,0.000290303,0.000160034,-2.50E-09,-0.030278102,-0.008902283,-9.806639671,0.000290303,0.000160034,-2.50E-09,128.252182,5.857778006,-0.211109657,-2.447098023,-0.021867468,0.982513854,1,0.3,0,0,applied,clear_constant_wind,1.225,0
2026-01-24T14:00:40.218363,-100.8549805,-112.1258774,-4.673833847,-0.000957816,-0.003777466,-2.126977803,-0.187086314,-2.42333436,-0.018976979,0.000195249,0.00013472,-4.29E-09,-0.030294595,-0.008876666,-9.806678772,0.000195249,0.00013472,-4.29E-09,128.001297,5.857778006,-0.212838804,-2.44673612,-0.02187969,0.982429374,1,0.3,0,0,applied,clear_constant_wind,1.225,0
2026-01-24T14:00:40.326789,-100.8685303,-112.3003769,-4.675195694,-0.000976222,-0.003783673,-2.126977783,-0.188465759,-2.423050642,-0.018988905,0.000425702,0.000134587,-1.05E-08,-0.030308748,-0.008860544,-9.806694031,0.000395911,0.000144978,-1.16E-08,128.2178497,5.841110837,-0.214325195,-2.446424004,-0.021890284,0.982356748,1,0.3,0,0,applied,clear_constant_wind,1.225,0
2026-01-24T14:00:40.435868,-100.8821335,-112.4748764,-4.676564693,-0.000991284,-0.003788854,-2.126977766,-0.189855516,-2.422763109,-0.019000255,0.00047415,0.000148108,-1.00E-08,-0.030321935,-0.00884271,-9.806697845,0.00047415,0.000148108,-1.00E-08,127.856041,5.834879912,-0.215821906,-2.446108773,-0.021900491,0.982283613,1,0.3,0,0,applied,clear_constant_wind,1.225,0
2026-01-24T14:00:40.544392,-100.8970108,-112.6639175,-4.678052425,-0.001002685,-0.003792353,-2.126977634,-0.191370964,-2.42244935,-0.019011527,0.000363972,0.000170375,-1.27E-08,-0.030336069,-0.008816903,-9.806678772,0.000363972,0.000170375,-1.27E-08,128.1861572,5.834879912,-0.21744993,-2.445764801,-0.021911349,0.982204056,1,0.3,0,0,applied,clear_constant_wind,1.225,0
2026-01-24T14:00:40.655826,-100.9166412,-112.9109726,-4.679997921,-0.001010757,-0.003793082,-2.126977623,-0.193364143,-2.422035217,-0.019023674,0.000438333,0.00016228,-2.68E-09,-0.030356165,-0.008786697,-9.806625366,0.000438333,0.00016228,-2.68E-09,127.9616776,5.834879912,-0.219590221,-2.445310874,-0.021925634,0.982099455,1,0.3,0,0,applied,clear_constant_wind,1.225,0
2026-01-24T14:00:40.764823,-100.9311752,-113.0925522,-4.681428432,-0.001024768,-0.003798978,-2.126977609,-0.194830403,-2.421728611,-0.019036466,0.000460322,0.000155308,-1.44E-08,-0.03037066,-0.008767772,-9.80670166,0.000460322,0.000155308,-1.44E-08,127.5074387,5.817236431,-0.221174512,-2.444973605,-0.021936217,0.98202202,1,0.3,0,0,applied,clear_constant_wind,1.225,0
2026-01-24T14:00:40.873846,-100.9458618,-113.2741318,-4.682858944,-0.001040944,-0.003804132,-2.126977591,-0.196307167,-2.421420574,-0.019048093,0.000383121,0.000156336,-9.68E-09,-0.030385684,-0.0087402,-9.80668354,0.000321776,0.000159278,-9.70E-09,127.7081528,5.817236431,-0.222764325,-2.444634082,-0.021946915,0.981944308,1,0.3,0,0,applied,clear_constant_wind,1.225,0
2026-01-24T14:00:40.983825,-100.9600449,-113.4484482,-4.684232235,-0.001055717,-0.003808493,-2.126977574,-0.197732002,-2.421120644,-0.019058829,0.000490652,0.000142409,-4.05E-09,-0.030399852,-0.008722713,-9.806690216,0.00047421,0.000159144,-4.46E-09,127.9220657,5.843462461,-0.224299786,-2.444305139,-0.021957289,0.981869248,1,0.3,0,0,applied,clear_constant_wind,1.225,0
2026-01-24T14:00:41.092299,-100.9767075,-113.6518173,-4.685834408,-0.001062868,-0.00381048,-2.126977566,-0.199403629,-2.420769215,-0.019070262,0.000335066,0.000176168,-6.43E-09,-0.030414965,-0.008694858,-9.806670189,0.000335066,0.000176168,-6.43E-09,127.7319183,5.845315407,-0.226101985,-2.443917765,-0.021969522,0.981781141,1,0.3,0,0,applied,clear_constant_wind,1.225,0
2026-01-24T14:00:41.203264,-100.9965668,-113.8915024,-4.687722683,-0.001075233,-0.003812757,-2.126977551,-0.20138444,-2.420350313,-0.019083634,0.000328202,0.000144055,-8.96E-09,-0.030435516,-0.008662755,-9.806637764,0.000328202,0.000144055,-8.96E-09,128.3314056,5.845315407,-0.228237115,-2.443457028,-0.021984132,0.981676748,1,0.3,0,0,applied,clear_constant_wind,1.225,0
2026-01-24T14:00:41.311794,-101.011116,-114.0658188,-4.689095974,-0.001091215,-0.003818857,-2.126977534,-0.202826142,-2.420044422,-0.019096462,0.000591738,0.000140608,-1.98E-08,-0.030449882,-0.008650389,-9.806724548,0.000591738,0.000140608,-1.98E-08,127.7979431,5.845315407,-0.22980061,-2.443118405,-0.021994885,0.981600296,1,0.3,0,0,applied,clear_constant_wind,1.225,0
2026-01-24T14:00:41.421009,-101.0251541,-114.232872,-4.690412045,-0.001109772,-0.003825182,-2.126977514,-0.204219058,-2.419747114,-0.019108513,0.000535275,0.000128193,-9.38E-09,-0.030463807,-0.008626167,-9.806706429,0.000492002,0.000147696,-9.01E-09,127.893013,5.865983955,-0.231306771,-2.442791207,-0.022005293,0.981526643,1,0.3,0,0,applied,clear_constant_wind,1.225,0
2026-01-24T14:00:41.530918,-101.0399246,-114.4070129,-4.691785336,-0.001123863,-0.00382956,-2.12697738,-0.205682471,-2.419435024,-0.019119781,0.000527008,0.000148036,-1.24E-08,-0.030477611,-0.008605598,-9.806704521,0.000527008,0.000148036,-1.24E-08,127.8005829,5.902271544,-0.232882519,-2.442447852,-0.022016159,0.98144958,1,0.3,0,0,applied,clear_constant_wind,1.225,0
2026-01-24T14:00:41.642221,-101.0597458,-114.6391907,-4.69361639,-0.001130957,-0.003830127,-2.12697737,-0.2076464,-2.419014215,-0.019132612,0.0002395,0.00015612,-1.26E-08,-0.030496188,-0.008566699,-9.806641579,0.0002395,0.00015612,-1.26E-08,127.8771744,5.902271544,-0.234998722,-2.441985055,-0.022030812,0.981346077,1,0.3,0,0,applied,clear_constant_wind,1.225,0
2026-01-24T14:00:41.753840,-101.0785141,-114.8568573,-4.695333004,-0.001143888,-0.003834278,-2.126977356,-0.209492847,-2.418616533,-0.019146899,0.000161075,0.000132919,-1.33E-08,-0.030514769,-0.008537591,-9.806663513,0.000161075,0.000132919,-1.33E-08,127.9405518,5.902271544,-0.23699516,-2.441546688,-0.022044737,0.981248421,1,0.3,0,0,applied,clear_constant_wind,1.225,0
2026-01-24T14:00:41.865866,-101.0936737,-115.0309906,-4.696712971,-0.001163337,-0.00384092,-2.126977335,-0.210975692,-2.418296099,-0.019159917,0.000502963,0.000138367,-2.35E-08,-0.030529292,-0.008525596,-9.806722641,0.000502963,0.000138367,-2.35E-08,127.9616776,5.946368268,-0.238600112,-2.441193043,-0.022055527,0.981169908,1,0.3,0,0,applied,clear_constant_wind,1.225,0
2026-01-24T14:00:41.973341,-101.1095276,-115.2123795,-4.698155403,-0.001178861,-0.003846155,-2.126977319,-0.212532967,-2.417958975,-0.019172451,0.000451729,0.000163058,-2.76E-08,-0.03054354,-0.008501666,-9.806696892,0.000451729,0.000163058,-2.76E-08,127.9696045,5.946368268,-0.240284621,-2.440820681,-0.022066518,0.981087497,1,0.3,0,0,applied,clear_constant_wind,1.225,0
2026-01-24T14:00:42.082885,-101.1249084,-115.3865128,-4.699540138,-0.001196154,-0.003851477,-2.126977181,-0.214037389,-2.417632103,-0.019183805,0.000486349,0.000158872,-1.55E-08,-0.030558307,-0.008479855,-9.806700706,0.000486349,0.000158872,-1.55E-08,127.9696045,6.008079563,-0.241907038,-2.440460891,-0.022077192,0.981008116,1,0.3,0,0,applied,clear_constant_wind,1.225,0
2026-01-24T14:00:42.191367,-101.1462021,-115.6259384,-4.701444149,-0.001203072,-0.00385159,-2.126977171,-0.216119438,-2.417178392,-0.019196313,0.000328548,0.000164615,-7.46E-09,-0.030578163,-0.008442501,-9.806634903,0.000328548,0.000164615,-7.46E-09,128.0910797,6.008079563,-0.244154307,-2.439960662,-0.022092047,0.980898153,1,0.3,0,0,applied,clear_constant_wind,1.225,0
2026-01-24T14:00:42.301683,-101.1631012,-115.8143845,-4.702944279,-0.001218908,-0.003857626,-2.126977155,-0.217762962,-2.416819811,-0.019210305,0.000383992,0.000158555,-7.09E-09,-0.030594099,-0.008422051,-9.806699753,0.000383992,0.000158555,-7.09E-09,128.02771,6.0374802,-0.24593529,-2.439562683,-0.022103781,0.980810997,1,0.3,0,0,applied,clear_constant_wind,1.225,0
2026-01-24T14:00:42.411383,-101.1795044,-115.9955826,-4.704386711,-0.001237603,-0.003863332,-2.126977134,-0.219353929,-2.416470766,-0.019222638,0.000414874,0.000161996,-7.17E-09,-0.030609472,-0.008398838,-9.806699753,0.000414874,0.000161996,-7.17E-09,127.8428421,6.0374802,-0.24765538,-2.439177013,-0.022115198,0.980726814,1,0.3,0,0,applied,clear_constant_wind,1.225,0
2026-01-24T14:00:42.521499,-101.1946945,-116.1622849,-4.705713749,-0.001257074,-0.003869307,-2.126977113,-0.220827132,-2.41614604,-0.019234378,0.000527414,0.000140669,-2.92E-09,-0.030624459,-0.008378314,-9.806707382,0.000501301,0.000159628,-2.94E-09,127.9775238,6.133756928,-0.249247005,-2.438819012,-0.022125816,0.980648911,1,0.3,0,0,applied,clear_constant_wind,1.225,0
2026-01-24T14:00:42.628711,-101.213295,-116.3652267,-4.707329273,-0.00126477,-0.003871123,-2.126977104,-0.222631976,-2.415748119,-0.019246632,0.000362835,0.000189895,1.23E-08,-0.030640062,-0.008348772,-9.806674004,0.000362835,0.000189895,1.23E-08,127.8375549,6.133756928,-0.251198109,-2.438378665,-0.022138889,0.980553406,1,0.3,0,0,applied,clear_constant_wind,1.225,0
2026-01-24T14:00:42.740512,-101.2361221,-116.6116562,-4.709290981,-0.001276531,-0.003872766,-2.126977089,-0.224834695,-2.415260077,-0.019260705,0.000448669,0.00016685,1.19E-08,-0.030662112,-0.008316299,-9.806633949,0.000448669,0.00016685,1.19E-08,128.1201324,6.133756928,-0.253581677,-2.437838486,-0.022154996,0.980436718,1,0.3,0,0,applied,clear_constant_wind,1.225,0
2026-01-24T14:00:42.861704,-101.2551041,-116.8145981,-4.710906506,-0.001291447,-0.003878201,-2.126977074,-0.226652533,-2.414855719,-0.019276289,0.000196706,0.000146857,1.40E-08,-0.0306798,-0.008284623,-9.806689262,0.000196706,0.000146857,1.40E-08,128.2469025,0,-0.255557804,-2.437388784,-0.022168455,0.980339967,1,0.3,0,0,applied,clear_constant_wind,1.225,0
2026-01-24T14:00:42.972181,-101.2707825,-116.9812317,-4.712233543,-0.001316251,-0.003885818,-2.126977047,-0.228154808,-2.41451931,-0.019289512,0.000466003,0.000124262,1.78E-08,-0.030695299,-0.008269018,-9.806734085,0.000466003,0.000124262,1.78E-08,127.9247055,6.303100302,-0.257191739,-2.437015682,-0.022179592,0.980259962,1,0.3,0,0,applied,clear_constant_wind,1.225,0
2026-01-24T14:00:43.082104,-101.2879486,-117.1622391,-4.713675976,-0.001332725,-0.003891112,-2.126976792,-0.229802549,-2.414151907,-0.019302506,0.000484925,0.000171915,1.65E-08,-0.030709378,-0.008246432,-9.80670166,0.000484925,0.000171915,1.65E-08,128.2231293,6.303100302,-0.258975413,-2.43660707,-0.022191757,0.980172618,1,0.3,0,0,applied,clear_constant_wind,1.225,0
2026-01-24T14:00:43.188752,-101.3059616,-117.3504868,-4.715181351,-0.00134829,-0.003895418,-2.126976894,-0.231527388,-2.413764,-0.019315554,0.000395878,0.000179454,1.28E-08,-0.030725505,-0.008218379,-9.806694984,0.000395878,0.000179454,1.28E-08,128.2865143,0,-0.260839524,-2.436178566,-0.022204157,0.980081326,1,0.3,0,0,applied,clear_constant_wind,1.225,0
2026-01-24T14:00:43.301057,-101.3296967,-117.5966568,-4.717159271,-0.001359457,-0.003896632,-2.126976879,-0.233798057,-2.413251877,-0.019329788,0.000485604,0.000177586,-1.19E-10,-0.030747354,-0.008185036,-9.80662632,0.000485604,0.000177586,-1.19E-10,128.0409088,0,-0.263296454,-2.435611501,-0.022219866,0.979960989,1,0.3,0,0,applied,clear_constant_wind,1.225,0
2026-01-24T14:00:43.409446,-101.3465576,-117.7704239,-4.71855545,-0.001378939,-0.003903832,-2.12697686,-0.235402644,-2.412888527,-0.019343823,0.000601835,0.000161624,-7.81E-09,-0.03076301,-0.008167407,-9.806726456,0.000601835,0.000161624,-7.81E-09,127.8005829,0,-0.265045321,-2.435206267,-0.022231105,0.979875323,1,0.3,0,0,applied,clear_constant_wind,1.225,0
2026-01-24T14:00:43.517135,-101.3628769,-117.9369507,-4.719893456,-0.001400782,-0.00391045,-2.126976836,-0.236952811,-2.412535429,-0.019356316,0.000560304,0.00014172,-5.70E-09,-0.030778423,-0.008140916,-9.806712151,0.000514903,0.000161146,-5.33E-09,127.8190689,6.581578836,-0.266726968,-2.43481536,-0.022242006,0.979792943,1,0.3,0,0,applied,clear_constant_wind,1.225,0
2026-01-24T14:00:43.625786,-101.3799973,-118.1107178,-4.721289635,-0.001416772,-0.003914901,-2.126976819,-0.2385813,-2.41216588,-0.019368177,0.000590461,0.000158933,-1.83E-08,-0.030793428,-0.008119624,-9.806713104,0.000590461,0.000158933,-1.83E-08,128.21521,6.658198022,-0.268493504,-2.434403401,-0.022253507,0.979706397,1,0.3,0,0,applied,clear_constant_wind,1.225,0
2026-01-24T14:00:43.734857,-101.4022751,-118.3349609,-4.723093033,-0.001425987,-0.003915956,-2.126976807,-0.24069877,-2.411682129,-0.019381592,0.000219812,0.000168407,-3.38E-09,-0.030812781,-0.008077052,-9.806649208,0.000219812,0.000168407,-3.38E-09,128.1016541,6.658198022,-0.270787761,-2.433866358,-0.022268418,0.979593985,1,0.3,0,0,applied,clear_constant_wind,1.225,0
2026-01-24T14:00:43.844872,-101.4240189,-118.5519409,-4.724838257,-0.001441924,-0.003920232,-2.126976671,-0.24275586,-2.411211252,-0.019396843,0.00019028,0.000144878,4.00E-09,-0.030832894,-0.008046468,-9.806666374,0.00019028,0.000144878,4.00E-09,128.0356293,6.658198022,-0.273024438,-2.433340597,-0.022283045,0.979484382,1,0.3,0,0,applied,clear_constant_wind,1.225,0
2026-01-24T14:00:43.954461,-101.4415817,-118.7255249,-4.726234436,-0.001464015,-0.003927165,-2.126976648,-0.244407967,-2.410830736,-0.019410715,0.000567933,0.000151344,3.74E-09,-0.030848585,-0.008033657,-9.806731224,0.000567933,0.000151344,3.74E-09,128.0303497,6.841026172,-0.274823161,-2.432916207,-0.022294908,0.979396231,1,0.3,0,0,applied,clear_constant_wind,1.225,0
2026-01-24T14:00:44.062840,-101.4599762,-118.9063416,-4.727688789,-0.001482205,-0.003932765,-2.126976629,-0.246143371,-2.410428762,-0.019424221,0.000497948,0.000176296,1.83E-09,-0.030863946,-0.008007175,-9.806706429,0.000497948,0.000176296,1.83E-09,128.2020111,6.841026172,-0.276710432,-2.432469415,-0.022307413,0.979303732,1,0.3,0,0,applied,clear_constant_wind,1.225,0
2026-01-24T14:00:44.172383,-101.4777374,-119.0799255,-4.729084969,-0.001502628,-0.003938511,-2.126976607,-0.247820526,-2.410040855,-0.019437334,0.000536805,0.000170836,9.44E-09,-0.030880017,-0.007983405,-9.806717873,0.000536805,0.000170836,9.44E-09,128.1544647,0,-0.27853497,-2.432036004,-0.022319561,0.979214299,1,0.3,0,0,applied,clear_constant_wind,1.225,0
2026-01-24T14:00:44.283952,-101.5023956,-119.318573,-4.731004715,-0.001512033,-0.003938811,-2.126976476,-0.250142843,-2.40950036,-0.019451762,0.000353642,0.000175184,9.43E-09,-0.030901495,-0.007942276,-9.806641579,0.000353642,0.000175184,9.43E-09,128.4132843,0,-0.281058251,-2.431434225,-0.022336491,0.979090603,1,0.3,0,0,applied,clear_constant_wind,1.225,0
2026-01-24T14:00:44.392030,-101.5227509,-119.513649,-4.732575417,-0.001530235,-0.003945063,-2.126976457,-0.252047896,-2.409054041,-0.019467957,0.000319694,0.000161596,2.46E-09,-0.030919453,-0.007916138,-9.806703568,0.000319694,0.000161596,2.46E-09,127.5761032,7.14884914,-0.283134442,-2.430936996,-0.022350425,0.978988812,1,0.3,0,0,applied,clear_constant_wind,1.225,0
2026-01-24T14:00:44.502424,-101.5424805,-119.7014999,-4.734097481,-0.001552077,-0.003951239,-2.126976434,-0.253895193,-2.408622026,-0.019482901,0.000398213,0.000171865,6.09E-09,-0.03093655,-0.007891193,-9.80670929,0.000398213,0.000171865,6.09E-09,128.1095734,7.14884914,-0.285148804,-2.43045279,-0.02236322,0.978890042,1,0.3,0,0,applied,clear_constant_wind,1.225,0
2026-01-24T14:00:44.615399,-101.5615616,-119.8821259,-4.735563755,-0.001573355,-0.003957314,-2.126976412,-0.255684018,-2.408201456,-0.019496841,0.000489182,0.000175562,8.12E-09,-0.030953212,-0.007867907,-9.806714058,0.000489182,0.000175562,8.12E-09,127.7636108,7.297065032,-0.287100564,-2.429981948,-0.022375448,0.978794333,1,0.3,0,0,applied,clear_constant_wind,1.225,0
2026-01-24T14:00:44.724734,-101.5800552,-120.0555267,-4.736971378,-0.001594887,-0.003963396,-2.12697627,-0.257413357,-2.40779233,-0.019510096,0.000560776,0.00017077,3.90E-09,-0.030969512,-0.007844706,-9.80671978,0.000560776,0.00017077,3.90E-09,127.9141464,7.364994003,-0.288982272,-2.429526433,-0.022387346,0.97870205,1,0.3,0,0,applied,clear_constant_wind,1.225,0
2026-01-24T14:00:44.834501,-101.6064377,-120.301178,-4.738965511,-0.001606797,-0.003964225,-2.126976255,-0.25988391,-2.407207251,-0.019524584,0.000519445,0.000187404,-7.24E-09,-0.030991951,-0.007805288,-9.806629181,0.000519445,0.000187404,-7.24E-09,128.3763123,7.364994003,-0.291670808,-2.428872927,-0.022404452,0.978570183,1,0.3,0,0,applied,clear_constant_wind,1.225,0
2026-01-24T14:00:44.942962,-101.6267853,-120.4889145,-4.740490437,-0.00162531,-0.003970845,-2.126976237,-0.261776268,-2.406757355,-0.019540694,0.000447578,0.000175534,-1.15E-09,-0.031009568,-0.007779363,-9.806715965,0.000447578,0.000175534,-1.15E-09,128.0673218,7.364994003,-0.293740588,-2.428367674,-0.022417656,0.978468652,1,0.3,0,0,applied,clear_constant_wind,1.225,0
2026-01-24T14:00:45.053895,-101.6464691,-120.6693497,-4.741956711,-0.001649652,-0.003977528,-2.126976211,-0.263609737,-2.406318903,-0.019554963,0.000449979,0.000173994,-1.14E-09,-0.031026667,-0.00775217,-9.806716919,0.000449979,0.000173994,-1.14E-09,127.856041,7.535952796,-0.295744391,-2.427876746,-0.022430459,0.978370348,1,0.3,0,0,applied,clear_constant_wind,1.225,0
2026-01-24T14:00:45.163116,-101.6663055,-120.8497849,-4.743422985,-0.00167121,-0.003983496,-2.126976189,-0.265457362,-2.405874968,-0.019569017,0.000503316,0.000182062,8.32E-10,-0.031043462,-0.007727149,-9.806713104,0.000503316,0.000182062,8.32E-10,128.1333466,7.535952796,-0.297760426,-2.427381051,-0.022443436,0.978271434,1,0.3,0,0,applied,clear_constant_wind,1.225,0
2026-01-24T14:00:45.271416,-101.6871033,-121.0374374,-4.74494791,-0.001690073,-0.003988419,-2.126976169,-0.267392635,-2.405409813,-0.019583272,0.000444059,0.000191407,-5.45E-09,-0.031060895,-0.007697723,-9.806702614,0.000444059,0.000191407,-5.45E-09,127.9247055,7.682803765,-0.299869837,-2.426860494,-0.022457122,0.978167928,1,0.3,0,0,applied,clear_constant_wind,1.225,0
2026-01-24T14:00:45.382603,-101.7145081,-121.2828293,-4.746942043,-0.001704903,-0.003990003,-2.126976032,-0.269941956,-2.40479517,-0.019598786,0.000533266,0.000187671,-1.16E-08,-0.03108464,-0.007660803,-9.806632042,0.000533266,0.000187671,-1.16E-08,128.1808777,7.682803765,-0.302652545,-2.426170804,-0.022475308,0.978031367,1,0.3,0,0,applied,clear_constant_wind,1.225,0
2026-01-24T14:00:45.489120,-101.7331924,-121.4487839,-4.748291016,-0.00173085,-0.00399859,-2.126976007,-0.271669358,-2.40437603,-0.019615076,0.00072296,0.000154335,-1.02E-08,-0.031101555,-0.007643807,-9.806763649,0.00072296,0.000154335,-1.02E-08,128.1782379,7.771377871,-0.304548882,-2.425698858,-0.022487766,0.977938294,1,0.3,0,0,applied,clear_constant_wind,1.225,0
2026-01-24T14:00:45.599472,-101.7527924,-121.6218185,-4.749699593,-0.001753624,-0.00400525,-2.126975983,-0.273489118,-2.403932571,-0.019630101,0.000607521,0.000171693,-7.22E-09,-0.031117801,-0.007611638,-9.806718826,0.000521167,0.000183952,-6.47E-09,128.225769,7.771377871,-0.306539748,-2.425201693,-0.022500737,0.977840572,1,0.3,0,0,applied,clear_constant_wind,1.225,0
2026-01-24T14:00:45.708575,-101.7725677,-121.7948532,-4.75111866,-0.001774499,-0.004010459,-2.126975961,-0.275320679,-2.403485298,-0.019643648,0.000628559,0.000167817,-3.58E-09,-0.031134482,-0.007586885,-9.806722641,0.000594591,0.000188405,-3.21E-09,127.7847366,7.899339376,-0.308540138,-2.424700408,-0.022512941,0.977742372,1,0.3,0,0,applied,clear_constant_wind,1.225,0
2026-01-24T14:00:45.818532,-101.7982864,-122.0183563,-4.752951622,-0.001784012,-0.004011179,-2.12697595,-0.277701855,-2.40290308,-0.01965829,0.000266869,0.000189406,-1.63E-08,-0.03115518,-0.007543634,-9.806660652,0.000266869,0.000189406,-1.63E-08,127.9590378,7.899339376,-0.311145592,-2.424044866,-0.022528944,0.977614455,1,0.3,0,0,applied,clear_constant_wind,1.225,0
2026-01-24T14:00:45.926502,-101.8233871,-122.2346497,-4.754725456,-0.001806658,-0.004016707,-2.126975926,-0.280017942,-2.402333498,-0.019675165,0.000174344,0.000148769,-1.78E-08,-0.031177441,-0.007507736,-9.806668282,0.000174344,0.000148769,-1.78E-08,128.629837,7.899339376,-0.31368871,-2.423402134,-0.022544698,0.977489582,1,0.3,0,0,applied,clear_constant_wind,1.225,0
2026-01-24T14:00:46.036727,-101.8436127,-122.4076614,-4.756144524,-0.001834396,-0.004024816,-2.12697578,-0.281880409,-2.401873112,-0.019690223,0.000624402,0.000156881,-9.80E-09,-0.031194525,-0.007493112,-9.806733131,0.000586383,0.000171314,-9.05E-09,128.2178497,7.987444171,-0.315738855,-2.422881925,-0.022557475,0.977388904,1,0.3,0,0,applied,clear_constant_wind,1.225,0
2026-01-24T14:00:46.146564,-101.8648148,-122.5877151,-4.757622719,-0.001856016,-0.004030782,-2.126975758,-0.283836722,-2.401387453,-0.019704876,0.000615968,0.000178553,-6.01E-09,-0.031211387,-0.007467314,-9.806728363,0.000615968,0.000178553,-6.01E-09,128.3102875,0,-0.317886564,-2.422334979,-0.022570834,0.977283424,1,0.3,0,0,applied,clear_constant_wind,1.225,0
2026-01-24T14:00:46.255518,-101.8861771,-122.7677689,-4.759100914,-0.001879842,-0.004037088,-2.126975733,-0.285808682,-2.400896788,-0.019719888,0.000534623,0.000189139,-2.75E-09,-0.031228777,-0.007437325,-9.806723595,0.000534623,0.000189139,-2.75E-09,127.6738205,0,-0.320048629,-2.421782328,-0.022584389,0.977177226,1,0.3,0,0,applied,clear_constant_wind,1.225,0
2026-01-24T14:00:46.365753,-101.9137344,-122.9982376,-4.760993004,-0.001896903,-0.004039183,-2.126975595,-0.288352966,-2.400262594,-0.019735558,0.000299188,0.000173121,5.59E-09,-0.031252079,-0.007392036,-9.806651115,0.000299188,0.000173121,5.59E-09,128.4080048,0,-0.322839284,-2.421065958,-0.022602026,0.977040137,1,0.3,0,0,applied,clear_constant_wind,1.225,0
2026-01-24T14:00:46.476758,-101.9389267,-123.2070999,-4.76270771,-0.001919812,-0.004045545,-2.126975573,-0.290670156,-2.399682045,-0.019753708,0.000183995,0.000153745,-4.42E-09,-0.031273361,-0.007357506,-9.806690216,0.000183995,0.000153745,-4.42E-09,128.2759552,8.108690061,-0.325390359,-2.420408088,-0.022618298,0.9769148,1,0.3,0,0,applied,clear_constant_wind,1.225,0
2026-01-24T14:00:46.587600,-101.959938,-123.3798752,-4.764126778,-0.001950376,-0.004053967,-2.126975542,-0.292599797,-2.399196386,-0.019769909,0.000593261,0.000160851,-5.01E-09,-0.031290811,-0.007341908,-9.806749344,0.000593261,0.000160851,-5.01E-09,128.2469025,8.108690061,-0.327515542,-2.419857856,-0.022631913,0.976810375,1,0.3,0,0,applied,clear_constant_wind,1.225,0
2026-01-24T14:00:46.695990,-101.9810715,-123.5525436,-4.765545845,-0.001976958,-0.004061209,-2.126975397,-0.294547588,-2.398704529,-0.019785492,0.000640545,0.000177213,-2.18E-10,-0.031307735,-0.007316422,-9.806738853,0.000640545,0.000177213,-2.18E-10,128.1940765,8.207775908,-0.329655005,-2.419301914,-0.022645628,0.976705237,1,0.3,0,0,applied,clear_constant_wind,1.225,0
2026-01-24T14:00:46.803670,-102.0032272,-123.7324066,-4.7670331,-0.002000336,-0.004067083,-2.126975373,-0.296593517,-2.398186207,-0.019800983,0.000560816,0.000200937,8.13E-09,-0.031325173,-0.00728562,-9.806723595,0.000560816,0.000200937,8.13E-09,128.2838745,8.228702507,-0.331900696,-2.418716203,-0.022659242,0.976594866,1,0.3,0,0,applied,clear_constant_wind,1.225,0
2026-01-24T14:00:46.913322,-102.0318298,-123.9626312,-4.768940449,-0.002020511,-0.004069617,-2.126975351,-0.299234509,-2.397514582,-0.019817237,0.000350197,0.000176952,-2.52E-09,-0.031349927,-0.007241219,-9.806632996,0.000460415,0.000186109,-2.54E-09,128.0937347,8.228702507,-0.334798248,-2.417957186,-0.022676614,0.97645244,1,0.3,0,0,applied,clear_constant_wind,1.225,0
2026-01-24T14:00:47.023026,-102.0543365,-124.1424942,-4.770430565,-0.002040622,-0.004075493,-2.126975332,-0.301299244,-2.396987438,-0.019832728,0.000846608,0.000183701,-4.69E-09,-0.031367775,-0.007226979,-9.806756973,0.000846608,0.000183701,-4.69E-09,128.3604584,8.228702507,-0.337083097,-2.41735605,-0.022690419,0.976340116,1,0.3,0,0,applied,clear_constant_wind,1.225,0
2026-01-24T14:00:47.132414,-102.0770264,-124.3222122,-4.771920681,-0.002067108,-0.004082638,-2.126975306,-0.303382486,-2.396452665,-0.019849276,0.000564807,0.000191118,-8.49E-09,-0.031385813,-0.007190717,-9.806734085,0.000564807,0.000191118,-8.49E-09,128.1439056,8.275289735,-0.339379454,-2.416749558,-0.022704317,0.976227214,1,0.3,0,0,applied,clear_constant_wind,1.225,0
2026-01-24T14:00:47.243138,-102.0998688,-124.5018845,-4.773410797,-0.002095361,-0.004089476,-2.126975159,-0.305483997,-2.395911694,-0.019864902,0.000524021,0.000194209,2.91E-09,-0.031404272,-0.007159623,-9.806722641,0.000524021,0.000194209,2.91E-09,128.0171356,8.275289735,-0.341692863,-2.416136202,-0.02271839,0.976113459,1,0.3,0,0,applied,clear_constant_wind,1.225,0
2026-01-24T14:00:47.352476,-102.1265564,-124.7103043,-4.775139332,-0.002116881,-0.004093426,-2.126975137,-0.307942003,-2.395276546,-0.019881018,0.00026546,0.000189617,2.50E-09,-0.03142589,-0.007116938,-9.806680679,0.00026546,0.000189617,2.50E-09,128.2020111,8.275289735,-0.344399772,-2.415415503,-0.022734988,0.975980339,1,0.3,0,0,applied,clear_constant_wind,1.225,0
2026-01-24T14:00:47.461982,-102.1543884,-124.9259109,-4.776927471,-0.002142933,-0.004098948,-2.126975111,-0.310502857,-2.394612074,-0.0198991,0.000214384,0.000162424,-4.37E-10,-0.031449284,-0.007078945,-9.806675911,0.000214384,0.000162424,-4.37E-10,128.0303497,8.297251776,-0.347226226,-2.414659507,-0.022752479,0.97584132,1,0.3,0,0,applied,clear_constant_wind,1.225,0
2026-01-24T14:00:47.571714,-102.1768188,-125.09832,-4.778357983,-0.002173537,-0.004107224,-2.126975082,-0.312561631,-2.394075155,-0.019916074,0.000705787,0.00017107,-7.91E-09,-0.031467602,-0.00706343,-9.806753159,0.000662314,0.000186581,-8.34E-09,127.7504044,8.340996025,-0.349505019,-2.414047413,-0.022766642,0.975729224,1,0.3,0,0,applied,clear_constant_wind,1.225,0
2026-01-24T14:00:47.682806,-102.2003403,-125.2778015,-4.779848099,-0.002198171,-0.004113369,-2.126975058,-0.314724147,-2.393509388,-0.019932607,0.000681084,0.000192708,-7.51E-09,-0.031485956,-0.007031929,-9.806732178,0.000599652,0.000205234,-8.33E-09,127.5998688,8.340996025,-0.351894718,-2.413403049,-0.022781526,0.975611658,1,0.3,0,0,applied,clear_constant_wind,1.225,0
2026-01-24T14:00:47.791927,-102.2240143,-125.457283,-4.781340122,-0.00222377,-0.004119284,-2.126974795,-0.316902161,-2.392937422,-0.019949,0.00066995,0.000196767,-1.65E-08,-0.031504579,-0.007004471,-9.80674839,0.00066995,0.000196767,-1.65E-08,128.3102875,8.394375627,-0.354304704,-2.412750645,-0.022796449,0.97549308,1,0.3,0,0,applied,clear_constant_wind,1.225,0
2026-01-24T14:00:47.901302,-102.2545776,-125.6870193,-4.78326273,-0.00224503,-0.004121915,-2.126974773,-0.319714576,-2.392196655,-0.019967031,0.000271366,0.000179754,-1.05E-08,-0.031529348,-0.006951774,-9.80665493,0.000271366,0.000179754,-1.05E-08,128.0805206,8.394375627,-0.35741611,-2.411904549,-0.022814562,0.975339968,1,0.3,0,0,applied,clear_constant_wind,1.225,0
2026-01-24T14:00:48.012323,-102.2815399,-125.88797,-4.784945011,-0.002274482,-0.004129637,-2.126974746,-0.322190255,-2.391540766,-0.019986058,0.000247714,0.000168167,-1.54E-08,-0.031551033,-0.006919186,-9.806707382,0.000247714,0.000168167,-1.54E-08,128.3498993,8.421296032,-0.360163941,-2.411153735,-0.02283066,0.975204728,1,0.3,0,0,applied,clear_constant_wind,1.225,0
2026-01-24T14:00:48.122004,-102.3048019,-126.0600891,-4.786386967,-0.00231086,-0.004138844,-2.126974712,-0.324328631,-2.390971422,-0.020002937,0.000618616,0.000167723,-5.73E-09,-0.031569943,-0.006899798,-9.806761742,0.000618616,0.000167723,-5.73E-09,128.4608154,8.421296032,-0.362537667,-2.41050243,-0.022844577,0.975087885,1,0.3,0,0,applied,clear_constant_wind,1.225,0
2026-01-24T14:00:48.230543,-102.3282394,-126.2322083,-4.787828922,-0.002342462,-0.004146735,-2.126974682,-0.326488167,-2.390394211,-0.020019237,0.000686991,0.000186971,-5.92E-09,-0.031587996,-0.006872569,-9.806745529,0.000686991,0.000186971,-5.92E-09,127.7900162,8.489055567,-0.364928386,-2.40984392,-0.022858724,0.974970192,1,0.3,0,0,applied,clear_constant_wind,1.225,0
2026-01-24T14:00:48.339272,-102.3538055,-126.4186707,-4.789391041,-0.002368787,-0.004152597,-2.126974538,-0.328848928,-2.389761686,-0.020035677,0.000503422,0.000215854,-3.00E-09,-0.031607218,-0.006835251,-9.806718826,0.000503422,0.000215854,-3.00E-09,128.2680359,8.489055567,-0.367540232,-2.409121584,-0.022874309,0.974841596,1,0.3,0,0,applied,clear_constant_wind,1.225,0
2026-01-24T14:00:48.450802,-102.3874969,-126.6624146,-4.791433811,-0.002392218,-0.004154897,-2.126974515,-0.331963032,-2.388923168,-0.020053763,0.000630608,0.000207236,-7.77E-09,-0.031634472,-0.006792462,-9.806632996,0.000630608,0.000207236,-7.77E-09,127.6923065,8.489055567,-0.370990094,-2.408162809,-0.022895015,0.974671714,1,0.3,0,0,applied,clear_constant_wind,1.225,0
2026-01-24T14:00:48.560246,-102.4104843,-126.8271866,-4.792815685,-0.002428253,-0.004165134,-2.126974363,-0.334075898,-2.388352156,-0.02007295,0.000865131,0.000168084,-1.16E-08,-0.031653807,-0.006773158,-9.806796074,0.000865131,0.000168084,-1.16E-08,128.001297,8.54497273,-0.373341853,-2.407506162,-0.02290919,0.97455589,1,0.3,0,0,applied,clear_constant_wind,1.225,0
2026-01-24T14:00:48.670546,-102.4346237,-126.9991226,-4.794257641,-0.002460491,-0.004173087,-2.126974334,-0.336304456,-2.387746811,-0.020090641,0.000714041,0.000191402,-2.55E-09,-0.031672299,-0.006734948,-9.806742668,0.000605439,0.000205045,-3.37E-09,127.9907303,8.573102538,-0.375816254,-2.406812596,-0.022924222,0.97443401,1,0.3,0,0,applied,clear_constant_wind,1.225,0
2026-01-24T14:00:48.778861,-102.459938,-127.1782227,-4.795761108,-0.002488283,-0.004178921,-2.126974308,-0.338644236,-2.38710928,-0.020107374,0.000700858,0.000208359,-1.47E-08,-0.031691462,-0.006706215,-9.806752205,0.000700858,0.000208359,-1.47E-08,128.2759552,8.573102538,-0.378416062,-2.406080922,-0.022939987,0.974305937,1,0.3,0,0,applied,clear_constant_wind,1.225,0
2026-01-24T14:00:48.887044,-102.4905396,-127.3930435,-4.797577858,-0.002512316,-0.004182394,-2.126974166,-0.341475934,-2.386335611,-0.020126082,0.000225792,0.000195666,-8.18E-09,-0.031715561,-0.00665281,-9.806679726,0.000225792,0.000195666,-8.18E-09,127.8401947,8.573102538,-0.381564076,-2.405190918,-0.022957745,0.974150835,1,0.3,0,0,applied,clear_constant_wind,1.225,0
2026-01-24T14:00:48.997562,-102.5203629,-127.6005783,-4.799334049,-0.002545101,-0.004189394,-2.126974137,-0.344233185,-2.385577917,-0.020145694,0.000214757,0.000172221,-1.04E-08,-0.0317396,-0.006615355,-9.806694031,0.000214757,0.000172221,-1.04E-08,127.8877335,8.625434445,-0.384635558,-2.40431826,-0.022975147,0.97399948,1,0.3,0,0,applied,clear_constant_wind,1.225,0
2026-01-24T14:00:49.105948,-102.5462723,-127.7794876,-4.800848007,-0.002581081,-0.004198014,-2.126973986,-0.34662655,-2.384916782,-0.020163918,0.000670974,0.000194599,-1.58E-08,-0.031759351,-0.006596851,-9.806760788,0.000670974,0.000194599,-1.58E-08,128.0197754,8.625434445,-0.387308463,-2.403555391,-0.022990445,0.973867746,1,0.3,0,0,applied,clear_constant_wind,1.225,0
2026-01-24T14:00:49.216095,-102.5713196,-127.9512405,-4.802301407,-0.002617599,-0.004206548,-2.126973953,-0.348945916,-2.38427496,-0.020181477,0.000710656,0.000192375,-2.06E-08,-0.031779073,-0.006566665,-9.806762695,0.000710656,0.000192375,-2.06E-08,128.2944336,8.664539887,-0.389896837,-2.402813581,-0.023005395,0.973740162,1,0.3,0,0,applied,clear_constant_wind,1.225,0
2026-01-24T14:00:49.324565,-102.5965271,-128.1229858,-4.803754807,-0.002652254,-0.00421423,-2.126973804,-0.351287156,-2.383622885,-0.020198777,0.000731395,0.000202627,-2.41E-08,-0.031798407,-0.006535654,-9.806759834,0.000731395,0.000202627,-2.41E-08,127.9801712,8.676868877,-0.39250858,-2.402062014,-0.023020599,0.973611409,1,0.3,0,0,applied,clear_constant_wind,1.225,0
2026-01-24T14:00:49.433474,-102.632515,-128.3662109,-4.805813789,-0.002677231,-0.004216031,-2.12697378,-0.354638577,-2.382686853,-0.020217657,0.000661084,0.000220401,-1.16E-08,-0.031825893,-0.006484713,-9.806632042,0.000661084,0.000220401,-1.16E-08,127.9141464,8.676868877,-0.396247202,-2.400980815,-0.023042514,0.973427074,1,0.3,0,0,applied,clear_constant_wind,1.225,0
2026-01-24T14:00:49.542541,-102.6592102,-128.5447388,-4.807327747,-0.00271212,-0.004225503,-2.126973751,-0.357111901,-2.38199234,-0.020238996,0.000716337,0.000203894,-7.27E-09,-0.031846765,-0.00645783,-9.806777954,0.000716337,0.000203894,-7.27E-09,128.2046509,8.676868877,-0.399014857,-2.400176354,-0.023058657,0.973290591,1,0.3,0,0,applied,clear_constant_wind,1.225,0
2026-01-24T14:00:49.650509,-102.6839371,-128.7089844,-4.808720589,-0.002755382,-0.004235168,-2.126973476,-0.35940969,-2.381345034,-0.02025773,0.000723081,0.000167811,1.18E-09,-0.031867333,-0.006425409,-9.806796074,0.000723081,0.000167811,1.18E-09,127.7688904,8.697155503,-0.401583869,-2.399426531,-0.023073779,0.973163886,1,0.3,0,0,applied,clear_constant_wind,1.225,0
2026-01-24T14:00:49.759790,-102.7109909,-128.8875122,-4.810242176,-0.00278869,-0.004242201,-2.126973566,-0.361933857,-2.380630016,-0.020276442,0.000673216,0.000220413,-1.69E-09,-0.03188638,-0.006391259,-9.806751251,0.000673216,0.000220413,-1.69E-09,128.1307068,8.697155503,-0.404402219,-2.398600506,-0.023089588,0.973024865,1,0.3,0,0,applied,clear_constant_wind,1.225,0
2026-01-24T14:00:49.869386,-102.7425995,-129.0946045,-4.812012196,-0.002817725,-0.004246334,-2.126973422,-0.364887446,-2.37979126,-0.020295089,0.000285028,0.000213657,-5.84E-09,-0.03191071,-0.006339264,-9.806690216,0.000285028,0.000213657,-5.84E-09,128.0409088,8.697155503,-0.407706807,-2.397627392,-0.023107694,0.972861833,1,0.3,0,0,applied,clear_constant_wind,1.225,0
2026-01-24T14:00:49.977983,-102.7755966,-129.3088379,-4.81384325,-0.002853856,-0.004252684,-2.126973272,-0.367967486,-2.378911495,-0.020315645,0.000217618,0.000177224,-5.58E-09,-0.031937212,-0.006295234,-9.80668354,0.000217618,0.000177224,-5.58E-09,128.3895111,8.714855951,-0.411161534,-2.396604769,-0.023126868,0.972691366,1,0.3,0,0,applied,clear_constant_wind,1.225,0
2026-01-24T14:00:50.087844,-102.8010635,-129.4730835,-4.815247059,-0.002898067,-0.004262842,-2.126973236,-0.370342672,-2.37823081,-0.0203347,0.000812747,0.000155741,1.95E-09,-0.031957917,-0.006280753,-9.806816101,0.000812747,0.000155741,1.95E-09,128.2495422,8.72175272,-0.413840029,-2.395808187,-0.02314187,0.972559179,1,0.3,0,0,applied,clear_constant_wind,1.225,0
2026-01-24T14:00:50.197035,-102.8289413,-129.6514587,-4.816772938,-0.00293335,-0.00427072,-2.126973088,-0.372953922,-2.377479315,-0.02035407,0.000728715,0.000221035,8.87E-09,-0.031976957,-0.006246195,-9.806758881,0.000728715,0.000221035,8.87E-09,128.4185638,8.72175272,-0.416772909,-2.39493221,-0.023158321,0.972414418,1,0.3,0,0,applied,clear_constant_wind,1.225,0
2026-01-24T14:00:50.307060,-102.8558884,-129.8224792,-4.818237782,-0.002974267,-0.004279009,-2.126973055,-0.375483394,-2.376746893,-0.020372737,0.000745469,0.000210366,1.53E-09,-0.031997994,-0.006212393,-9.806777954,0.000745469,0.000210366,1.53E-09,128.4502563,8.727308404,-0.419608505,-2.394081569,-0.023174176,0.972274438,1,0.3,0,0,applied,clear_constant_wind,1.225,0
2026-01-24T14:00:50.419595,-102.8943863,-130.0647583,-4.820312977,-0.003004184,-0.004281141,-2.12697303,-0.379106998,-2.375694752,-0.020392807,0.000698378,0.00022888,3.51E-09,-0.03202685,-0.006159167,-9.806624413,0.000698378,0.00022888,3.51E-09,127.6711807,8.727308404,-0.423671605,-2.392856306,-0.023197174,0.972073827,1,0.3,0,0,applied,clear_constant_wind,1.225,0
2026-01-24T14:00:50.525847,-102.9240646,-130.2500305,-4.821899891,-0.003042249,-0.004290495,-2.126972762,-0.381890267,-2.374881744,-0.020416189,0.000577858,0.000211934,4.22E-09,-0.032049492,-0.006124361,-9.806777954,0.000577858,0.000211934,4.22E-09,128.0039368,8.732386598,-0.426818227,-2.391902239,-0.023215191,0.971918438,1,0.3,0,0,applied,clear_constant_wind,1.225,0
2026-01-24T14:00:50.636088,-102.9528046,-130.4281769,-4.823433399,-0.003089694,-0.004300046,-2.126972844,-0.384594411,-2.374088287,-0.020437589,0.000580292,0.000208164,6.44E-09,-0.03207159,-0.006087616,-9.806783676,0.000580292,0.000208164,6.44E-09,128.2072906,8.732386598,-0.429876235,-2.390970715,-0.023231878,0.971767401,1,0.3,0,0,applied,clear_constant_wind,1.225,0
2026-01-24T14:00:50.746047,-102.9805908,-130.5991974,-4.824909687,-0.003135704,-0.004309386,-2.12697257,-0.387217075,-2.373315573,-0.020457629,0.00074976,0.000204601,-3.16E-10,-0.032092914,-0.006057703,-9.806791306,0.00074976,0.000204601,-3.16E-10,128.5453339,8.735156365,-0.432841626,-2.390063325,-0.023247682,0.971620916,1,0.3,0,0,applied,clear_constant_wind,1.225,0
2026-01-24T14:00:50.853677,-103.0120697,-130.7914734,-4.826570511,-0.00317291,-0.00431583,-2.126972541,-0.390199393,-2.372432709,-0.020477735,0.000440635,0.000232811,-8.02E-09,-0.032115564,-0.006010309,-9.806729317,0.000440635,0.000232811,-8.02E-09,127.8534012,8.735156365,-0.43621012,-2.389027703,-0.023265701,0.971454491,1,0.3,0,0,applied,clear_constant_wind,1.225,0
2026-01-24T14:00:50.961980,-103.0509033,-131.026123,-4.828600407,-0.003213676,-0.004320556,-2.126972391,-0.393882006,-2.37133646,-0.020499295,0.000526131,0.000206046,-9.37E-09,-0.03214594,-0.005960473,-9.806647301,0.000526131,0.000206046,-9.37E-09,128.2072906,8.735156365,-0.440362916,-2.387743794,-0.023287879,0.971249278,1,0.3,0,0,applied,clear_constant_wind,1.225,0
2026-01-24T14:00:51.070827,-103.0781708,-131.1896667,-4.830015182,-0.003262009,-0.00433141,-2.126972355,-0.396459132,-2.370566368,-0.020520648,0.001030397,0.000156848,-1.36E-08,-0.032168247,-0.005943359,-9.806854248,0.001030397,0.000156848,-1.36E-08,128.1095734,8.740191355,-0.443294197,-2.386832771,-0.023303709,0.971104401,1,0.3,0,0,applied,clear_constant_wind,1.225,0
2026-01-24T14:00:51.180266,-103.1068115,-131.360321,-4.83149147,-0.003307663,-0.004341157,-2.126972203,-0.399182558,-2.369749784,-0.02054213,0.0008878,0.000205435,-1.91E-08,-0.032188065,-0.00590629,-9.806798935,0.0008878,0.000205435,-1.91E-08,128.0726013,8.745705161,-0.446384864,-2.385867931,-0.023320568,0.970951622,1,0.3,0,0,applied,clear_constant_wind,1.225,0
2026-01-24T14:00:51.289308,-103.1368561,-131.5380859,-4.83302927,-0.003352984,-0.004349511,-2.126972051,-0.402051032,-2.368885756,-0.020562928,0.000676796,0.000232388,-1.76E-08,-0.032210276,-0.005857568,-9.806757927,0.000533866,0.000237754,-1.88E-08,128.0118561,8.745705161,-0.449639168,-2.384847255,-0.023338512,0.970790729,1,0.3,0,0,applied,clear_constant_wind,1.225,0
2026-01-24T14:00:51.397090,-103.1743927,-131.7585144,-4.834939003,-0.003386535,-0.004352427,-2.126972027,-0.405641198,-2.367797852,-0.020584233,0.00032634,0.000225572,-1.66E-08,-0.032237791,-0.005804392,-9.806688309,0.00032634,0.000225572,-1.66E-08,128.0039368,8.745705161,-0.453727688,-2.383558021,-0.023360912,0.970588554,1,0.3,0,0,applied,clear_constant_wind,1.225,0
2026-01-24T14:00:51.504937,-103.2086182,-131.9572601,-4.83667469,-0.003439186,-0.004362395,-2.126971871,-0.408912778,-2.366801023,-0.020609958,0.000194073,0.000186431,-1.48E-08,-0.032264374,-0.005759718,-9.806746483,0.000194073,0.000186431,-1.48E-08,128.3023682,8.74434551,-0.457451424,-2.382377117,-0.023379713,0.970404381,1,0.3,0,0,applied,clear_constant_wind,1.225,0
2026-01-24T14:00:51.616161,-103.2394028,-132.1346436,-4.838224411,-0.003494741,-0.004373259,-2.126971714,-0.411863685,-2.365897894,-0.020632213,0.000695313,0.00020807,-2.15E-08,-0.032286987,-0.005736411,-9.806800842,0.000695313,0.00020807,-2.15E-08,127.9220657,8.74434551,-0.460814774,-2.381304993,-0.023396822,0.970238003,1,0.3,0,0,applied,clear_constant_wind,1.225,0
2026-01-24T14:00:51.724863,-103.270401,-132.312027,-4.839774132,-0.003546494,-0.004382938,-2.12697156,-0.414849102,-2.364981413,-0.020653706,0.000698858,0.000224544,-1.64E-08,-0.032309584,-0.005698847,-9.80678463,0.000698858,0.000224544,-1.64E-08,128.2495422,8.74181258,-0.464218384,-2.380214703,-0.02341433,0.970069603,1,0.3,0,0,applied,clear_constant_wind,1.225,0
2026-01-24T14:00:51.833971,-103.3003693,-132.4823151,-4.841261864,-0.00360015,-0.004392714,-2.126971524,-0.417746007,-2.364086151,-0.020674828,0.000807394,0.000218717,-1.43E-08,-0.032332242,-0.00566437,-9.806808472,0.000807394,0.000218717,-1.43E-08,128.064682,8.742814914,-0.467523713,-2.379150755,-0.023431526,0.969906039,1,0.3,0,0,applied,clear_constant_wind,1.225,0
2026-01-24T14:00:51.944949,-103.3431931,-132.7235565,-4.843369484,-0.003643408,-0.004395953,-2.126971258,-0.421903342,-2.362796068,-0.02069745,0.000739863,0.000239883,-1.08E-08,-0.0323635,-0.005604859,-9.806630135,0.000739863,0.000239883,-1.08E-08,127.9801712,8.742814914,-0.472269768,-2.377614181,-0.023456572,0.969671131,1,0.3,0,0,applied,clear_constant_wind,1.225,0
2026-01-24T14:00:52.053272,-103.3762283,-132.9077454,-4.844981194,-0.003694875,-0.00440689,-2.126971225,-0.425102532,-2.361797571,-0.020724308,0.000600984,0.000220391,-8.51E-09,-0.032388099,-0.00556657,-9.806808472,0.000600984,0.000220391,-8.51E-09,128.7064209,8.742814914,-0.475938786,-2.37641913,-0.023475891,0.969489493,1,0.3,0,0,applied,clear_constant_wind,1.225,0
2026-01-24T14:00:52.161648,-103.4069366,-133.0776672,-4.84647274,-0.003758861,-0.004418445,-2.126971067,-0.428090215,-2.360861301,-0.02074831,0.000713543,0.000203439,-8.01E-10,-0.032411698,-0.005530049,-9.806838036,0.000713543,0.000203439,-8.01E-10,127.7768173,8.741028023,-0.47936371,-2.375297932,-0.023493439,0.969319908,1,0.3,0,0,applied,clear_constant_wind,1.225,0
2026-01-24T14:00:52.270201,-103.4391556,-133.2546692,-4.848034382,-0.003814121,-0.004427889,-2.126970914,-0.431241304,-2.359868288,-0.020771598,0.000726354,0.000236664,-2.52E-09,-0.032434411,-0.005491359,-9.806800842,0.000726354,0.000236664,-2.52E-09,128.1412659,8.741028023,-0.482974412,-2.374110003,-0.023510936,0.969141092,1,0.3,0,0,applied,clear_constant_wind,1.225,0
2026-01-24T14:00:52.378742,-103.4742355,-133.4458313,-4.849720955,-0.003865792,-0.004435442,-2.126970765,-0.434683353,-2.35877943,-0.020794062,0.00044762,0.000245154,-3.94E-09,-0.032459844,-0.005439766,-9.806752205,0.00044762,0.000245154,-3.94E-09,128.3683929,8.740968507,-0.486922394,-2.372804136,-0.02353034,0.968945535,1,0.3,0,0,applied,clear_constant_wind,1.225,0
2026-01-24T14:00:52.488811,-103.5161514,-133.6723938,-4.851719856,-0.00392291,-0.004441723,-2.126970613,-0.4388116,-2.357465506,-0.020818552,0.000365257,0.000206007,-9.70E-09,-0.032492142,-0.005381208,-9.806663513,0.000365257,0.000206007,-9.70E-09,128.0884399,8.740968507,-0.491675059,-2.371222429,-0.023554025,0.968710067,1,0.3,0,0,applied,clear_constant_wind,1.225,0
2026-01-24T14:00:52.596673,-103.5465393,-133.8348999,-4.853156567,-0.003987113,-0.004453915,-2.126970486,-0.441797793,-2.356509686,-0.020843143,0.001082051,0.0001671,-8.06E-09,-0.032516055,-0.0053662,-9.806900978,0.001082051,0.0001671,-8.06E-09,128.4925079,0,-0.495121147,-2.370068937,-0.02357106,0.968539297,1,0.3,0,0,applied,clear_constant_wind,1.225,0
2026-01-24T14:00:52.708757,-103.5798035,-134.0115204,-4.854718208,-0.004043769,-0.004463897,-2.126970391,-0.445089579,-2.355451584,-0.02086819,0.000822931,0.000237175,-9.77E-09,-0.032538541,-0.005314028,-9.806788445,0.000623406,0.000243869,-7.87E-09,128.2680359,0,-0.498913147,-2.368793215,-0.02359002,0.96835135,1,0.3,0,0,applied,clear_constant_wind,1.225,0
2026-01-24T14:00:52.816653,-103.6119614,-134.181076,-4.856217384,-0.004105259,-0.004473283,-2.126970359,-0.448282391,-2.35441947,-0.020890888,0.000900818,0.000208354,-1.64E-08,-0.032562677,-0.005281389,-9.806857109,0.000900818,0.000208354,-1.64E-08,128.0726013,8.740823181,-0.502601855,-2.367545753,-0.023608691,0.968168488,1,0.3,0,0,applied,clear_constant_wind,1.225,0
2026-01-24T14:00:52.925111,-103.6552124,-134.4071503,-4.858227253,-0.004156581,-0.004477414,-2.126970095,-0.452595741,-2.353019714,-0.020916574,0.000238025,0.000223993,-1.42E-08,-0.032593388,-0.005206347,-9.806671143,0.000238025,0.000223993,-1.42E-08,128.278595,8.740823181,-0.50759194,-2.365848001,-0.023632518,0.967921058,1,0.3,0,0,applied,clear_constant_wind,1.225,0
2026-01-24T14:00:53.035120,-103.6933746,-134.6047668,-4.859989643,-0.00422349,-0.004488439,-2.126970145,-0.456407756,-2.351774931,-0.020945594,0.000195584,0.000202738,-2.11E-08,-0.032622986,-0.005155932,-9.806750298,8.07E-05,0.000192586,-2.15E-08,127.8217087,8.740823181,-0.512023014,-2.364330594,-0.023653109,0.967701292,1,0.3,0,0,applied,clear_constant_wind,1.225,0
2026-01-24T14:00:53.145708,-103.7263641,-134.7739563,-4.861500263,-0.004297192,-0.004500203,-2.126969991,-0.459708333,-2.350690365,-0.020970073,0.000885181,0.000180327,-9.76E-09,-0.032647014,-0.005138751,-9.806892395,0.000885181,0.000180327,-9.76E-09,128.4528961,8.743676641,-0.515861881,-2.36300848,-0.023670984,0.967510858,1,0.3,0,0,applied,clear_constant_wind,1.225,0
2026-01-24T14:00:53.254882,-103.7582016,-134.9360962,-4.862947941,-0.004370106,-0.004512462,-2.126969949,-0.462915063,-2.349632502,-0.020995414,0.001054336,0.000187421,-1.38E-08,-0.032669976,-0.005105583,-9.806882858,0.001054336,0.000187421,-1.38E-08,128.4555359,8.745387585,-0.519589404,-2.361718031,-0.023688568,0.967325911,1,0.3,0,0,applied,clear_constant_wind,1.225,0
2026-01-24T14:00:53.363670,-103.7958374,-135.1264343,-4.864647388,-0.00443048,-0.004520491,-2.126970033,-0.466733307,-2.348366499,-0.021021141,0.000421182,0.000261905,-1.89E-08,-0.032694541,-0.005042485,-9.80681324,0.000421182,0.000261905,-1.89E-08,128.2469025,8.745387585,-0.524030732,-2.360171858,-0.023709791,0.967105501,1,0.3,0,0,applied,clear_constant_wind,1.225,0
2026-01-24T14:00:53.473049,-103.8422852,-135.3589172,-4.866724491,-0.004501742,-0.004526713,-2.126969996,-0.471462727,-2.346787453,-0.021051073,0.000552737,0.000226684,-1.06E-08,-0.032730162,-0.004987423,-9.806647301,0.000780776,0.000246138,-1.10E-08,128.2310638,8.745387585,-0.529540382,-2.358240729,-0.023736407,0.966832004,1,0.3,0,0,applied,clear_constant_wind,1.225,0
2026-01-24T14:00:53.583174,-103.8777847,-135.5347748,-4.868305683,-0.004571727,-0.004538661,-2.126970106,-0.47507304,-2.345574856,-0.021081304,0.001105551,0.000235947,-1.84E-08,-0.032754906,-0.00496099,-9.8069067,0.001105551,0.000235947,-1.84E-08,128.02771,8.753721212,-0.533770398,-2.356748311,-0.023755454,0.966621975,1,0.3,0,0,applied,clear_constant_wind,1.225,0
2026-01-24T14:00:53.692654,-103.912117,-135.703598,-4.869827747,-0.004654234,-0.004551474,-2.126970121,-0.47858882,-2.344388247,-0.021109555,0.000852143,0.000219784,-2.46E-08,-0.032780267,-0.004910771,-9.806886673,0.000852143,0.000219784,-2.46E-08,127.7107925,8.752362256,-0.537890914,-2.355286317,-0.023773524,0.966417339,1,0.3,0,0,applied,clear_constant_wind,1.225,0
2026-01-24T14:00:53.803448,-103.9481506,-135.8794556,-4.871413231,-0.004731843,-0.004562311,-2.126970205,-0.482304394,-2.343128204,-0.021136066,0.000725743,0.000253043,-2.72E-08,-0.032805167,-0.004862682,-9.806838989,0.000725743,0.000253043,-2.72E-08,127.5998688,8.752362256,-0.542246491,-2.353732089,-0.023792913,0.966200982,1,0.3,0,0,applied,clear_constant_wind,1.225,0
2026-01-24T14:00:53.912674,-103.990303,-136.0832977,-4.873252392,-0.00480427,-0.004569583,-2.126970174,-0.486673951,-2.341637611,-0.021162838,0.000167581,0.000243958,-1.35E-08,-0.032835528,-0.004792303,-9.806739807,0.000167581,0.000243958,-1.35E-08,128.0594025,8.752362256,-0.547373046,-2.351891095,-0.023815903,0.965946265,1,0.3,0,0,applied,clear_constant_wind,1.225,0
2026-01-24T14:00:54.021684,-104.034317,-136.293869,-4.875154972,-0.004888845,-0.004579318,-2.126970287,-0.491254598,-2.340065002,-0.021193536,5.63E-05,0.000204878,-2.27E-08,-0.032869585,-0.004731874,-9.806706429,0.000120404,0.000204789,-2.35E-08,128.3182068,8.753709715,-0.552754553,-2.349944962,-0.023840064,0.965678809,1,0.3,0,0,applied,clear_constant_wind,1.225,0
2026-01-24T14:00:54.131089,-104.0698166,-136.462326,-4.876678467,-0.004972854,-0.00459119,-2.126970283,-0.494952857,-2.338788271,-0.021221457,0.001131258,0.000190228,-1.58E-08,-0.032894958,-0.00471978,-9.80695343,0.001131258,0.000190228,-1.58E-08,128.225769,8.753709715,-0.55713489,-2.34835059,-0.023859777,0.965461056,1,0.3,0,0,applied,clear_constant_wind,1.225,0
2026-01-24T14:00:54.238686,-104.1055984,-136.6307831,-4.878211975,-0.005058336,-0.004603663,-2.126970454,-0.498707861,-2.337485075,-0.021252068,0.0010646,0.000231582,-2.40E-08,-0.03291934,-0.00467026,-9.806881905,0.0008685,0.000252348,-2.40E-08,127.7107925,8.766773039,-0.56158045,-2.346723026,-0.02387815,0.96524001,1,0.3,0,0,applied,clear_constant_wind,1.225,0
2026-01-24T14:00:54.348876,-104.1416397,-136.7989807,-4.879745483,-0.005143363,-0.004614286,-2.126970601,-0.50251317,-2.336156368,-0.021278828,0.00101395,0.00022218,-2.47E-08,-0.032945253,-0.00462547,-9.806883812,0.000921291,0.000253977,-2.51E-08,127.7504044,8.77155786,-0.566081163,-2.345065536,-0.023896641,0.96501617,1,0.3,0,0,applied,clear_constant_wind,1.225,0
2026-01-24T14:00:54.458122,-104.1931839,-137.0371094,-4.881917953,-0.005212206,-0.004616426,-2.126970639,-0.507983148,-2.334236383,-0.021305988,0.00044806,0.000258519,-2.32E-08,-0.032980628,-0.004544143,-9.806649208,0.00044806,0.000258519,-2.32E-08,128.0250702,8.77155786,-0.572567589,-2.342659485,-0.023923605,0.964693481,1,0.3,0,0,applied,clear_constant_wind,1.225,0
2026-01-24T14:00:54.565154,-104.2329636,-137.2192078,-4.883579254,-0.005313154,-0.004631225,-2.126970841,-0.512213409,-2.332741022,-0.021342181,0.000494179,0.000230798,-2.53E-08,-0.03300941,-0.004503333,-9.806900978,0.000494179,0.000230798,-2.53E-08,128.2495422,8.77155786,-0.577631177,-2.340767001,-0.023945068,0.9644415,1,0.3,0,0,applied,clear_constant_wind,1.225,0
2026-01-24T14:00:54.672281,-104.2684479,-137.3801422,-4.885048866,-0.005426765,-0.004646634,-2.126970927,-0.516014397,-2.331389427,-0.021374093,0.000815236,0.000184129,-2.48E-08,-0.03303666,-0.004464913,-9.806988716,0.000815236,0.000184129,-2.48E-08,128.629837,8.781461214,-0.582172534,-2.339059069,-0.02396443,0.964215451,1,0.3,0,0,applied,clear_constant_wind,1.225,0
2026-01-24T14:00:54.782600,-104.3072968,-137.5548553,-4.886655807,-0.005523013,-0.004658326,-2.126970991,-0.520216644,-2.329886675,-0.02140596,0.000803304,0.000262911,-2.79E-08,-0.033061553,-0.004418498,-9.806891441,0.000803304,0.000262911,-2.79E-08,128.1676788,8.781461214,-0.587180351,-2.337164052,-0.023983749,0.963966123,1,0.3,0,0,applied,clear_constant_wind,1.225,0
2026-01-24T14:00:54.891261,-104.3511963,-137.7505341,-4.888458252,-0.005617438,-0.004666867,-2.126971208,-0.524995327,-2.328167915,-0.021436568,0.000185314,0.000268488,-2.36E-08,-0.033092245,-0.00434436,-9.806792259,0.000185314,0.000268488,-2.36E-08,128.2284088,8.791863912,-0.592892348,-2.334987577,-0.02400566,0.963681656,1,0.3,0,0,applied,clear_constant_wind,1.225,0
2026-01-24T14:00:54.998743,-104.4018631,-137.9739838,-4.890518188,-0.005726526,-0.004675382,-2.126971282,-0.530543923,-2.326157331,-0.021469733,0.000220573,0.000226417,-3.29E-08,-0.03312964,-0.004276509,-9.806684494,0.000220573,0.000226417,-3.29E-08,128.1174927,8.791863912,-0.59954892,-2.33243097,-0.024031468,0.963350042,1,0.3,0,0,applied,clear_constant_wind,1.225,0
2026-01-24T14:00:55.107833,-104.4386139,-138.1343689,-4.891998768,-0.005840019,-0.004690128,-2.126971264,-0.534574628,-2.324686766,-0.02150338,0.001245507,0.000183028,-3.68E-08,-0.033157334,-0.004262342,-9.807064056,0.001245507,0.000183028,-3.68E-08,127.7504044,8.798426717,-0.604413545,-2.330548802,-0.024050355,0.963107626,1,0.3,0,0,applied,clear_constant_wind,1.225,0
2026-01-24T14:00:55.218122,-104.4804993,-138.3156738,-4.893674374,-0.005942846,-0.004701451,-2.126971516,-0.539214909,-2.322984695,-0.02153907,0.000594281,0.000276288,-4.37E-08,-0.033183366,-0.004196316,-9.806892395,0.000594281,0.000276288,-4.37E-08,128.1122131,8.798426717,-0.610013489,-2.328367665,-0.024072083,0.962828492,1,0.3,0,0,applied,clear_constant_wind,1.225,0
2026-01-24T14:00:55.326955,-104.5194702,-138.4829254,-4.89523077,-0.006063198,-0.004714452,-2.126971628,-0.543563068,-2.321379423,-0.021572802,0.000853148,0.000252503,-2.62E-08,-0.033211779,-0.004152349,-9.806978226,0.000853148,0.000252503,-2.62E-08,128.3736725,8.819214194,-0.615276523,-2.326303621,-0.024090466,0.962566078,1,0.3,0,0,applied,clear_constant_wind,1.225,0
2026-01-24T14:00:55.436081,-104.5702896,-138.6986237,-4.897241116,-0.006171453,-0.004720592,-2.126971749,-0.549279153,-2.319256067,-0.021605963,-3.63E-05,0.000255083,-2.48E-08,-0.033247013,-0.004058789,-9.80671978,-3.63E-05,0.000255083,-2.48E-08,127.9088593,8.819214194,-0.622191087,-2.323570977,-0.024114583,0.962221209,1,0.3,0,0,applied,clear_constant_wind,1.225,0
2026-01-24T14:00:55.546782,-104.618309,-138.9004059,-4.899121761,-0.006297897,-0.004732337,-2.1269719,-0.554708838,-2.317222834,-0.021645028,-0.000169085,0.000225016,-2.24E-08,-0.033282772,-0.003991917,-9.806779861,-0.000222987,0.000217655,-2.01E-08,128.4000702,8.819214194,-0.628815698,-2.320930577,-0.024138267,0.961890687,1,0.3,0,0,applied,clear_constant_wind,1.225,0
2026-01-24T14:00:55.655180,-104.6584167,-139.0671387,-4.900678158,-0.006429338,-0.004745819,-2.126972029,-0.559262931,-2.315506458,-0.021680059,0.00106577,0.00020455,-1.86E-08,-0.033310629,-0.003980022,-9.807080269,0.00106577,0.00020455,-1.86E-08,128.1095734,8.823539139,-0.634393369,-2.318690453,-0.024158183,0.961612311,1,0.3,0,0,applied,clear_constant_wind,1.225,0
2026-01-24T14:00:55.766712,-104.7005386,-139.2407074,-4.902307034,-0.006556471,-0.004758625,-2.126972072,-0.564096153,-2.313673258,-0.021719618,0.000862474,0.000273797,-1.80E-08,-0.033337388,-0.003926191,-9.80698967,0.000862474,0.000273797,-1.80E-08,127.8692474,8.828650559,-0.640314142,-2.316295481,-0.024177658,0.961316723,1,0.3,0,0,applied,clear_constant_wind,1.225,0
2026-01-24T14:00:55.875854,-104.7413177,-139.4073334,-4.903874874,-0.006695066,-0.004771655,-2.126972152,-0.568816185,-2.311870813,-0.021756198,0.000879953,0.00026429,-2.05E-08,-0.03336655,-0.003865924,-9.806977272,0.000670172,0.000283727,-2.06E-08,127.7504044,8.828650559,-0.646116405,-2.313931351,-0.024196128,0.961026964,1,0.3,0,0,applied,clear_constant_wind,1.225,0
2026-01-24T14:00:55.985737,-104.7996826,-139.6429138,-4.906095982,-0.006814681,-0.004773701,-2.126972363,-0.575625539,-2.309252977,-0.02178964,0.000383229,0.000287669,-1.04E-08,-0.033405673,-0.003777927,-9.806664467,0.000383229,0.000287669,-1.04E-08,127.9062195,8.828650559,-0.654499114,-2.310485816,-0.024222599,0.960608185,1,0.3,0,0,applied,clear_constant_wind,1.225,0
2026-01-24T14:00:56.095875,-104.8465271,-139.8299561,-4.907859802,-0.00696899,-0.004788516,-2.126972608,-0.581115663,-2.307123899,-0.021837121,-6.18E-06,0.000245159,-5.63E-09,-0.033438701,-0.003716167,-9.806976318,-6.18E-06,0.000245159,-5.63E-09,128.2865143,8.830437471,-0.661333592,-2.307650303,-0.024244731,0.960266617,1,0.3,0,0,applied,clear_constant_wind,1.225,0
2026-01-24T14:00:56.205167,-104.8903122,-140.0028687,-4.909500122,-0.00713896,-0.004803712,-2.126972633,-0.586298823,-2.305100203,-0.02188101,0.0005023,0.000257123,-1.24E-08,-0.033468734,-0.00367316,-9.807066917,0.0005023,0.000257123,-1.24E-08,128.3657379,8.830437471,-0.667783236,-2.304952685,-0.024263668,0.95994417,1,0.3,0,0,applied,clear_constant_wind,1.225,0
2026-01-24T14:00:56.313476,-104.9309311,-140.16185,-4.911013603,-0.007305823,-0.004818518,-2.126972757,-0.591158807,-2.303189993,-0.021922024,0.000959448,0.000225116,-1.85E-08,-0.033497915,-0.003628811,-9.807092667,0.00085231,0.000261443,-1.73E-08,128.442337,8.835402127,-0.67384166,-2.302399375,-0.024280467,0.959641183,1,0.3,0,0,applied,clear_constant_wind,1.225,0
2026-01-24T14:00:56.421861,-104.9790649,-140.3483734,-4.912790298,-0.007447136,-0.004826588,-2.126972883,-0.596974909,-2.300888062,-0.021961225,0.000522313,0.000324313,-2.65E-08,-0.033527397,-0.003561393,-9.806947708,0.000522313,0.000324313,-2.65E-08,128.2389832,8.839220844,-0.681107185,-2.29931254,-0.024300949,0.959277702,1,0.3,0,0,applied,clear_constant_wind,1.225,0
2026-01-24T14:00:56.532271,-105.036705,-140.5690765,-4.914896011,-0.007631177,-0.004834337,-2.12697296,-0.604013324,-2.298079729,-0.022005528,-0.000114267,0.000254371,-3.67E-08,-0.033569813,-0.00346649,-9.806697845,0.000235749,0.00026936,-3.63E-08,128.3630981,8.839220844,-0.689933893,-2.295525897,-0.024325772,0.958835933,1,0.3,0,0,applied,clear_constant_wind,1.225,0
2026-01-24T14:00:56.642222,-105.0803909,-140.7345276,-4.916482449,-0.00779904,-0.004846847,-2.126973055,-0.609364033,-2.295928001,-0.022049541,0.001512967,0.000227495,-4.15E-08,-0.033599395,-0.003455651,-9.80722332,0.00152454,0.000275521,-4.24E-08,127.9986572,8.839220844,-0.696728421,-2.292583665,-0.024343226,0.958495734,1,0.3,0,0,applied,clear_constant_wind,1.225,0
2026-01-24T14:00:56.749147,-105.1263123,-140.9065704,-4.918139458,-0.007972212,-0.004858473,-2.126973313,-0.615054429,-2.293622494,-0.022097781,0.001021637,0.000287319,-3.39E-08,-0.033628639,-0.003386763,-9.807161331,0.001021637,0.000287319,-3.39E-08,128.3604584,8.841643918,-0.703950462,-2.28943007,-0.024360266,0.958133997,1,0.3,0,0,applied,clear_constant_wind,1.225,0
2026-01-24T14:00:56.857986,-105.1670761,-141.0579681,-4.919597626,-0.008174861,-0.004873121,-2.126973395,-0.620162725,-2.291537523,-0.022143286,0.000985095,0.000187242,-2.93E-08,-0.033659551,-0.003327556,-9.807304382,0.000985095,0.000187242,-2.93E-08,128.4634552,8.845905924,-0.710462589,-2.286563177,-0.024376072,0.957807701,1,0.3,0,0,applied,clear_constant_wind,1.225,0
2026-01-24T14:00:56.967123,-105.2288589,-141.2845917,-4.921794415,-0.008361196,-0.004875471,-2.126973618,-0.628013551,-2.288307905,-0.022188745,-0.000119887,0.000308607,-3.25E-08,-0.033696618,-0.003210946,-9.806703568,-0.000119887,0.000308607,-3.25E-08,128.8305511,8.845905924,-0.720465796,-2.282116198,-0.02439703,0.957306264,1,0.3,0,0,applied,clear_constant_wind,1.225,0
2026-01-24T14:00:57.076221,-105.2799835,-141.4698944,-4.923596859,-0.00857267,-0.004887869,-2.126973837,-0.634559453,-2.285590172,-0.022245347,-0.000202596,0.00028604,-3.85E-08,-0.033732582,-0.003138845,-9.807015419,-0.000580847,0.000271846,-3.77E-08,128.1755981,8.845905924,-0.72890946,-2.278321598,-0.024413513,0.956882799,1,0.3,0,0,applied,clear_constant_wind,1.225,0
2026-01-24T14:00:57.188019,-105.3278198,-141.6411743,-4.925265789,-0.008796657,-0.004899397,-2.126974053,-0.64074564,-2.283000231,-0.022294929,0.000706366,0.000289921,-2.55E-08,-0.033763014,-0.003113772,-9.807256699,0.000706366,0.000289921,-2.55E-08,128.1174927,8.847576682,-0.73691654,-2.274688399,-0.024428984,0.956481057,1,0.3,0,0,applied,clear_constant_wind,1.225,0
2026-01-24T14:00:57.293386,-105.3722229,-141.7986755,-4.926805496,-0.009028684,-0.004912433,-2.126974122,-0.646564424,-2.280545712,-0.022348672,0.001006864,0.000261093,-3.67E-08,-0.033793423,-0.00306413,-9.807369232,0.001006864,0.000261093,-3.67E-08,128.5981445,8.847576682,-0.744484724,-2.271223069,-0.024442452,0.95610118,1,0.3,0,0,applied,clear_constant_wind,1.225,0
2026-01-24T14:00:57.402533,-105.424881,-141.9832458,-4.928620815,-0.00925047,-0.004919369,-2.126974156,-0.653562903,-2.277568579,-0.022403257,-0.000230059,0.000351717,-3.75E-08,-0.033824544,-0.00296336,-9.807061195,-0.000230059,0.000351717,-3.75E-08,128.1835175,8.852045715,-0.753588782,-2.267014026,-0.024455739,0.955644012,1,0.3,0,0,applied,clear_constant_wind,1.225,0
2026-01-24T14:00:57.513463,-105.4900055,-142.2085266,-4.930839539,-0.009523014,-0.004922506,-2.126974088,-0.662335396,-2.273799658,-0.022457371,-1.55E-05,0.000319749,-3.01E-08,-0.033868346,-0.002871308,-9.806743622,-1.55E-05,0.000319749,-3.01E-08,128.3393402,8.852045715,-0.765091138,-2.261632588,-0.024472535,0.955066098,1,0.3,0,0,applied,clear_constant_wind,1.225,0
2026-01-24T14:00:57.621860,-105.5359268,-142.3654022,-4.93239069,-0.009782672,-0.004934416,-2.126974006,-0.668560028,-2.27110076,-0.022517851,0.001406753,0.00025957,-3.35E-08,-0.033900216,-0.002857767,-9.807609558,0.001406753,0.00025957,-3.35E-08,128.2125702,8.855340043,-0.77337033,-2.257714931,-0.024483143,0.954649909,1,0.3,0,0,applied,clear_constant_wind,1.225,0
2026-01-24T14:00:57.731185,-105.586319,-142.535553,-4.934083462,-0.01004578,-0.00494297,-2.126973964,-0.675507128,-2.268063068,-0.022584122,0.000504271,0.000354164,-3.74E-08,-0.033929087,-0.002774307,-9.807346344,0.000504271,0.000354164,-3.74E-08,128.2548218,8.855340043,-0.782605062,-2.253301228,-0.024491898,0.954185472,1,0.3,0,0,applied,clear_constant_wind,1.225,0
2026-01-24T14:00:57.841416,-105.6352005,-142.6987762,-4.935708523,-0.010333615,-0.004951187,-2.126973907,-0.682339668,-2.265049934,-0.022645313,0.000493376,0.000349049,-3.75E-08,-0.033960588,-0.002706106,-9.807435989,0.000493376,0.000349049,-3.75E-08,128.1491852,8.85735561,-0.791742081,-2.248888379,-0.024500741,0.953725726,1,0.3,0,0,applied,clear_constant_wind,1.225,0
2026-01-24T14:00:57.950232,-105.6990814,-142.9092712,-4.937819958,-0.010634338,-0.00494947,-2.126973767,-0.691407919,-2.261011362,-0.022708416,-0.001198108,0.000359034,-4.00E-08,-0.034000218,-0.002564972,-9.806903839,-0.001198108,0.000359034,-4.00E-08,127.7609711,8.85735561,-0.803944139,-2.2429237,-0.024507422,0.953111411,1,0.3,0,0,applied,clear_constant_wind,1.225,0
2026-01-24T14:00:58.060647,-105.7617111,-143.1125488,-4.939865589,-0.010978906,-0.004951922,-2.126973528,-0.700417936,-2.256953239,-0.022783792,-0.001676248,0.000330363,-4.49E-08,-0.034041457,-0.002467015,-9.806983948,-0.001596073,0.000328806,-4.36E-08,128.1307068,8.85735561,-0.816206964,-2.23684625,-0.024512552,0.952493639,1,0.3,0,0,applied,clear_constant_wind,1.225,0
2026-01-24T14:00:58.171994,-105.8124084,-143.2749176,-4.941508293,-0.011319311,-0.004957345,-2.126973675,-0.707792997,-2.253597975,-0.022853598,0.000804563,0.000323474,-4.68E-08,-0.034072153,-0.002473001,-9.8078022,0.000804563,0.000323474,-4.68E-08,128.4634552,8.860030966,-1.126371246,-2.231745255,-0.02451391,1,0,0,0,0,suppressed_near_checkpoint,clear_constant_wind,1.225,0
2026-01-24T14:00:58.279230,-105.8615494,-143.4303436,-4.943183899,-0.021098089,-0.010878256,-2.126877141,-0.717954695,-2.250144243,-0.026710719,-0.06483008,-0.061303794,-0.000104786,-0.03590031,-0.000415232,-9.892356873,-0.069535643,-0.057795417,-0.000104745,128.6245575,8.863756252,-1.136419023,-2.226646121,-0.02447152,1,0,0,0,0,suppressed_near_checkpoint,clear_constant_wind,1.225,0
2026-01-24T14:00:58.388783,-105.916069,-143.5989532,-4.945394039,-0.028721062,-0.015435354,-2.126771504,-0.737550676,-2.246354103,-0.031910412,-0.074808039,-0.042688888,-0.000117718,-0.035618812,-6.28E-05,-9.865903854,-0.074808039,-0.042688888,-0.000117718,128.3234863,8.863756252,-1.147516055,-2.220949982,-0.024250345,1,0,0,0,0,suppressed_near_checkpoint,clear_constant_wind,1.225,0
2026-01-24T14:00:58.500877,-105.9930191,-143.8278198,-4.948863506,-0.034191621,-0.018507719,-2.126685495,-0.772096038,-2.240993738,-0.035473775,-0.024406418,-0.016500359,-9.18E-05,-0.035245657,-0.001235738,-9.829360008,-0.024406418,-0.016500359,-9.18E-05,128.4185638,8.863756252,-1.162609119,-2.21309233,-0.023714482,1,0,0,0,0,suppressed_near_checkpoint,clear_constant_wind,1.225,0
2026-01-24T14:00:58.609065,-106.0567703,-144.00914,-4.951765537,-0.035778369,-0.019259372,-2.126665617,-0.802387059,-2.236575603,-0.035972945,-0.006521924,-0.002659476,-6.75E-05,-0.035198957,-0.001589827,-9.811590195,-0.006521924,-0.002659476,-6.75E-05,128.4819489,8.741261308,-1.174462589,-2.206830311,-0.023186347,1,0,0,0,0,suppressed_near_checkpoint,clear_constant_wind,1.225,0
2026-01-24T14:00:58.719837,-106.1205292,-144.1834106,-4.954548836,-0.036046514,-0.019161228,-2.126673867,-0.832211554,-2.232141256,-0.035287056,0.006858009,0.005206589,-4.93E-05,-0.035328746,-0.001789488,-9.801010132,0.006858009,0.005206589,-4.93E-05,128.4212036,8.741261308,-1.185705909,-2.200815426,-0.022648613,1,0,0,0,0,suppressed_near_checkpoint,clear_constant_wind,1.225,0
2026-01-24T14:00:58.828890,-106.1814346,-144.3439789,-4.957048893,-0.035595551,-0.018643668,-2.126695344,-0.859504104,-2.227890968,-0.034085002,0.015115037,0.009469376,-3.71E-05,-0.03553313,-0.001866214,-9.795659065,0.015115037,0.009469376,-3.71E-05,128.0699615,8.677509301,-1.195930035,-2.195281424,-0.022154441,1,0,0,0,0,suppressed_near_checkpoint,clear_constant_wind,1.225,0
2026-01-24T14:00:58.938811,-106.2469482,-144.51091,-4.95954895,-0.034661097,-0.017852527,-2.126725778,-0.887219131,-2.223305941,-0.03256429,0.019247049,0.011943422,-2.83E-05,-0.035790592,-0.001832053,-9.792888641,0.019247049,0.011943422,-2.83E-05,127.9405518,8.678054965,-1.206417202,-2.189540679,-0.021659885,1,0,0,0,0,suppressed_near_checkpoint,clear_constant_wind,1.225,0
2026-01-24T14:00:59.050938,-106.3393021,-144.7373657,-4.962759018,-0.032945964,-0.016575474,-2.126771421,-0.923244655,-2.216846228,-0.030382024,0.021965021,0.013224417,-2.05E-05,-0.03617242,-0.001699574,-9.791702271,0.021965021,0.013224417,-2.05E-05,128.1333466,8.678054965,-1.220442847,-2.181760019,-0.021035097,1,0,0,0,0,suppressed_near_checkpoint,clear_constant_wind,1.225,0
2026-01-24T14:00:59.159813,-106.4123383,-144.9100952,-4.965063095,-0.03156909,-0.015558214,-2.126805228,-0.949259818,-2.211784363,-0.028731855,0.021973455,0.013255036,-1.64E-05,-0.03646557,-0.001589671,-9.792379379,0.021973455,0.013255036,-1.64E-05,128.4159241,8.678054965,-1.231023383,-2.175811808,-0.020601109,1,0,0,0,0,suppressed_near_checkpoint,clear_constant_wind,1.225,0
2026-01-24T14:00:59.268834,-106.4844208,-145.0757904,-4.967162609,-0.030274579,-0.014594069,-2.126836418,-0.973041058,-2.206801176,-0.027276093,0.021703988,0.012844361,-1.35E-05,-0.036738396,-0.001463152,-9.793511391,0.021703988,0.012844361,-1.35E-05,128.0884399,8.69516032,-1.241116779,-2.170073799,-0.020220012,1,0,0,0,0,suppressed_near_checkpoint,clear_constant_wind,1.225,0
2026-01-24T14:00:59.379012,-106.555275,-145.2345123,-4.969079494,-0.02906291,-0.013704789,-2.126863387,-0.994754195,-2.201920748,-0.026005384,0.021678817,0.012219504,-1.14E-05,-0.036986962,-0.001362327,-9.794734955,0.021678817,0.012219504,-1.14E-05,128.619278,8.737081591,-1.25076101,-2.164532609,-0.0198867,1,0,0,0,0,suppressed_near_checkpoint,clear_constant_wind,1.225,0
2026-01-24T14:00:59.486274,-106.6367798,-145.4126587,-4.971133232,-0.027711427,-0.012760431,-2.126891678,-1.017927766,-2.196329117,-0.024727222,0.019466037,0.011384819,-9.52E-06,-0.0372473,-0.00120135,-9.795903206,0.019466037,0.011384819,-9.52E-06,128.3472595,8.737081591,-1.261627937,-2.158219843,-0.019546332,1,0,0,0,0,suppressed_near_checkpoint,clear_constant_wind,1.225,0
2026-01-24T14:00:59.597822,-106.7420197,-145.6363525,-4.973581791,-0.026113636,-0.011669484,-2.126921541,-1.045318842,-2.189169645,-0.023321446,0.018808711,0.010231608,-7.69E-06,-0.037546575,-0.00105698,-9.797195435,0.018808711,0.010231608,-7.69E-06,128.5479736,8.737081591,-1.27540526,-2.150110248,-0.019166268,1,0,0,0,0,suppressed_near_checkpoint,clear_constant_wind,1.225,0
2026-01-24T14:00:59.707832,-106.8179474,-145.7937927,-4.975228786,-0.025167632,-0.010971097,-2.126940209,-1.06351459,-2.18406415,-0.022462444,0.018370643,0.009425674,-6.52E-06,-0.037744865,-0.000975609,-9.798828125,0.017745078,0.009395194,-6.49E-06,128.5162811,8.757088593,-1.28526314,-2.144234222,-0.018927784,1,0,0,0,0,suppressed_near_checkpoint,clear_constant_wind,1.225,0
2026-01-24T14:00:59.822976,-106.885437,-145.9312592,-4.976622581,-0.024457301,-0.010405319,-2.126954496,-1.078771949,-2.179538727,-0.021805286,0.016097289,0.008701469,-5.60E-06,-0.037892774,-0.000855854,-9.799959183,0.016097289,0.008701469,-5.60E-06,128.6166382,8.757088593,-1.294043559,-2.138948388,-0.018736586,1,0,0,0,0,suppressed_near_checkpoint,clear_constant_wind,1.225,0
2026-01-24T14:00:59.943482,-106.9735794,-146.1075592,-4.978358746,-0.023512419,-0.009735766,-2.126970762,-1.097593665,-2.173621178,-0.021073617,0.014636897,0.007932357,-4.69E-06,-0.038071483,-0.000771742,-9.800553322,0.014636897,0.007932357,-4.69E-06,128.1307068,8.795118508,-1.305620378,-2.131903558,-0.018510798,1,0,0,0,0,suppressed_near_checkpoint,clear_constant_wind,1.225,0
2026-01-24T14:01:00.053060,-107.0732727,-146.3028717,-4.980223656,-0.022614159,-0.009064384,-2.126986657,-1.117501855,-2.166956186,-0.020366607,0.011906441,0.007083226,-3.83E-06,-0.038251176,-0.000623368,-9.801276207,0.011906441,0.007083226,-3.83E-06,128.5083618,8.795118508,-1.31898818,-2.12366097,-0.018282936,1,0,0,0,0,suppressed_near_checkpoint,clear_constant_wind,1.225,0
2026-01-24T14:01:00.161967,-107.1747284,-146.4976196,-4.982030869,-0.021900353,-0.008462734,-2.127001057,-1.136500716,-2.160178661,-0.019782905,0.009921828,0.006327778,-3.07E-06,-0.038410038,-0.000511885,-9.802189827,0.009921828,0.006327778,-3.07E-06,128.2997284,8.825315985,-1.333115167,-2.114823215,-0.018075481,1,0,0,0,0,suppressed_near_checkpoint,clear_constant_wind,1.225,0
2026-01-24T14:01:00.270185,-107.2605438,-146.6594391,-4.98349905,-0.021478201,-0.008007944,-2.127010154,-1.151743054,-2.154431105,-0.019388966,0.011177896,0.005773144,-2.47E-06,-0.038527653,-0.000517146,-9.80358696,0.011177896,0.005773144,-2.47E-06,128.0726013,8.825315985,-1.345671374,-2.106857282,-0.017914999,1,0,0,0,0,suppressed_near_checkpoint,clear_constant_wind,1.225,0
2026-01-24T14:01:00.378280,-107.3439789,-146.8143768,-4.984883785,-0.021206408,-0.007606145,-2.127018434,-1.166002035,-2.148782015,-0.019088103,0.009903839,0.005294487,-1.97E-06,-0.038629144,-0.000447718,-9.804371834,0.009903839,0.005294487,-1.97E-06,128.2469025,8.838653975,-1.358605727,-2.09854113,-0.017765226,1,0,0,0,0,suppressed_near_checkpoint,clear_constant_wind,1.225,0
2026-01-24T14:01:01.826899,-108.2202148,-148.3607178,-5.246791363,-0.004341191,0.114237259,-2.130537481,-0.387546122,-0.673841894,-0.10154736,0.006205283,-0.156827167,1.29E-05,-0.008522995,-0.000178635,-9.56834507,0.006205283,-0.156827167,1.29E-05,129.0101318,10.71851433,-1.707030486,1.490569278,-0.005644193,0.906490526,1,0.3,0,0,applied,clear_constant_wind,1.225,0
2026-01-24T14:01:01.935920,-108.2470169,-148.4063873,-5.255072594,-0.087806454,0.116857708,-2.130761885,-0.366674662,-0.581364155,-0.173364028,-0.619587123,-0.009283804,0.000869021,-0.00346148,0.022586465,-12.58492088,-0.619587123,-0.009283804,0.000869021,128.7222748,10.71851433,-1.705874183,1.492126087,-0.005338663,0.906551752,1,0.3,0,0,applied,clear_constant_wind,1.225,0
2026-01-24T14:01:02.046883,-108.2743454,-148.4432831,-5.273693562,-0.148998627,0.116826621,-2.130692718,-0.40078488,-0.439062357,-0.337088436,-0.637367249,-0.034055553,0.000672804,-0.003716469,0.022283792,-11.90416718,-0.637367249,-0.034055553,0.000672804,128.5321198,10.54431136,-1.704865345,1.493483612,-0.004652721,0.906605166,1,0.3,0,0,applied,clear_constant_wind,1.225,0
2026-01-24T14:01:02.152974,-108.3054733,-148.4694519,-5.301907063,-0.183959177,0.11350872,-2.130077624,-0.466927767,-0.287368715,-0.434667975,-0.358803213,-0.06618195,0.000372602,-0.004043221,0.012094855,-10.90640545,-0.358803213,-0.06618195,0.000372602,128.8384705,9.96879485,-1.703995224,1.494653834,-0.003613926,0.906651233,1,0.3,0,0,applied,clear_constant_wind,1.225,0
2026-01-24T14:01:02.262287,-108.3570404,-148.4878998,-5.347296238,-0.201923393,0.105656773,-2.128487612,-0.576562524,-0.087943166,-0.466461986,-0.061250526,-0.093573458,0.000138857,-0.003983021,0.002738416,-9.957779884,-0.061250526,-0.093573458,0.000138857,128.7988586,9.96879485,-1.702991016,1.496002412,-0.001942573,0.906704396,1,0.3,0,0,applied,clear_constant_wind,1.225,0
2026-01-24T14:01:02.372355,-108.4075012,-148.4888458,-5.384173393,-0.20178749,0.097837526,-2.126863435,-0.66933924,0.062491484,-0.438844502,0.053407177,-0.102998063,0.000100875,-0.003700495,0.000266492,-9.528148651,0.056797139,-0.103160962,0.000101242,128.4344025,9.96879485,-1.702308237,1.496917293,-0.000583686,0.906740541,1,0.3,0,0,applied,clear_constant_wind,1.225,0
2026-01-24T14:01:02.480310,-108.4586258,-148.4798737,-5.414272308,-0.195267396,0.090509231,-2.125371418,-0.750214875,0.186646029,-0.395378202,0.11729002,-0.104880087,0.000131244,-0.003418207,-0.000312507,-9.35605526,0.11933732,-0.104881488,0.000133221,128.7962189,9.796181531,-1.701790475,1.497609634,0.000526723,0.90676795,1,0.3,0,0,applied,clear_constant_wind,1.225,0
2026-01-24T14:01:02.590616,-108.517952,-148.461319,-5.441988945,-0.184808325,0.082871359,-2.123882708,-0.831231117,0.306856066,-0.343238175,0.15425086,-0.102792703,0.00018674,-0.003140688,0.000128627,-9.294085503,0.15425086,-0.102792703,0.00018674,128.6509705,9.698519647,-1.701332412,1.498221002,0.001550953,0.906792197,1,0.3,0,0,applied,clear_constant_wind,1.225,0
2026-01-24T14:01:02.697130,-108.5859299,-148.4328003,-5.466624737,-0.171865807,0.075183933,-2.122474156,-0.911000013,0.422378093,-0.288911909,0.17214568,-0.097888663,0.000243398,-0.002862096,0.001339376,-9.298171043,0.17214568,-0.097888663,0.000243398,128.566452,9.698519647,-1.700934919,1.498750607,0.002463532,0.906813238,1,0.3,0,0,applied,clear_constant_wind,1.225,0
2026-01-24T14:01:02.806051,-108.6838455,-148.3826141,-5.492715836,-0.153829603,0.065779141,-2.120895033,-1.007454634,0.559404552,-0.224408254,0.176644772,-0.089262046,0.000294505,-0.002509475,0.003608346,-9.358358383,0.176644772,-0.089262046,0.000294505,128.8754425,9.698519647,-1.700522446,1.49929922,0.00343379,0.906835071,1,0.3,0,0,applied,clear_constant_wind,1.225,0
2026-01-24T14:01:02.915416,-108.7618561,-148.3371887,-5.507969379,-0.140670704,0.059433761,-2.119928543,-1.072326779,0.650371432,-0.183358505,0.171867535,-0.082307406,0.000311492,-0.0023278,0.005551517,-9.411595345,0.171867535,-0.082307406,0.000311492,128.5902252,9.689911448,-1.700289671,1.499608349,0.004004032,0.906847392,1,0.3,0,0,applied,clear_constant_wind,1.225,0
2026-01-24T14:01:03.023588,-108.8445587,-148.2852325,-5.520368099,-0.128039929,0.053593486,-2.119113823,-1.132033706,0.733475268,-0.148272604,0.163285762,-0.075303763,0.000313009,-0.002135992,0.007674366,-9.47265625,0.162888288,-0.075027451,0.000312801,128.6113586,9.689911448,-1.700109967,1.499846704,0.00447029,0.906856903,1,0.3,0,0,applied,clear_constant_wind,1.225,0
2026-01-24T14:01:03.133435,-108.9279861,-148.2297516,-5.529990673,-0.116609314,0.048458791,-2.118459225,-1.184577227,0.806230664,-0.119856089,0.153096393,-0.06877239,0.0003031,-0.001968324,0.009568512,-9.521993637,0.153096393,-0.06877239,0.0003031,128.9282684,0.151743452,-1.699983027,1.500014838,0.004834841,0.906863622,1,0.3,0,0,applied,clear_constant_wind,1.225,0
2026-01-24T14:01:03.243177,-109.0298691,-148.1587524,-5.538868427,-0.104261095,0.043029539,-2.117831601,-1.240196705,0.882958055,-0.092526257,0.140130132,-0.06159782,0.000281848,-0.001702666,0.011828661,-9.576930046,0.140130132,-0.06159782,0.000281848,129.121048,0.146346804,-1.699885635,1.50014355,0.005174591,0.906868777,1,0.3,0,0,applied,clear_constant_wind,1.225,0
2026-01-24T14:01:03.354061,-109.1556015,-148.0673065,-5.54671526,-0.091133368,0.03735671,-2.117248644,-1.298380256,0.962990642,-0.067159213,0.12465632,-0.053837992,0.000249197,-0.001422107,0.014362514,-9.630384445,0.12465632,-0.053837992,0.000249197,128.9678802,0.146346804,-1.699833699,1.500211701,0.005479679,0.906871526,1,0.3,0,0,applied,clear_constant_wind,1.225,0
2026-01-24T14:01:03.462348,-109.2544785,-147.993042,-5.55116272,-0.082199601,0.033538645,-2.116898688,-1.337552667,1.016789317,-0.051960494,0.113344468,-0.048527975,0.000222272,-0.001217186,0.016159564,-9.66215229,0.113344468,-0.048527975,0.000222272,128.6958618,0.146346804,-1.699835004,1.500209306,0.005656236,0.906871457,1,0.3,0,0,applied,clear_constant_wind,1.225,0
2026-01-24T14:01:03.570737,-109.3520279,-147.9181213,-5.554461002,-0.074404587,0.030226621,-2.116623535,-1.371514082,1.063401461,-0.040082525,0.103052311,-0.043865487,0.000196464,-0.00102967,0.017772943,-9.688727379,0.103052311,-0.043865487,0.000196464,129.0022125,0.146769324,-1.699866111,1.500167327,0.005790311,0.906869811,1,0.3,0,0,applied,clear_constant_wind,1.225,0
2026-01-24T14:01:03.677286,-109.4519119,-147.8400116,-5.556986332,-0.067329142,0.027230722,-2.116397489,-1.402195573,1.105504036,-0.030411059,0.093429811,-0.039619692,0.000171739,-0.000845671,0.019332871,-9.711612701,0.093043134,-0.039449934,0.000170741,128.6351166,0.146769324,-1.699923305,1.500090667,0.005896186,0.906866783,1,0.3,0,0,applied,clear_constant_wind,1.225,0
2026-01-24T14:01:03.786051,-109.579689,-147.7383728,-5.559273243,-0.059419639,0.02388861,-2.116171042,-1.436358809,1.152388692,-0.020845849,0.08240357,-0.034854606,0.000143285,-0.000647366,0.020988598,-9.733054161,0.08240357,-0.034854606,0.000143285,128.7777252,0.146769324,-1.700027868,1.499950854,0.005996782,0.906861249,1,0.3,0,0,applied,clear_constant_wind,1.225,0
2026-01-24T14:01:03.895061,-109.7059402,-147.6363373,-5.560762405,-0.052671857,0.021037348,-2.115999766,-1.465410352,1.192271113,-0.013698041,0.072806321,-0.03078494,0.000118919,-0.000466079,0.022484154,-9.749596596,0.072806321,-0.03078494,0.000118919,128.7249146,0.146683613,-1.700160907,1.499773159,0.006067674,0.906854207,1,0.3,0,0,applied,clear_constant_wind,1.225,0
2026-01-24T14:01:04.003690,-109.8077698,-147.5530548,-5.561547756,-0.047887604,0.019012042,-2.115890065,-1.485965729,1.220500231,-0.009196583,0.065920249,-0.027896762,0.000101903,-0.000334591,0.023561835,-9.759958267,0.065920249,-0.027896762,0.000101903,128.8279114,0.148674319,-1.700286573,1.499605382,0.006109438,0.906847556,1,0.3,0,0,applied,clear_constant_wind,1.225,0
2026-01-24T14:01:04.113598,-109.9244919,-147.4567261,-5.562100887,-0.043025141,0.016950266,-2.115788971,-1.506828547,1.249158025,-0.005154447,0.058851365,-0.024926083,8.51E-05,-0.000197023,0.024671569,-9.770452499,0.058851365,-0.024926083,8.51E-05,128.9282684,0.148674319,-1.700446998,1.499391228,0.006144408,0.906839064,1,0.3,0,0,applied,clear_constant_wind,1.225,0
2026-01-24T14:01:04.222343,-110.0336227,-147.3659058,-5.562360764,-0.039002895,0.015239112,-2.115712964,-1.524068236,1.272842526,-0.002160863,0.052961316,-0.022482002,7.17E-05,-8.18E-05,0.025600739,-9.776935577,0.052961316,-0.022482002,7.17E-05,128.6456909,0.146782881,-1.700611445,1.499171708,0.006167517,0.90683036,1,0.3,0,0,applied,clear_constant_wind,1.225,0
2026-01-24T14:01:04.335005,-110.1902084,-147.2345123,-5.562404156,-0.033986535,0.013099675,-2.115628695,-1.545552135,1.302352667,0.001126561,0.04556898,-0.019403923,5.58E-05,6.54E-05,0.026773222,-9.784889221,0.04556898,-0.019403923,5.58E-05,128.6905823,0.146782881,-1.700868379,1.498828687,0.006188357,0.90681676,1,0.3,0,0,applied,clear_constant_wind,1.225,0
2026-01-24T14:01:04.443255,-110.3207016,-147.1242065,-5.562220097,-0.030387516,0.011554578,-2.11557425,-1.560962081,1.323508739,0.003167241,0.04023077,-0.017207393,4.52E-05,0.000172406,0.027624086,-9.789806366,0.04023077,-0.017207393,4.52E-05,129.0101318,0.146782881,-1.701098488,1.498521416,0.006197456,0.906804579,1,0.3,0,0,applied,clear_constant_wind,1.225,0
2026-01-24T14:01:04.554289,-110.4335251,-147.0283203,-5.561941147,-0.027640734,0.010368018,-2.115536952,-1.572726488,1.339643478,0.004538406,0.036152337,-0.015515221,3.76E-05,0.000255078,0.02827844,-9.793200493,0.036152337,-0.015515221,3.76E-05,129.1580353,9.78245556,-1.701307868,1.498241759,0.006200803,0.906793496,1,0.3,0,0,applied,clear_constant_wind,1.225,0
2026-01-24T14:01:04.661568,-110.5471573,-146.9313354,-5.561573505,-0.025173207,0.009297373,-2.115506336,-1.583301544,1.354124308,0.005630647,0.032476917,-0.013977702,3.12E-05,0.000330657,0.02887021,-9.795969963,0.032476917,-0.013977702,3.12E-05,129.0180511,0.126617583,-1.701527249,1.497948671,0.006200885,0.906781883,1,0.3,0,0,applied,clear_constant_wind,1.225,0
2026-01-24T14:01:04.770088,-110.6710663,-146.8251495,-5.561095715,-0.022782835,0.008256062,-2.115479538,-1.593556046,1.368134856,0.006561352,0.028902931,-0.012473688,2.54E-05,0.000404939,0.029447246,-9.798365593,0.028902931,-0.012473688,2.54E-05,129.0074921,0.126617583,-1.701775506,1.497616909,0.006198041,0.906768742,1,0.3,0,0,applied,clear_constant_wind,1.225,0
2026-01-24T14:01:04.882970,-110.8342285,-146.6847687,-5.560377121,-0.020049369,0.007060493,-2.11545135,-1.605303049,1.384127498,0.007471145,0.024814462,-0.010763302,1.94E-05,0.00048992,0.030111272,-9.800742149,0.024814462,-0.010763302,1.94E-05,128.7618866,0.126617583,-1.702114533,1.497163675,0.006190853,0.906750795,1,0.3,0,0,applied,clear_constant_wind,1.225,0
2026-01-24T14:01:04.989046,-110.9549179,-146.5805664,-5.559797287,-0.01828997,0.006281814,-2.115434865,-1.612882018,1.394400358,0.007967194,0.022180466,-0.009661767,1.58E-05,0.000545122,0.030541036,-9.802083969,0.022180466,-0.009661767,1.58E-05,129.0840759,9.791365708,-1.70237345,1.4968174,0.006183657,0.906737089,1,0.3,0,0,applied,clear_constant_wind,1.225,0
2026-01-24T14:01:05.099510,-111.076149,-146.4756317,-5.559185028,-0.016717804,0.005582203,-2.115420777,-1.619672775,1.403557777,0.008350801,0.0198201,-0.008664167,1.29E-05,0.000596814,0.030941544,-9.803178787,0.019729104,-0.008624108,1.28E-05,128.8622437,9.791365708,-1.702639682,1.496461216,0.006175251,0.906722995,1,0.3,0,0,applied,clear_constant_wind,1.225,0
2026-01-24T14:01:05.209127,-111.1929855,-146.3743134,-5.558572769,-0.015366251,0.004977403,-2.11541017,-1.62552917,1.411406994,0.008634464,0.017794276,-0.007815164,1.06E-05,0.000637144,0.03125976,-9.803962708,0.017794276,-0.007815164,1.06E-05,128.8305511,9.794292658,-1.702900953,1.496111543,0.006166258,0.906709164,1,0.3,0,0,applied,clear_constant_wind,1.225,0
2026-01-24T14:01:05.313933,-111.3297882,-146.2553711,-5.557836056,-0.013963304,0.004347683,-2.115401445,-1.631632566,1.419521928,0.008883076,0.015678819,-0.006893956,8.44E-06,0.000682794,0.031606846,-9.804688454,0.015678819,-0.006893956,8.44E-06,128.9493866,9.794292658,-1.703214183,1.495692166,0.006154918,0.906692582,1,0.3,0,0,applied,clear_constant_wind,1.225,0
2026-01-24T14:01:05.423803,-111.4867401,-146.1187134,-5.55697298,-0.01256259,0.003714746,-2.115392971,-1.637761235,1.427581429,0.009083412,0.013574028,-0.006011164,6.47E-06,0.00072673,0.031954639,-9.805315971,0.013574028,-0.006011164,6.47E-06,129.2557373,9.795423116,-1.703579313,1.495203071,0.00614114,0.906673252,1,0.3,0,0,applied,clear_constant_wind,1.225,0
2026-01-24T14:01:05.535116,-111.6097336,-146.0114288,-5.556287289,-0.011600741,0.003274038,-2.115387507,-1.641996145,1.433083177,0.00919026,0.012135476,-0.005374047,5.25E-06,0.000757746,0.032193981,-9.805735588,0.012135476,-0.005374047,5.25E-06,128.9837189,9.795423116,-1.703870674,1.494812612,0.006129925,0.906657827,1,0.3,0,0,applied,clear_constant_wind,1.225,0
2026-01-24T14:01:05.646424,-111.7281036,-145.9080811,-5.555623531,-0.010774215,0.00289218,-2.115383182,-1.6456604,1.437780857,0.009262709,0.01089007,-0.004839216,4.30E-06,0.000785306,0.032408766,-9.806022644,0.010839202,-0.004809137,4.26E-06,128.6403961,0.126421451,-1.704154231,1.49443246,0.006118932,0.906642815,1,0.3,0,0,applied,clear_constant_wind,1.225,0
2026-01-24T14:01:05.769140,-111.8763962,-145.7784424,-5.554787159,-0.009859016,0.002471326,-2.115378431,-1.64975059,1.44293642,0.009322989,0.009504733,-0.004223078,3.33E-06,0.000813674,0.032630086,-9.806262016,0.009504733,-0.004223078,3.33E-06,128.7090607,9.795046497,-1.704514477,1.493949276,0.006104902,0.906623742,1,0.3,0,0,applied,clear_constant_wind,1.225,0
2026-01-24T14:01:05.877215,-112.0002518,-145.670105,-5.554083824,-0.009185916,0.00215553,-2.115374832,-1.652789831,1.446692467,0.009350065,0.00849821,-0.003785532,2.69E-06,0.000834569,0.032799084,-9.806464195,0.00849821,-0.003785532,2.69E-06,129.0708771,9.795046497,-1.704818154,1.493541779,0.006092931,0.906607664,1,0.3,0,0,applied,clear_constant_wind,1.225,0
2026-01-24T14:01:05.988308,-112.1690216,-145.5222778,-5.553127289,-0.008384033,0.001781452,-2.115371464,-1.65645504,1.451105952,0.009366696,0.007288842,-0.003245347,2.02E-06,0.000859816,0.033001289,-9.806585312,0.007288842,-0.003245347,2.02E-06,129.4273987,9.795046497,-1.705238223,1.492977811,0.006076603,0.906585424,1,0.3,0,0,applied,clear_constant_wind,1.225,0
2026-01-24T14:01:06.110642,-112.318222,-145.3914795,-5.552283287,-0.007771902,0.001490915,-2.115369881,-1.659295917,1.454419613,0.009362954,0.006357166,-0.002865519,1.57E-06,0.000878079,0.033156287,-9.806715012,0.006357166,-0.002865519,1.57E-06,129.1289825,9.794476674,-1.70561408,1.492472918,0.006062142,0.906565523,1,0.3,0,0,applied,clear_constant_wind,1.225,0
2026-01-24T14:01:06.221078,-112.4427643,-145.2823792,-5.551579952,-0.007321896,0.00127263,-2.115368972,-1.661418676,1.456815124,0.009350806,0.005689319,-0.002543946,1.26E-06,0.000892162,0.033270214,-9.806809425,0.005689319,-0.002543946,1.26E-06,129.1738739,9.794476674,-1.70592799,1.492051037,0.006050044,0.906548903,1,0.3,0,0,applied,clear_constant_wind,1.225,0
2026-01-24T14:01:06.328179,-112.5574799,-145.1817169,-5.550932884,-0.006950516,0.001090573,-2.115367397,-1.663198709,1.458755612,0.009334913,0.005130674,-0.002306004,1.04E-06,0.000902703,0.033364706,-9.806854248,0.005130674,-0.002306004,1.04E-06,129.0048523,9.793032595,-1.706221779,1.491656028,0.006038884,0.906533347,1,0.3,0,0,applied,clear_constant_wind,1.225,0
2026-01-24T14:01:06.437218,-112.6772842,-145.0766144,-5.550257683,-0.006601949,0.000919882,-2.115366765,-1.664898157,1.460538149,0.009315331,0.004605995,-0.002039513,8.44E-07,0.000913919,0.033453554,-9.806874275,0.004605995,-0.002039513,8.44E-07,128.7486877,9.791100481,-1.706529566,1.491242024,0.006027191,0.90651705,1,0.3,0,0,applied,clear_constant_wind,1.225,0
2026-01-24T14:01:06.548552,-112.8471985,-144.9276123,-5.549308777,-0.006168163,0.000712141,-2.115365993,-1.66706121,1.462687731,0.009285721,0.003952174,-0.001724695,6.23E-07,0.000926876,0.033564538,-9.806851387,0.003952174,-0.001724695,6.23E-07,128.5902252,9.791100481,-1.706967464,1.490652699,0.006010853,0.906493863,1,0.3,0,0,applied,clear_constant_wind,1.225,0
2026-01-24T14:01:06.659525,-112.9873352,-144.8045654,-5.548534393,-0.005857905,0.000558447,-2.115365436,-1.6686517,1.464169741,0.00925551,0.003474333,-0.001531115,5.02E-07,0.000935123,0.033644397,-9.806902885,0.003474333,-0.001531115,5.02E-07,128.5955048,9.791100481,-1.707333928,1.49015923,0.005997629,0.906474458,1,0.3,0,0,applied,clear_constant_wind,1.225,0
2026-01-24T14:01:06.766295,-113.1024933,-144.7034912,-5.547898293,-0.00563127,0.000441906,-2.115365065,-1.669846177,1.465213656,0.009229557,0.00313889,-0.001396473,4.11E-07,0.000940035,0.033702731,-9.80693531,0.00313889,-0.001396473,4.11E-07,128.8490448,9.790012147,-1.707635853,1.489752477,0.005986711,0.90645847,1,0.3,0,0,applied,clear_constant_wind,1.225,0
2026-01-24T14:01:06.876137,-113.2278061,-144.5936279,-5.547206879,-0.005410023,0.000329622,-2.115364773,-1.671043873,1.466187954,0.00920167,0.002808296,-0.001197711,3.30E-07,0.000947198,0.033759851,-9.806919098,0.002808296,-0.001197711,3.30E-07,129.0682373,9.790012147,-1.707963605,1.489310734,0.005974792,0.906441114,1,0.3,0,0,applied,clear_constant_wind,1.225,0
2026-01-24T14:01:06.983021,-113.3581543,-144.4793701,-5.546487808,-0.005204898,0.000225725,-2.115364473,-1.672189713,1.4670434,0.009172594,0.002495785,-0.001042899,2.54E-07,0.000952578,0.033813208,-9.8069067,0.002495785,-0.001042899,2.54E-07,128.933548,9.787830119,-1.708305913,1.488849156,0.005962329,0.906422988,1,0.3,0,0,applied,clear_constant_wind,1.225,0
2026-01-24T14:01:07.093520,-113.523819,-144.3340149,-5.545576096,-0.00497679,0.000112722,-2.115364264,-1.673514843,1.46792388,0.009137406,0.002150305,-0.000894586,1.85E-07,0.000957165,0.033872798,-9.806862831,0.002150305,-0.000894586,1.85E-07,128.8384705,9.787830119,-1.708746345,1.488254938,0.005946486,0.906399664,1,0.3,0,0,applied,clear_constant_wind,1.225,0
2026-01-24T14:01:07.203138,-113.6292419,-144.2414093,-5.545005322,-0.004848826,4.29E-05,-2.115364057,-1.674290061,1.46838069,0.009112333,0.001961229,-0.000915051,1.48E-07,0.000955912,0.033906333,-9.806949615,0.001961229,-0.000915051,1.48E-07,129.0048523,9.785371793,-1.709030268,1.487871681,0.005936735,0.906384628,1,0.3,0,0,applied,clear_constant_wind,1.225,0
2026-01-24T14:01:07.310557,-113.7598953,-144.1267548,-5.544298649,-0.00470593,-3.20E-05,-2.115363826,-1.675188303,1.46884191,0.009083816,0.001742542,-0.000685716,1.20E-07,0.00096298,0.033943925,-9.806880951,0.001742542,-0.000685716,1.20E-07,129.1078491,9.785371793,-1.709381611,1.487397204,0.00592461,0.906366022,1,0.3,0,0,applied,clear_constant_wind,1.225,0
2026-01-24T14:01:07.418027,-113.8755341,-144.0253296,-5.543673515,-0.004593144,-9.39E-05,-2.115363704,-1.675930738,1.469164968,0.009058915,0.001577058,-0.000634333,9.83E-08,0.000963674,0.033973765,-9.806895256,0.001577058,-0.000634333,9.83E-08,128.629837,9.784166743,-1.709693106,1.486976343,0.005913832,0.906349525,1,0.3,0,0,applied,clear_constant_wind,1.225,0
2026-01-24T14:01:07.528379,-114.0414505,-143.8798065,-5.542776585,-0.004449908,-0.00016516,-2.115363641,-1.676921487,1.469503403,0.009027041,0.001353402,-0.000505757,5.90E-08,0.000966606,0.034012221,-9.806824684,0.001353402,-0.000505757,5.90E-08,128.9995728,9.784166743,-1.710142635,1.486368661,0.005898271,0.906325718,1,0.3,0,0,applied,clear_constant_wind,1.225,0
2026-01-24T14:01:07.637414,-114.1874161,-143.7519226,-5.541988373,-0.004340756,-0.000224448,-2.115363562,-1.677726626,1.469696879,0.008996878,0.001183303,-0.000450271,4.28E-08,0.000967151,0.034041729,-9.806844711,0.001183303,-0.000450271,4.28E-08,128.7513275,9.784166743,-1.710537883,1.48583404,0.005884514,0.906304785,1,0.3,0,0,applied,clear_constant_wind,1.225,0
2026-01-24T14:01:07.749523,-114.3082657,-143.6460876,-5.541340351,-0.004260971,-0.000271317,-2.115363449,-1.67835319,1.469791293,0.008972147,0.001073889,-0.000388546,4.21E-08,0.000967416,0.034063134,-9.806865692,0.001073889,-0.000388546,4.21E-08,128.8569641,9.78159232,-1.710866056,1.485389918,0.005873245,0.906287404,1,0.3,0,0,applied,clear_constant_wind,1.225,0
2026-01-24T14:01:07.859432,-114.4291153,-143.5402527,-5.540699482,-0.004189294,-0.000313095,-2.115363368,-1.678948998,1.469830155,0.008948703,0.000966118,-0.000319933,3.85E-08,0.000968061,0.034082767,-9.806844711,0.000966118,-0.000319933,3.85E-08,128.6905823,9.779098703,-1.711195881,1.484943353,0.005862213,0.906269935,1,0.3,0,0,applied,clear_constant_wind,1.225,0
2026-01-24T14:01:07.968254,-114.5550003,-143.4300079,-5.54003191,-0.004122421,-0.000351268,-2.115363307,-1.679540038,1.469818115,0.008925843,0.000861986,-0.000249491,2.95E-08,0.00096866,0.034101378,-9.80682373,0.000861986,-0.000249491,2.95E-08,128.9837189,9.779098703,-1.711541219,1.484475562,0.005850659,0.906251644,1,0.3,0,0,applied,clear_constant_wind,1.225,0
2026-01-24T14:01:08.079130,-114.7264099,-143.2800751,-5.539124012,-0.004042447,-0.000391996,-2.115363226,-1.680301189,1.469725966,0.0088982,0.000742503,-0.000190023,2.86E-08,0.000967937,0.034123741,-9.806767464,0.000742503,-0.000190023,2.86E-08,128.8965759,9.779098703,-1.712010759,1.483839162,0.005834856,0.906226775,1,0.3,0,0,applied,clear_constant_wind,1.225,0
2026-01-24T14:01:08.188064,-114.8474426,-143.1742401,-5.538483143,-0.003993321,-0.000423507,-2.115363214,-1.680810452,1.469617248,0.008875683,0.000672485,-0.000167045,2.54E-08,0.000967124,0.034138165,-9.806819916,0.000666572,-0.0001599,2.59E-08,128.7962189,9.777742107,-1.712343677,1.48338768,0.005823632,0.906209141,1,0.3,0,0,applied,clear_constant_wind,1.225,0
2026-01-24T14:01:08.298020,-114.9684753,-143.0684052,-5.537842274,-0.003949262,-0.000450784,-2.1153631,-1.681301475,1.46947372,0.008855189,0.000603411,-0.000144655,2.27E-08,0.000966059,0.03415088,-9.806811333,0.000599527,-0.000125552,2.31E-08,129.2636719,9.775205327,-1.712678293,1.482933683,0.005812346,0.906191417,1,0.3,0,0,applied,clear_constant_wind,1.225,0
2026-01-24T14:01:08.406137,-115.0945511,-142.9581604,-5.537174702,-0.003908126,-0.000476102,-2.115363116,-1.681795597,1.469290257,0.008834294,0.000539493,-8.37E-05,2.35E-08,0.000965396,0.034162425,-9.806794167,0.000539493,-8.37E-05,2.35E-08,128.4766693,9.775205327,-1.713028669,1.482458071,0.005800525,0.906172858,1,0.3,0,0,applied,clear_constant_wind,1.225,0
2026-01-24T14:01:08.513835,-115.2408371,-142.8302765,-5.536406994,-0.003865734,-0.000499712,-2.115363015,-1.682348609,1.469039798,0.008812151,0.000467014,-5.98E-05,1.60E-08,0.00096378,0.034175243,-9.806759834,0.000467014,-5.98E-05,1.60E-08,128.6377563,9.775205327,-1.71343688,1.481903654,0.005787015,0.906151234,1,0.3,0,0,applied,clear_constant_wind,1.225,0
2026-01-24T14:01:08.623555,-115.3974075,-142.693573,-5.535593987,-0.003826287,-0.000522879,-2.115363041,-1.682918668,1.468733191,0.008789186,0.000407711,-5.28E-05,1.58E-09,0.000961076,0.034187265,-9.806743622,0.000407711,-5.28E-05,1.58E-09,128.6536102,9.773046175,-1.713873124,1.48131081,0.005772814,0.906128126,1,0.3,0,0,applied,clear_constant_wind,1.225,0
2026-01-24T14:01:08.732670,-115.5186234,-142.587738,-5.534964561,-0.003799531,-0.000542644,-2.115363092,-1.683345795,1.468472362,0.008770464,0.000378026,-2.60E-05,4.19E-09,0.000959877,0.034195662,-9.806777,0.000375452,-1.15E-05,4.97E-09,128.6060638,9.773046175,-1.71421286,1.480848864,0.005761751,0.906110129,1,0.3,0,0,applied,clear_constant_wind,1.225,0
2026-01-24T14:01:08.843922,-115.6398392,-142.4819031,-5.534335136,-0.003775501,-0.000559761,-2.115363031,-1.683763981,1.468191147,0.008752928,0.000342395,-6.88E-06,4.69E-09,0.000958232,0.034203272,-9.80676651,0.000339968,1.30E-05,5.47E-09,129.2874298,0.126563111,-1.714554354,1.480384303,0.005750627,0.906092038,1,0.3,0,0,applied,clear_constant_wind,1.225,0
2026-01-24T14:01:08.952290,-115.761055,-142.3760681,-5.533705711,-0.003753906,-0.000575154,-2.115362977,-1.684173584,1.467891812,0.008735992,0.000307456,1.47E-05,7.43E-09,0.000955888,0.03421006,-9.80676651,0.000307456,1.47E-05,7.43E-09,128.7222748,9.768713502,-1.71489762,1.479917105,0.005739441,0.906073854,1,0.3,0,0,applied,clear_constant_wind,1.225,0
2026-01-24T14:01:09.061082,-115.9277267,-142.230545,-5.532840252,-0.003727472,-0.000588453,-2.115362921,-1.684725046,1.467453122,0.008715263,0.000260685,4.70E-05,1.87E-08,0.000953828,0.034219094,-9.806711197,0.000260685,4.70E-05,1.87E-08,128.933548,9.768713502,-1.715372531,1.479270359,0.005723959,0.906048695,1,0.3,0,0,applied,clear_constant_wind,1.225,0
2026-01-24T14:01:09.171445,-116.0693283,-142.1073914,-5.532105923,-0.003708205,-0.000603668,-2.115362992,-1.685181975,1.467061639,0.008695316,0.000227754,4.46E-05,1.39E-08,0.000951109,0.034225889,-9.806735992,0.000227754,4.46E-05,1.39E-08,128.9995728,9.768713502,-1.715768785,1.478730398,0.005710726,0.906027702,1,0.3,0,0,applied,clear_constant_wind,1.225,0
2026-01-24T14:01:09.279602,-116.1856689,-142.0063171,-5.531502724,-0.003694433,-0.000617698,-2.115362952,-1.68555212,1.466727018,0.008679004,0.00021519,4.01E-05,2.78E-09,0.000948122,0.034230761,-9.806764603,0.00021519,4.01E-05,2.78E-09,128.5400543,9.767393974,-1.7160939,1.478287151,0.005699788,0.906010478,1,0.3,0,0,applied,clear_constant_wind,1.225,0
2026-01-24T14:01:09.390018,-116.3121262,-141.8964539,-5.530847073,-0.003680697,-0.000628771,-2.115362917,-1.685949683,1.466349483,0.008662563,0.000193833,0.000101571,9.20E-09,0.000947552,0.034235828,-9.806735039,0.000193833,0.000101571,9.20E-09,128.8147125,9.767393974,-1.716449143,1.477802593,0.005687833,0.905991657,1,0.3,0,0,applied,clear_constant_wind,1.225,0
2026-01-24T14:01:09.497210,-116.4436417,-141.782196,-5.530177593,-0.003667965,-0.000638026,-2.115362887,-1.686358809,1.465945005,0.008646167,0.000172675,0.000124661,7.07E-10,0.00094558,0.034240816,-9.806726456,0.000172675,0.000124661,7.07E-10,128.7909393,0.126028623,-1.716820664,1.477295567,0.005675865,0.905971973,1,0.3,0,0,applied,clear_constant_wind,1.225,0
2026-01-24T14:01:09.608108,-116.6156235,-141.632782,-5.52930212,-0.003653103,-0.000644583,-2.115362858,-1.686886549,1.465399504,0.008627486,0.000152741,0.000131071,3.11E-09,0.000941906,0.034246735,-9.806678772,0.000152741,0.000131071,3.11E-09,129.0682373,0.126028623,-1.717309714,1.47662774,0.005660105,0.905946062,1,0.3,0,0,applied,clear_constant_wind,1.225,0
2026-01-24T14:01:09.715255,-116.7319641,-141.5317078,-5.528709888,-0.003644744,-0.000655352,-2.115362831,-1.687237859,1.465023398,0.008611669,0.000143868,0.00010712,4.76E-09,0.000939121,0.03425039,-9.806740761,0.000141806,0.000122809,5.15E-09,128.629837,9.762248205,-1.717642625,1.476172863,0.005649372,0.905928423,1,0.3,0,0,applied,clear_constant_wind,1.225,0
2026-01-24T14:01:09.825134,-116.8636322,-141.41745,-5.528040409,-0.003635976,-0.00066258,-2.11536293,-1.687633157,1.464588642,0.008596246,0.000123216,0.000147534,5.20E-09,0.000937179,0.034254335,-9.806710243,0.000123216,0.000147534,5.20E-09,128.7486877,9.762248205,-1.718018663,1.475658801,0.005637182,0.905908499,1,0.3,0,0,applied,clear_constant_wind,1.225,0
2026-01-24T14:01:09.935390,-116.9902802,-141.3075867,-5.527396679,-0.003628653,-0.000670393,-2.115362909,-1.688010812,1.464162827,0.008581609,0.000115082,0.000148673,5.63E-09,0.000934454,0.03425777,-9.806716919,0.000115082,0.000148673,5.63E-09,129.033905,9.761021278,-1.718381613,1.47516237,0.005625392,0.905889268,1,0.3,0,0,applied,clear_constant_wind,1.225,0
2026-01-24T14:01:10.043274,-117.1321259,-141.1845398,-5.526675701,-0.003621213,-0.000676098,-2.115362891,-1.688431382,1.463677168,0.008566152,9.58E-05,0.00015371,-6.12E-10,0.000931669,0.034261711,-9.806694031,9.58E-05,0.00015371,-6.12E-10,128.7539673,9.761021278,-1.718790522,1.474602771,0.005612105,0.905867601,1,0.3,0,0,applied,clear_constant_wind,1.225,0
2026-01-24T14:01:10.155109,-117.2942352,-141.0439148,-5.525851727,-0.003613826,-0.000681248,-2.115362874,-1.688909411,1.463113189,0.008549111,8.52E-05,0.000136075,1.74E-09,0.000927465,0.034265772,-9.806670189,8.73E-05,0.000144531,2.52E-09,128.8754425,9.761021278,-1.719260988,1.473958527,0.005596811,0.905842671,1,0.3,0,0,applied,clear_constant_wind,1.225,0
2026-01-24T14:01:10.264332,-117.4056854,-140.9472351,-5.525285244,-0.003609613,-0.000688941,-2.115362858,-1.689234495,1.462723136,0.008535441,8.52E-05,3.50E-05,1.75E-09,0.000922744,0.0342681,-9.806749344,8.84E-05,8.44E-05,2.93E-09,128.7513275,9.758434388,-1.719586395,1.47351267,0.005586228,0.905825428,1,0.3,0,0,applied,clear_constant_wind,1.225,0
2026-01-24T14:01:10.375064,-117.5373993,-140.8329926,-5.524615765,-0.003604823,-0.000694867,-2.115362843,-1.689619303,1.462254286,0.008520454,7.85E-05,0.000170401,3.32E-09,0.000922943,0.03427089,-9.806707382,7.85E-05,0.000170401,3.32E-09,128.5479736,9.755969597,-1.71997272,1.472983077,0.005573648,0.905804956,1,0.3,0,0,applied,clear_constant_wind,1.225,0
2026-01-24T14:01:10.483284,-117.6641083,-140.7235107,-5.523972034,-0.003601019,-0.000701816,-2.115362828,-1.689988732,1.461797953,0.008506097,6.91E-05,0.000165797,9.19E-09,0.000920006,0.034273662,-9.806711197,6.91E-05,0.000165797,9.19E-09,129.1738739,9.755969597,-1.720337544,1.472482692,0.005561461,0.905785624,1,0.3,0,0,applied,clear_constant_wind,1.225,0
2026-01-24T14:01:10.594000,-117.8213882,-140.5877533,-5.52318573,-0.003596527,-0.000704621,-2.115362818,-1.690446496,1.461224556,0.008490057,5.61E-05,0.000159404,7.22E-09,0.000916393,0.034277044,-9.806674004,5.61E-05,0.000159404,7.22E-09,129.0233459,9.755969597,-1.720790287,1.471861356,0.005546796,0.905761631,1,0.3,0,0,applied,clear_constant_wind,1.225,0
2026-01-24T14:01:10.701747,-117.9685211,-140.4607544,-5.522452831,-0.003592972,-0.00070964,-2.115362807,-1.690873265,1.460683942,0.008473983,4.93E-05,0.000153293,-4.93E-09,0.000912948,0.034279857,-9.806682587,4.93E-05,0.000153293,-4.93E-09,129.0682373,0,-1.721216712,1.471275768,0.005533099,0.905739033,1,0.3,0,0,applied,clear_constant_wind,1.225,0
2026-01-24T14:01:10.811008,-118.0953598,-140.3512726,-5.521821022,-0.003590425,-0.000715752,-2.115362795,-1.691240788,1.46021378,0.008459931,5.38E-05,0.00017595,-1.02E-09,0.000910666,0.034282058,-9.80670166,5.22E-05,0.000181192,-1.02E-09,128.9467468,0,-1.721586587,1.47076755,0.005521214,0.905719431,1,0.3,0,0,applied,clear_constant_wind,1.225,0
2026-01-24T14:01:10.920020,-118.227272,-140.2374115,-5.52116394,-0.003587948,-0.000719651,-2.115362786,-1.691622853,1.459721208,0.008446274,5.16E-05,0.00019527,-2.52E-10,0.000908118,0.034284204,-9.806699753,5.16E-05,0.00019527,-2.52E-10,129.0312653,9.752151569,-1.721973503,1.47023563,0.005508776,0.905698926,1,0.3,0,0,applied,clear_constant_wind,1.225,0
2026-01-24T14:01:11.032065,-118.3591843,-140.1235504,-5.520506859,-0.003585743,-0.000724146,-2.115362777,-1.692005157,1.459225059,0.008432358,4.35E-05,0.000195809,5.12E-10,0.00090522,0.034286618,-9.806694984,4.35E-05,0.000195809,5.12E-10,128.5875854,9.74964246,-1.722362729,1.469700236,0.005496258,0.905678297,1,0.3,0,0,applied,clear_constant_wind,1.225,0
2026-01-24T14:01:11.139638,-118.5114059,-139.9921722,-5.519748688,-0.003583448,-0.000726353,-2.115362771,-1.692446232,1.458647966,0.008417539,3.78E-05,0.000177251,-5.39E-09,0.000901242,0.034289241,-9.806670189,3.78E-05,0.000177251,-5.39E-09,128.7090607,9.74964246,-1.722814492,1.469078446,0.005481717,0.905654354,1,0.3,0,0,applied,clear_constant_wind,1.225,0
2026-01-24T14:01:11.249677,-118.6740036,-139.8520355,-5.518939972,-0.003581282,-0.000729564,-2.115362763,-1.692916512,1.458028674,0.008401241,3.33E-05,0.000160855,-3.46E-09,0.000896871,0.03429196,-9.806666374,3.33E-05,0.000160855,-3.46E-09,129.4855042,9.74964246,-1.723296215,1.468414978,0.005466107,0.905628822,1,0.3,0,0,applied,clear_constant_wind,1.225,0
2026-01-24T14:01:11.359017,-118.7959518,-139.746933,-5.518333435,-0.003580169,-0.000736322,-2.115362752,-1.693267822,1.457562804,0.00838691,3.96E-05,0.000165658,1.22E-09,0.000894003,0.034293573,-9.806721687,3.96E-05,0.000165658,1.22E-09,128.566452,9.748375708,-1.723659856,1.467913838,0.005454318,0.905609548,1,0.3,0,0,applied,clear_constant_wind,1.225,0
2026-01-24T14:01:11.467148,-118.9128189,-139.6462708,-5.517752171,-0.003579309,-0.000742925,-2.115362741,-1.693606138,1.457111835,0.008373789,3.96E-05,0.00015639,4.33E-09,0.000890935,0.034295313,-9.806713104,3.96E-05,0.00015639,4.33E-09,128.7037811,9.745955588,-1.724008912,1.467432553,0.00544295,0.905591047,1,0.3,0,0,applied,clear_constant_wind,1.225,0
2026-01-24T14:01:11.576403,-119.0398483,-139.5371704,-5.517120361,-0.003578291,-0.000747274,-2.115362734,-1.693975568,1.456617594,0.008360696,3.43E-05,0.00020446,7.82E-09,0.000889814,0.034297448,-9.806685448,3.15E-05,0.000209747,7.43E-09,128.7381134,9.745955588,-1.724383504,1.466915791,0.005430502,0.905571192,1,0.3,0,0,applied,clear_constant_wind,1.225,0
2026-01-24T14:01:11.685106,-119.202446,-139.397522,-5.516311646,-0.003576763,-0.000745677,-2.115362734,-1.694449186,1.455982327,0.008346098,2.56E-05,0.000201952,-8.20E-10,0.000885956,0.034299977,-9.806658745,2.56E-05,0.000201952,-8.20E-10,128.8965759,9.745955588,-1.724866185,1.466249507,0.005414454,0.905545607,1,0.3,0,0,applied,clear_constant_wind,1.225,0
2026-01-24T14:01:11.793676,-119.3447189,-139.2753296,-5.515615463,-0.003575875,-0.000750012,-2.115362727,-1.694862127,1.455424786,0.008330259,2.25E-05,0.000178273,3.06E-09,0.000882068,0.034302033,-9.806684494,2.25E-05,0.000178273,3.06E-09,128.7037811,9.744247271,-1.725291508,1.465662014,0.005400842,0.905523062,1,0.3,0,0,applied,clear_constant_wind,1.225,0
2026-01-24T14:01:11.903689,-119.4718857,-139.1662292,-5.514995575,-0.003575375,-0.000755339,-2.115362719,-1.695232034,1.454924583,0.008316593,2.75E-05,0.000192329,5.39E-09,0.000879289,0.034303688,-9.806698799,2.75E-05,0.000192329,5.39E-09,129.4036407,9.744247271,-1.725671423,1.465136939,0.005388698,0.905502923,1,0.3,0,0,applied,clear_constant_wind,1.225,0
2026-01-24T14:01:12.011700,-119.5991058,-139.0571289,-5.514375687,-0.003574893,-0.000759652,-2.115362712,-1.695603013,1.45442152,0.008303471,2.82E-05,0.000208752,9.28E-09,0.000876811,0.034305416,-9.806696892,2.82E-05,0.000208752,9.28E-09,128.7566071,9.742192593,-1.726052724,1.464609659,0.005376482,0.90548271,1,0.3,0,0,applied,clear_constant_wind,1.225,0
2026-01-24T14:01:12.122623,-119.7314148,-138.9436646,-5.513731003,-0.003574395,-0.000762689,-2.115362707,-1.69598949,1.453895807,0.008290125,2.33E-05,0.000218437,-2.88E-09,0.000874115,0.034307379,-9.806684494,2.33E-05,0.000218437,-2.88E-09,129.1289825,9.739691047,-1.726451679,1.464057657,0.005363695,0.905461561,1,0.3,0,0,applied,clear_constant_wind,1.225,0
2026-01-24T14:01:12.230746,-119.8942566,-138.8040161,-5.512937546,-0.0035736,-0.000762169,-2.115362707,-1.696466565,1.453246117,0.008275512,2.10E-05,0.000194108,6.05E-10,0.00086955,0.034309726,-9.806651115,2.10E-05,0.000194108,6.05E-10,128.7909393,9.739691047,-1.726946096,1.463373132,0.005347841,0.905435351,1,0.3,0,0,applied,clear_constant_wind,1.225,0
2026-01-24T14:01:12.340732,-120.0469208,-138.6730957,-5.51219368,-0.00357307,-0.000765454,-2.115362701,-1.696913123,1.452636003,0.008259723,1.47E-05,0.000169906,1.74E-08,0.000865358,0.034311939,-9.806667328,1.47E-05,0.000169906,1.74E-08,128.5110016,9.739691047,-1.727413049,1.462726184,0.005332861,0.905410596,1,0.3,0,0,applied,clear_constant_wind,1.225,0
2026-01-24T14:01:12.449288,-120.1741409,-138.5639954,-5.511573792,-0.003572982,-0.000771531,-2.115362692,-1.69728601,1.452126265,0.008245723,2.44E-05,0.000190572,1.93E-08,0.000862799,0.034313351,-9.806703568,2.44E-05,0.000190572,1.93E-08,129.0999298,9.738471173,-1.727804744,1.462183167,0.005320289,0.90538983,1,0.3,0,0,applied,clear_constant_wind,1.225,0
2026-01-24T14:01:12.558289,-120.3065338,-138.4509125,-5.510929108,-0.0035728,-0.00077639,-2.115362685,-1.697675109,1.451592445,0.008231951,2.19E-05,0.000205794,1.58E-08,0.000860267,0.034315135,-9.806687355,2.19E-05,0.000205794,1.58E-08,128.6588898,9.738471173,-1.728204579,1.461628551,0.005307113,0.905368632,1,0.3,0,0,applied,clear_constant_wind,1.225,0
2026-01-24T14:01:12.667421,-120.4339447,-138.3421936,-5.510309219,-0.003572722,-0.000781018,-2.115362678,-1.69805181,1.451076269,0.008218671,2.30E-05,0.000210859,1.85E-08,0.000857325,0.034316812,-9.806694031,2.30E-05,0.000210859,1.85E-08,129.2002869,9.736105638,-1.728589264,1.461094647,0.005294369,0.905348237,1,0.3,0,0,applied,clear_constant_wind,1.225,0
2026-01-24T14:01:12.776353,-120.5868378,-138.211731,-5.509565353,-0.003572341,-0.000781335,-2.115362677,-1.698504448,1.450453639,0.008204144,1.52E-05,0.000205984,1.88E-08,0.000853739,0.034319114,-9.806665421,1.52E-05,0.000205984,1.88E-08,129.1421814,9.736105638,-1.729053967,1.460449291,0.005278968,0.905323599,1,0.3,0,0,applied,clear_constant_wind,1.225,0
2026-01-24T14:01:12.888173,-120.7397308,-138.0812683,-5.508821487,-0.003572072,-0.0007836,-2.115362674,-1.698957324,1.449829817,0.008188353,1.39E-05,0.000185373,1.72E-08,0.000849496,0.034321159,-9.806665421,1.39E-05,0.000185373,1.72E-08,128.1967316,9.733555946,-1.729522063,1.459798785,0.005263446,0.90529878,1,0.3,0,0,applied,clear_constant_wind,1.225,0
2026-01-24T14:01:12.996309,-120.8620453,-137.9768982,-5.508234501,-0.003572134,-0.000789076,-2.115362666,-1.699319243,1.449329853,0.008174476,2.35E-05,0.000192757,1.68E-08,0.000846502,0.034322429,-9.806713104,2.35E-05,0.000192757,1.68E-08,128.8675232,9.733555946,-1.729899008,1.459274628,0.005251335,0.905278794,1,0.3,0,0,applied,clear_constant_wind,1.225,0
2026-01-24T14:01:13.107293,-120.9843597,-137.8725281,-5.507650852,-0.003572218,-0.000793724,-2.115362659,-1.699683666,1.44882679,0.008161382,2.18E-05,0.000206612,8.96E-09,0.000844051,0.034324061,-9.806697845,2.18E-05,0.000206612,8.96E-09,128.6536102,9.732385163,-1.730278168,1.458747103,0.00523931,0.90525869,1,0.3,0,0,applied,clear_constant_wind,1.225,0
2026-01-24T14:01:13.217464,-121.1168823,-137.7594604,-5.507018566,-0.003572191,-0.000796456,-2.115362655,-1.700079322,1.448279381,0.008148332,1.70E-05,0.000231114,1.36E-08,0.000841873,0.034325898,-9.806679726,1.70E-05,0.000231114,1.36E-08,128.84375,9.732385163,-1.730691193,1.458172132,0.005226199,0.90523679,1,0.3,0,0,applied,clear_constant_wind,1.225,0
2026-01-24T14:01:13.337350,-121.2802124,-137.6203003,-5.506240368,-0.003571913,-0.000795684,-2.115362656,-1.70056808,1.447603464,0.008133832,1.53E-05,0.000204304,1.32E-08,0.000837187,0.034328118,-9.806650162,1.53E-05,0.000204304,1.32E-08,129.1976471,9.732385163,-1.73119941,1.457464172,0.005209958,0.905209841,1,0.3,0,0,applied,clear_constant_wind,1.225,0
2026-01-24T14:01:13.450571,-121.4384384,-137.4855347,-5.505486488,-0.003571763,-0.000798442,-2.115362652,-1.70104146,1.446948051,0.008117788,1.04E-05,0.000176622,8.08E-09,0.000832544,0.034330323,-9.80665493,1.18E-05,0.000179619,7.29E-09,128.8648834,9.729926919,-1.731694522,1.456773966,0.005194091,0.905183587,1,0.3,0,0,applied,clear_constant_wind,1.225,0
2026-01-24T14:01:13.559885,-121.560936,-137.3815308,-5.50490284,-0.003571979,-0.000804234,-2.115362644,-1.701407552,1.446440101,0.008104153,2.24E-05,0.000165886,7.26E-09,0.000828967,0.034331508,-9.806725502,2.24E-05,0.000165886,7.26E-09,128.9652405,9.727568103,-1.732072719,1.456246412,0.005181698,0.905163532,1,0.3,0,0,applied,clear_constant_wind,1.225,0
2026-01-24T14:01:13.668240,-121.6783295,-137.2818604,-5.50434351,-0.003572228,-0.000810433,-2.115362635,-1.70176065,1.445950031,0.008090745,2.56E-05,0.000175805,7.62E-09,0.000827295,0.034332968,-9.80670166,2.45E-05,0.000200963,8.01E-09,128.5532532,9.727568103,-1.732437281,1.455737604,0.005169747,0.905144199,1,0.3,0,0,applied,clear_constant_wind,1.225,0
2026-01-24T14:01:13.776489,-121.800827,-137.1778564,-5.503759861,-0.003572261,-0.000813996,-2.11536263,-1.702130795,1.445435762,0.008078204,2.47E-05,0.000201647,7.20E-09,0.000824392,0.034334473,-9.806700706,2.47E-05,0.000201647,7.20E-09,128.5162811,9.726394788,-1.732819928,1.455203265,0.005157198,0.905123907,1,0.3,0,0,applied,clear_constant_wind,1.225,0
2026-01-24T14:01:13.887259,-121.9743958,-137.0305176,-5.502933025,-0.003572013,-0.000811906,-2.115362633,-1.7026577,1.444703221,0.008062995,1.88E-05,0.00023058,1.38E-08,0.000821283,0.034336925,-9.80663681,1.88E-05,0.00023058,1.38E-08,128.8411102,9.726394788,-1.733365442,1.45444098,0.005139284,0.905094977,1,0.3,0,0,applied,clear_constant_wind,1.225,0
2026-01-24T14:01:13.995409,-122.1072998,-136.9178467,-5.502300739,-0.003572071,-0.000816935,-2.115362626,-1.703059196,1.44414413,0.008047362,1.84E-05,0.00021633,1.34E-08,0.000817999,0.03433853,-9.806697845,1.84E-05,0.00021633,1.34E-08,128.8411102,9.726394788,-1.733782787,1.453857388,0.00512549,0.905072844,1,0.3,0,0,applied,clear_constant_wind,1.225,0
2026-01-24T14:01:14.103767,-122.204422,-136.8355103,-5.501838684,-0.003572588,-0.00082438,-2.115362615,-1.70335412,1.443734169,0.008035637,1.21E-05,-1.55E-05,4.74E-09,0.00080776,0.034340061,-9.806753159,1.21E-05,-1.55E-05,4.74E-09,129.0154114,9.723912993,-1.734089504,1.453428266,0.005115349,0.905056577,1,0.3,0,0,applied,clear_constant_wind,1.225,0
2026-01-24T14:01:14.212728,-122.3271027,-136.7315063,-5.501259804,-0.003572568,-0.000828342,-2.11536261,-1.70372963,1.443212152,0.008022612,2.46E-05,0.000206495,1.37E-08,0.000812626,0.034341287,-9.80668354,2.35E-05,0.000226988,1.49E-08,128.8596039,9.721574224,-1.734479048,1.452882985,0.005102704,0.905035917,1,0.3,0,0,applied,clear_constant_wind,1.225,0
2026-01-24T14:01:14.320733,-122.4957886,-136.588501,-5.500473022,-0.003572066,-0.000824144,-2.115362615,-1.704246163,1.442491651,0.008008244,1.50E-05,0.000234444,9.77E-09,0.000809123,0.034343656,-9.806646347,1.50E-05,0.000234444,9.77E-09,128.9150543,9.721574224,-1.735018556,1.452127271,0.005085648,0.905007303,1,0.3,0,0,applied,clear_constant_wind,1.225,0
2026-01-24T14:01:14.431103,-122.6440277,-136.4628754,-5.499781609,-0.003572141,-0.000828059,-2.11536261,-1.704699278,1.441858888,0.007991865,1.02E-05,0.000187353,1.32E-08,0.000804344,0.034345645,-9.806675911,1.02E-05,0.000187353,1.32E-08,128.6668091,9.721574224,-1.735495325,1.451458945,0.00507053,0.904982016,1,0.3,0,0,applied,clear_constant_wind,1.225,0
2026-01-24T14:01:14.539570,-122.7667084,-136.3592377,-5.499209404,-0.003572493,-0.00083498,-2.1153626,-1.705075264,1.441333294,0.007977989,2.18E-05,0.000191478,9.30E-09,0.000801576,0.034346905,-9.806703568,2.06E-05,0.000205939,9.30E-09,128.6958618,9.720279803,-1.735884662,1.450912837,0.005057908,0.904961365,1,0.3,0,0,applied,clear_constant_wind,1.225,0
2026-01-24T14:01:14.649554,-122.8997803,-136.2469635,-5.498589516,-0.003572602,-0.000838254,-2.115362596,-1.705484867,1.440761089,0.007964392,1.78E-05,0.000231308,-2.08E-09,0.000799282,0.034348611,-9.80669117,1.78E-05,0.000231308,-2.08E-09,128.619278,9.718027571,-1.736306264,1.450321122,0.005044154,0.904939003,1,0.3,0,0,applied,clear_constant_wind,1.225,0
2026-01-24T14:01:14.756432,-123.0277634,-136.1390076,-5.497993469,-0.003572802,-0.000842542,-2.11536259,-1.705879688,1.440208912,0.007950724,1.60E-05,0.000229679,-9.54E-09,0.000796159,0.034350269,-9.806695938,1.60E-05,0.000229679,-9.54E-09,128.8754425,9.718027571,-1.736713813,1.449748783,0.005030839,0.904917385,1,0.3,0,0,applied,clear_constant_wind,1.225,0
2026-01-24T14:01:14.864426,-123.1915817,-136.000824,-5.49723053,-0.003572654,-0.000841462,-2.115362591,-1.706387043,1.439498663,0.007935606,1.29E-05,0.000218371,-6.06E-09,0.000791957,0.03435247,-9.806651115,1.29E-05,0.000218371,-6.06E-09,128.6773834,9.718027571,-1.737239332,1.449010271,0.005013662,0.904889509,1,0.3,0,0,applied,clear_constant_wind,1.225,0
2026-01-24T14:01:14.973115,-123.3246841,-135.8885498,-5.496610641,-0.003572797,-0.000846888,-2.115362583,-1.70679915,1.43892169,0.007920114,1.65E-05,0.000218043,-1.08E-08,0.000788856,0.034353971,-9.806695938,1.65E-05,0.000218043,-1.08E-08,129.2451782,9.716775618,-1.737669539,1.44840528,0.004999593,0.904866689,1,0.3,0,0,applied,clear_constant_wind,1.225,0
2026-01-24T14:01:15.084227,-123.4526672,-135.7805939,-5.496014595,-0.003573041,-0.000851938,-2.115362577,-1.707196951,1.438364148,0.007905973,1.90E-05,0.00022403,-1.59E-08,0.000785778,0.034355506,-9.806698799,1.90E-05,0.00022403,-1.59E-08,128.9361877,9.716775618,-1.738085953,1.447819322,0.004985969,0.904844599,1,0.3,0,0,applied,clear_constant_wind,1.225,0
2026-01-24T14:01:15.192761,-123.575531,-135.6769562,-5.49544239,-0.003573261,-0.000856997,-2.11536257,-1.707580566,1.437826276,0.007892296,1.93E-05,0.000219438,-1.67E-08,0.000782534,0.03435706,-9.806707382,1.93E-05,0.000219438,-1.67E-08,128.7592468,9.714461079,-1.738488274,1.447252855,0.004972801,0.904823257,1,0.3,0,0,applied,clear_constant_wind,1.225,0
2026-01-24T14:01:15.299606,-123.713913,-135.5603638,-5.49479866,-0.003573294,-0.000859328,-2.115362566,-1.708013535,1.437217832,0.007877885,1.55E-05,0.000242939,-1.72E-08,0.000780206,0.034358874,-9.806679726,1.55E-05,0.000242939,-1.72E-08,128.7249146,9.712019826,-1.738941113,1.446614861,0.004957894,0.904799234,1,0.3,0,0,applied,clear_constant_wind,1.225,0
2026-01-24T14:01:15.419836,-123.8779755,-135.4224091,-5.494043827,-0.003573324,-0.000860132,-2.115362565,-1.708528757,1.436493635,0.007861846,1.29E-05,0.00020799,-1.72E-08,0.000775024,0.034361057,-9.806650162,1.29E-05,0.00020799,-1.72E-08,128.5823059,9.712019826,-1.739475366,1.44586162,0.004940496,0.904770891,1,0.3,0,0,applied,clear_constant_wind,1.225,0
2026-01-24T14:01:15.532810,-124.0266571,-135.2976227,-5.493366241,-0.003573254,-0.000862508,-2.115362562,-1.708995104,1.435838103,0.007845629,1.15E-05,0.00021976,-1.10E-08,0.000772022,0.034362875,-9.806681633,1.15E-05,0.00021976,-1.10E-08,128.9652405,9.712019826,-1.739957599,1.445181213,0.004924921,0.904745307,1,0.3,0,0,applied,clear_constant_wind,1.225,0
2026-01-24T14:01:15.640782,-124.144577,-135.1986542,-5.492828846,-0.003573709,-0.000869689,-2.115362552,-1.709365845,1.435317159,0.007831622,1.95E-05,0.000180219,-1.02E-08,0.000767435,0.034364142,-9.806722641,1.95E-05,0.000180219,-1.02E-08,128.7117157,9.710867338,-1.740342706,1.444637502,0.004912478,0.904724875,1,0.3,0,0,applied,clear_constant_wind,1.225,0
2026-01-24T14:01:15.753300,-124.2727509,-135.0910797,-5.49224472,-0.003573842,-0.000874037,-2.115362546,-1.709771395,1.434746981,0.007817755,2.08E-05,0.000237352,-5.17E-09,0.000766316,0.034365676,-9.806692123,2.08E-05,0.000237352,-5.17E-09,128.9995728,9.710867338,-1.740763981,1.444042374,0.00489886,0.904702525,1,0.3,0,0,applied,clear_constant_wind,1.225,0
2026-01-24T14:01:15.873815,-124.4163055,-134.9705963,-5.4915905,-0.003573829,-0.000875709,-2.115362544,-1.710227132,1.434105158,0.007803324,1.27E-05,0.000239003,-4.81E-09,0.00076313,0.034367699,-9.806672096,1.27E-05,0.000239003,-4.81E-09,128.6668091,9.708618487,-1.741239158,1.443370657,0.004883492,0.904677313,1,0.3,0,0,applied,clear_constant_wind,1.225,0
2026-01-24T14:01:15.985480,-124.5857468,-134.828598,-5.490819454,-0.003573668,-0.000875061,-2.115362544,-1.710764408,1.433346868,0.00778705,1.37E-05,0.000220088,5.33E-09,0.000758249,0.034369826,-9.80665493,1.37E-05,0.000220088,5.33E-09,128.3050079,9.708618487,-1.741799292,1.442578241,0.004865243,0.904647593,1,0.3,0,0,applied,clear_constant_wind,1.225,0
2026-01-24T14:01:16.092779,-124.7192459,-134.7167206,-5.490211964,-0.003573931,-0.000881559,-2.115362536,-1.711188078,1.432749033,0.007770514,1.61E-05,0.000217181,-1.76E-09,0.000755113,0.034371324,-9.806702614,1.61E-05,0.000217181,-1.76E-09,128.4898682,9.706225975,-1.74224413,1.441948468,0.004850742,0.90462399,1,0.3,0,0,applied,clear_constant_wind,1.225,0
2026-01-24T14:01:16.200790,-124.8527451,-134.6048431,-5.489604473,-0.003574234,-0.000886955,-2.115362528,-1.711614251,1.43214798,0.007755503,1.39E-05,0.000227961,-5.70E-09,0.000752113,0.034373064,-9.806694984,1.39E-05,0.000227961,-5.70E-09,128.693222,9.706225975,-1.742692105,1.441313837,0.004836133,0.90460022,1,0.3,0,0,applied,clear_constant_wind,1.225,0
2026-01-24T14:01:16.309578,-124.975975,-134.5016785,-5.489043713,-0.003574539,-0.000893202,-2.11536252,-1.712009192,1.431590438,0.007741382,2.06E-05,0.000216814,-1.67E-08,0.000748523,0.03437439,-9.806710243,2.06E-05,0.000216814,-1.67E-08,128.629837,9.705129201,-1.743105709,1.440727526,0.004822543,0.904578273,1,0.3,0,0,applied,clear_constant_wind,1.225,0
2026-01-24T14:01:16.417228,-125.1094742,-134.3901978,-5.488436222,-0.003574684,-0.000897019,-2.115362515,-1.712438703,1.430982709,0.007726866,1.48E-05,0.000246998,-1.40E-08,0.000746404,0.0343762,-9.806690216,1.48E-05,0.000246998,-1.40E-08,128.65625,9.705129201,-1.743549646,1.440097819,0.004807696,0.904554716,1,0.3,0,0,applied,clear_constant_wind,1.225,0
2026-01-24T14:01:16.526340,-125.2841644,-134.2444153,-5.487641811,-0.003574554,-0.000895942,-2.115362516,-1.713003755,1.430184603,0.0077102,1.93E-05,0.000245897,-3.46E-09,0.000741856,0.034378313,-9.806641579,1.93E-05,0.000245897,-3.46E-09,128.4159241,9.705129201,-1.744132885,1.439269892,0.00478812,0.904523766,1,0.3,0,0,applied,clear_constant_wind,1.225,0
2026-01-24T14:01:16.635193,-125.4127197,-134.1372223,-5.487067699,-0.003574672,-0.000902148,-2.115362507,-1.713418365,1.429598212,0.007693511,2.03E-05,0.000236707,-7.43E-09,0.000738622,0.034379926,-9.806708336,1.71E-05,0.000235634,-7.43E-09,128.6588898,9.684784329,-1.744563285,1.438658465,0.004774159,0.904500926,1,0.3,0,0,applied,clear_constant_wind,1.225,0
2026-01-24T14:01:16.745579,-125.541275,-134.0300293,-5.486495495,-0.003574882,-0.000906439,-2.115362502,-1.713834047,1.429009199,0.007679039,2.05E-05,0.000233932,-1.20E-09,0.000735244,0.034381375,-9.806707382,2.05E-05,0.000233932,-1.20E-09,128.9573212,9.665426487,-1.744996662,1.438042417,0.004760201,0.904477927,1,0.3,0,0,applied,clear_constant_wind,1.225,0
2026-01-24T14:01:16.855299,-125.6749725,-133.9185486,-5.485900402,-0.00357497,-0.000910246,-2.115362496,-1.714268804,1.428393602,0.007664337,1.68E-05,0.000249811,-1.23E-09,0.000732685,0.034383114,-9.806690216,1.68E-05,0.000249811,-1.23E-09,128.6166382,9.665426487,-1.745450563,1.437396769,0.004745574,0.904453838,1,0.3,0,0,applied,clear_constant_wind,1.225,0
2026-01-24T14:01:16.963009,-125.80867,-133.8070679,-5.485305309,-0.003575117,-0.000914258,-2.115362491,-1.714704394,1.427776098,0.007649719,1.48E-05,0.000247048,3.43E-09,0.000729333,0.034384813,-9.806694031,1.48E-05,0.000247048,3.43E-09,128.8463898,9.661063264,-1.745907752,1.436746007,0.004730835,0.904429575,1,0.3,0,0,applied,clear_constant_wind,1.225,0
2026-01-24T14:01:17.073730,-125.9835052,-133.6612854,-5.484527111,-0.003575001,-0.000913791,-2.115362492,-1.715277195,1.426964283,0.007632988,1.92E-05,0.000244012,-3.65E-09,0.000724689,0.034386929,-9.806641579,1.92E-05,0.000244012,-3.65E-09,128.9652405,9.661063264,-1.746510634,1.435887191,0.004711387,0.904397578,1,0.3,0,0,applied,clear_constant_wind,1.225,0
2026-01-24T14:01:17.183615,-126.1173859,-133.5500031,-5.483932018,-0.003575147,-0.00092057,-2.115362482,-1.715714574,1.426343441,0.007616011,1.70E-05,0.000227466,-1.36E-09,0.000721274,0.034388527,-9.806707382,1.70E-05,0.000227466,-1.36E-09,128.8596039,9.651045335,-1.746966952,1.43523665,0.004696386,0.904373359,1,0.3,0,0,applied,clear_constant_wind,1.225,0
2026-01-24T14:01:17.293199,-126.2512817,-133.4389191,-5.483336926,-0.003575364,-0.000926384,-2.115362474,-1.716154337,1.425718665,0.007600454,1.64E-05,0.000233604,5.26E-09,0.000717974,0.034390315,-9.80669117,1.41E-05,0.00023192,5.26E-09,128.7566071,9.651045335,-1.747421099,1.434588766,0.004681256,0.904349255,1,0.3,0,0,applied,clear_constant_wind,1.225,0
2026-01-24T14:01:17.401877,-126.3800278,-133.3321075,-5.482764721,-0.003575496,-0.00093081,-2.115362468,-1.716578722,1.425116181,0.007585829,2.08E-05,0.00023555,1.19E-08,0.000714708,0.034391679,-9.806711197,2.08E-05,0.00023555,1.19E-08,128.7433929,9.638311644,-1.747860934,1.433960885,0.004666596,0.904325909,1,0.3,0,0,applied,clear_constant_wind,1.225,0
2026-01-24T14:01:17.510782,-126.5139236,-133.2210236,-5.482169628,-0.003575591,-0.000934611,-2.115362463,-1.717021704,1.424486279,0.007570396,1.48E-05,0.000258012,4.41E-09,0.000712341,0.034393467,-9.806694984,1.48E-05,0.000258012,4.41E-09,128.8728027,9.638311644,-1.748321678,1.433302714,0.004651232,0.904301454,1,0.3,0,0,applied,clear_constant_wind,1.225,0
2026-01-24T14:01:17.619892,-126.6838684,-133.0800323,-5.481414318,-0.003575404,-0.00093345,-2.115362465,-1.717585921,1.423683405,0.007553224,1.49E-05,0.000236184,9.07E-09,0.000707407,0.034395617,-9.806657791,1.49E-05,0.000236184,9.07E-09,129.1025696,9.638311644,-1.748911395,1.432459649,0.004631556,0.904270151,1,0.3,0,0,applied,clear_constant_wind,1.225,0
2026-01-24T14:01:17.728245,-126.8230057,-132.9646759,-5.480806351,-0.003575532,-0.000939595,-2.115362456,-1.718047142,1.423026443,0.007535124,1.31E-05,0.000222045,5.50E-09,0.000703425,0.034397431,-9.806694984,1.11E-05,0.00021236,7.46E-09,128.6720886,9.623017945,-1.749396324,1.431765833,0.004615889,0.90424441,1,0.3,0,0,applied,clear_constant_wind,1.225,0
2026-01-24T14:01:17.835525,-126.9519424,-132.8578644,-5.480246067,-0.003575782,-0.000945522,-2.115362448,-1.718475699,1.422415614,0.007519925,1.77E-05,0.000223402,1.68E-08,0.000700266,0.034398746,-9.806716919,1.77E-05,0.000223402,1.68E-08,128.9150543,9.604448693,-1.749846702,1.431121003,0.004601429,0.904220502,1,0.3,0,0,applied,clear_constant_wind,1.225,0
2026-01-24T14:01:17.946446,-127.0860367,-132.7467804,-5.479663372,-0.003575913,-0.000950714,-2.115362441,-1.718923569,1.421776295,0.007504453,1.57E-05,0.000247698,1.72E-08,0.000697958,0.034400392,-9.806695938,1.57E-05,0.000247698,1.72E-08,128.8358307,9.604448693,-1.750318549,1.430444971,0.004586271,0.904195454,1,0.3,0,0,applied,clear_constant_wind,1.225,0
2026-01-24T14:01:18.056575,-127.2149734,-132.6402283,-5.479103088,-0.003576172,-0.000956649,-2.115362433,-1.719356656,1.421158552,0.007489556,1.78E-05,0.00024374,8.92E-09,0.000694541,0.034401912,-9.806704521,1.78E-05,0.00024374,8.92E-09,129.1131287,9.595168205,-1.750768572,1.429799764,0.004571566,0.904171564,1,0.3,0,0,applied,clear_constant_wind,1.225,0
2026-01-24T14:01:18.163825,-127.38517,-132.4997406,-5.478363514,-0.003575986,-0.000955782,-2.115362434,-1.719930887,1.420338631,0.007472788,1.38E-05,0.000238764,1.05E-09,0.000690178,0.034404155,-9.806650162,1.38E-05,0.000238764,1.05E-09,128.8939362,9.595168205,-1.751363235,1.42894652,0.00455197,0.904139994,1,0.3,0,0,applied,clear_constant_wind,1.225,0
2026-01-24T14:01:18.274531,-127.5295944,-132.3805389,-5.477735996,-0.003576044,-0.000961075,-2.115362427,-1.720417857,1.41964221,0.007454764,9.74E-06,0.00022184,1.79E-09,0.000686367,0.034405954,-9.806692123,9.74E-06,0.00022184,1.79E-09,128.9282684,9.595168205,-1.751872012,1.428215907,0.004535186,0.904112983,1,0.3,0,0,applied,clear_constant_wind,1.225,0
2026-01-24T14:01:18.382377,-127.6587219,-132.2741089,-5.477175713,-0.003576293,-0.000967861,-2.115362418,-1.720854282,1.419017911,0.007438739,1.83E-05,0.000236117,7.63E-09,0.000683305,0.034407254,-9.806715012,1.83E-05,0.000236117,7.63E-09,128.8780823,9.566262877,-1.752326432,1.427562882,0.004520091,0.904088858,1,0.3,0,0,applied,clear_constant_wind,1.225,0
2026-01-24T14:01:18.491751,-127.7878494,-132.1676788,-5.476615429,-0.003576438,-0.000973369,-2.115362411,-1.721293092,1.418389797,0.007423071,1.82E-05,0.000252107,1.39E-08,0.000680579,0.034408826,-9.806710243,1.82E-05,0.000252107,1.39E-08,128.6403961,9.534363063,-1.752784207,1.426904589,0.004504877,0.904064553,1,0.3,0,0,applied,clear_constant_wind,1.225,0
2026-01-24T14:01:18.600956,-127.9169769,-132.0612488,-5.476055145,-0.003576608,-0.000978219,-2.115362284,-1.721733332,1.417758703,0.00740761,1.65E-05,0.000260291,2.47E-09,0.00067774,0.03441051,-9.806699753,1.46E-05,0.000264773,3.25E-09,128.4027252,9.534363063,-1.753245373,1.426240962,0.004489543,0.904040068,1,0.3,0,0,applied,clear_constant_wind,1.225,0
2026-01-24T14:01:18.708634,-128.0875549,-131.9207611,-5.475316525,-0.003576344,-0.00097561,-2.115362287,-1.722316504,1.416923523,0.0073904,1.58E-05,0.000252057,1.07E-08,0.000673204,0.034412533,-9.806656837,1.58E-05,0.000252057,1.07E-08,128.5902252,9.534363063,-1.753856868,1.425360303,0.004469183,0.9040076,1,0.3,0,0,applied,clear_constant_wind,1.225,0
2026-01-24T14:01:18.818431,-128.2323914,-131.8017273,-5.474702358,-0.003576444,-0.000981901,-2.115362278,-1.722811103,1.416213989,0.007371469,1.12E-05,0.000216519,5.13E-09,0.000668772,0.034414347,-9.806697845,1.12E-05,0.000216519,5.13E-09,129.1501007,9.51826202,-1.754373757,1.424615261,0.004452487,0.903980154,1,0.3,0,0,applied,clear_constant_wind,1.225,0
2026-01-24T14:01:18.928534,-128.3668823,-131.6914368,-5.474132061,-0.003576676,-0.000988641,-2.115362269,-1.723272324,1.415551662,0.007354962,1.55E-05,0.000240999,1.17E-08,0.000665963,0.034415815,-9.806708336,1.55E-05,0.000240999,1.17E-08,128.7882996,9.51826202,-1.754850871,1.423927038,0.004436834,0.90395482,1,0.3,0,0,applied,clear_constant_wind,1.225,0
2026-01-24T14:01:19.037364,-128.4962006,-131.5853882,-5.473583698,-0.003576806,-0.000994692,-2.115362261,-1.723717809,1.41491127,0.007339282,1.79E-05,0.000252441,7.80E-09,0.00066298,0.034417294,-9.806711197,1.79E-05,0.000252441,7.80E-09,128.5717316,9.488967317,-1.755313165,1.423259724,0.004421659,0.903930272,1,0.3,0,0,applied,clear_constant_wind,1.225,0
2026-01-24T14:01:19.145673,-128.6255188,-131.4793396,-5.473035336,-0.003576947,-0.000999654,-2.115362255,-1.724165559,1.414267778,0.007323887,1.71E-05,0.000264917,1.05E-08,0.000660118,0.034418859,-9.806707382,1.71E-05,0.000264917,1.05E-08,128.6668091,9.457792092,-1.755778959,1.422586889,0.004406362,0.903905537,1,0.3,0,0,applied,clear_constant_wind,1.225,0
2026-01-24T14:01:19.253924,-128.7910461,-131.3435974,-5.472333431,-0.003576775,-0.000998653,-2.115362256,-1.724740148,1.413440347,0.007306709,1.38E-05,0.000249122,1.56E-08,0.000655604,0.034420945,-9.806657791,1.38E-05,0.000249122,1.56E-08,128.6351166,9.457792092,-1.756380345,1.421717495,0.004386601,0.903873601,1,0.3,0,0,applied,clear_constant_wind,1.225,0
2026-01-24T14:01:19.363015,-128.946228,-131.2163391,-5.471675396,-0.0035768,-0.001002687,-2.11536225,-1.72527945,1.412663937,0.007287445,9.01E-06,0.000215474,1.32E-08,0.000650861,0.034422945,-9.806680679,9.01E-06,0.000215474,1.32E-08,128.7407532,9.457792092,-1.756949486,1.420893991,0.004367887,0.903843377,1,0.3,0,0,applied,clear_constant_wind,1.225,0
2026-01-24T14:01:19.484060,-129.0703735,-131.1145325,-5.471148968,-0.003577076,-0.001011062,-2.115362239,-1.725711584,1.412041306,0.007270777,2.01E-05,0.000221095,1.86E-08,0.000648088,0.034424152,-9.806726456,1.95E-05,0.000239275,1.98E-08,129.0523834,9.439926601,-1.75740857,1.420229217,0.004352784,0.903818996,1,0.3,0,0,applied,clear_constant_wind,1.225,0
2026-01-24T14:01:19.597535,-129.2307281,-130.983139,-5.470468998,-0.003577012,-0.001013282,-2.115362236,-1.726273775,1.411230922,0.007252775,9.19E-06,0.000230419,1.39E-08,0.000644149,0.034426317,-9.806667328,9.19E-06,0.000230419,1.39E-08,128.8780823,9.439926601,-1.758003509,1.419367035,0.004333092,0.903787399,1,0.3,0,0,applied,clear_constant_wind,1.225,0
2026-01-24T14:01:19.705433,-129.3600464,-130.8774719,-5.469920635,-0.003577224,-0.001021362,-2.115362226,-1.726727605,1.410576224,0.007235488,2.21E-05,0.000239181,5.21E-09,0.000640958,0.03442743,-9.806732178,2.21E-05,0.000239181,5.21E-09,128.7935791,9.402287461,-1.758478935,1.418677496,0.004317047,0.903762149,1,0.3,0,0,applied,clear_constant_wind,1.225,0
2026-01-24T14:01:19.815446,-129.4949188,-130.7675781,-5.469359875,-0.003577357,-0.00102767,-2.115362217,-1.727202773,1.409889936,0.007218339,1.41E-05,0.000257306,3.61E-09,0.000638282,0.034429245,-9.80670929,1.41E-05,0.000257306,3.61E-09,128.97052,9.366848207,-1.758969682,1.417965215,0.004300844,0.903736085,1,0.3,0,0,applied,clear_constant_wind,1.225,0
2026-01-24T14:01:19.926457,-129.6713104,-130.6238708,-5.468630314,-0.003577266,-0.001028038,-2.115362217,-1.727827549,1.408987045,0.007199755,1.87E-05,0.000264939,1.21E-09,0.000633788,0.034431264,-9.806645393,1.87E-05,0.000264939,1.21E-09,128.5136414,9.366848207,-1.759617057,1.417024793,0.004279678,0.9037017,1,0.3,0,0,applied,clear_constant_wind,1.225,0
2026-01-24T14:01:20.035625,-129.8113861,-130.5097504,-5.468050957,-0.003577297,-0.001034272,-2.115362208,-1.72832346,1.408269882,0.0071809,1.29E-05,0.000248699,-4.71E-09,0.000630238,0.034433,-9.806708336,1.29E-05,0.000248699,-4.71E-09,128.3842316,9.366848207,-1.760136079,1.41627016,0.004262698,0.903674132,1,0.3,0,0,applied,clear_constant_wind,1.225,0
2026-01-24T14:01:20.144020,-129.9358978,-130.4083099,-5.467535973,-0.003577593,-0.001042284,-2.115362198,-1.728766203,1.407629371,0.007164542,1.63E-05,0.000237424,-2.39E-09,0.000626328,0.034434371,-9.806729317,1.63E-05,0.000237424,-2.39E-09,128.8780823,9.347636063,-1.760601144,1.415593474,0.004247475,0.903649429,1,0.3,0,0,applied,clear_constant_wind,1.225,0
2026-01-24T14:01:20.253023,-130.0604095,-130.3068695,-5.467020988,-0.003577732,-0.001048887,-2.115362189,-1.729210973,1.406984568,0.007148559,2.07E-05,0.00025506,-7.92E-11,0.000623696,0.034435708,-9.806722641,2.07E-05,0.00025506,-7.92E-11,128.7354736,9.309427461,-1.761069745,1.414911161,0.004232128,0.903624537,1,0.3,0,0,applied,clear_constant_wind,1.225,0
2026-01-24T14:01:20.360102,-130.2004852,-130.1927795,-5.466441631,-0.003577698,-0.001052187,-2.115362185,-1.729714632,1.406255126,0.007132003,1.40E-05,0.000283576,-1.68E-09,0.000621395,0.034437541,-9.806693077,1.40E-05,0.000283576,-1.68E-09,128.8543243,9.309427461,-1.761600295,1.414138063,0.004214712,0.903596354,1,0.3,0,0,applied,clear_constant_wind,1.225,0
2026-01-24T14:01:20.471989,-130.3768768,-130.0495911,-5.46571207,-0.003577554,-0.001052502,-2.115362184,-1.730350971,1.405332327,0.007112974,1.82E-05,0.000269821,4.93E-09,0.000616151,0.034439567,-9.806648254,1.82E-05,0.000269821,4.93E-09,128.8965759,9.309427461,-1.762260619,1.413174994,0.004192522,0.903561277,1,0.3,0,0,applied,clear_constant_wind,1.225,0
2026-01-24T14:01:20.581795,-130.5117645,-129.940094,-5.465154171,-0.00357758,-0.001059742,-2.115362174,-1.730837226,1.404626846,0.007093583,1.76E-05,0.000260936,8.00E-09,0.000612861,0.034441065,-9.806723595,1.76E-05,0.000260936,8.00E-09,129.0655975,9.290996524,-1.762770437,1.412430773,0.004175379,0.903534193,1,0.3,0,0,applied,clear_constant_wind,1.225,0
2026-01-24T14:01:20.689926,-130.6414642,-129.8348083,-5.464617729,-0.003577757,-0.00106696,-2.115362165,-1.731307149,1.403944612,0.007076208,1.73E-05,0.000261142,6.79E-09,0.000609381,0.034442604,-9.806722641,1.73E-05,0.000261142,6.79E-09,128.8648834,9.290996524,-1.763264677,1.411708744,0.004158751,0.903507936,1,0.3,0,0,applied,clear_constant_wind,1.225,0
2026-01-24T14:01:20.796754,-130.765976,-129.7337341,-5.464111328,-0.003577921,-0.001073981,-2.115362156,-1.731760502,1.403285742,0.007059624,2.00E-05,0.000258785,4.41E-09,0.000606462,0.034444071,-9.806718826,1.84E-05,0.000274063,4.02E-09,129.0814362,9.260685768,-1.763742908,1.411009583,0.004143208,0.903482529,1,0.3,0,0,applied,clear_constant_wind,1.225,0
2026-01-24T14:01:20.904103,-130.9064026,-129.6200256,-5.463544846,-0.003577921,-0.001077683,-2.115362151,-1.73227334,1.402539968,0.007042636,1.35E-05,0.000284226,3.59E-09,0.000603551,0.034445796,-9.806695938,1.35E-05,0.000284226,3.59E-09,128.870163,9.228442346,-1.764278125,1.410226506,0.004125807,0.903454094,1,0.3,0,0,applied,clear_constant_wind,1.225,0
2026-01-24T14:01:21.015400,-131.083313,-129.4768372,-5.462831497,-0.003577708,-0.001077685,-2.115362151,-1.732921124,1.401596665,0.007023508,1.76E-05,0.00027855,7.46E-09,0.000598517,0.034447767,-9.806648254,1.76E-05,0.00027855,7.46E-09,128.9018555,9.228442346,-1.764957242,1.409231971,0.004103667,0.903418012,1,0.3,0,0,applied,clear_constant_wind,1.225,0
2026-01-24T14:01:21.124130,-131.1925812,-129.3885193,-5.4623909,-0.00357807,-0.001089054,-2.115362136,-1.733320713,1.401015043,0.007006281,2.13E-05,0.00013906,5.85E-09,0.000590985,0.03444894,-9.806781769,2.13E-05,0.00013906,5.85E-09,128.6430511,9.228442346,-1.765376765,1.408617085,0.004089853,0.903395722,1,0.3,0,0,applied,clear_constant_wind,1.225,0
2026-01-24T14:01:21.232944,-131.3226624,-129.2836151,-5.461866379,-0.003578026,-0.001094768,-2.115362128,-1.73380053,1.400315523,0.006989281,2.01E-05,0.000281168,-5.93E-09,0.000592617,0.034450401,-9.806712151,2.01E-05,0.000281168,-5.93E-09,128.8384705,9.208268247,-1.765872754,1.407889616,0.00407326,0.903369368,1,0.3,0,0,applied,clear_constant_wind,1.225,0
2026-01-24T14:01:21.342177,-131.4579468,-129.1745148,-5.461320877,-0.003577997,-0.00109865,-2.115362123,-1.73430109,1.39958477,0.006972464,1.60E-05,0.000300133,-5.58E-09,0.00058994,0.034452066,-9.806708336,1.60E-05,0.000300133,-5.58E-09,128.8622437,9.208268247,-1.766392945,1.407126059,0.004055848,0.903341728,1,0.3,0,0,applied,clear_constant_wind,1.225,0
2026-01-24T14:01:21.450970,-131.6140442,-129.0486298,-5.460691452,-0.003577845,-0.00109927,-2.115362122,-1.734880447,1.398738623,0.006953979,1.31E-05,0.000272395,1.16E-08,0.000585228,0.034453981,-9.806679726,1.31E-05,0.000272395,1.16E-08,128.8912964,9.208268247,-1.766998765,1.406236047,0.004035557,0.903309536,1,0.3,0,0,applied,clear_constant_wind,1.225,0
2026-01-24T14:01:21.560000,-131.7753448,-128.9185486,-5.460041046,-0.003577727,-0.001102522,-2.115362118,-1.735479951,1.397862196,0.006933536,1.22E-05,0.000238652,2.17E-09,0.000580019,0.034455832,-9.806677818,1.22E-05,0.000238652,2.17E-09,129.0180511,9.164257952,-1.767631174,1.405306092,0.004014361,0.903275931,1,0.3,0,0,applied,clear_constant_wind,1.225,0
2026-01-24T14:01:21.669835,-131.9002228,-128.8178406,-5.459537506,-0.003577832,-0.001111245,-2.115362106,-1.735944271,1.397183061,0.00691524,2.15E-05,0.000243306,5.63E-10,0.000576603,0.034456968,-9.806754112,2.15E-05,0.000243306,5.63E-10,128.5955048,9.125772008,-1.768125308,1.404578844,0.003997789,0.903249672,1,0.3,0,0,applied,clear_constant_wind,1.225,0
2026-01-24T14:01:21.778394,-132.030304,-128.7129364,-5.459023476,-0.003577923,-0.001118548,-2.115362097,-1.73643136,1.396469831,0.006897212,1.71E-05,0.00027533,-2.60E-10,0.000574482,0.03445854,-9.806725502,1.71E-05,0.00027533,-2.60E-10,128.6351166,9.125772008,-1.768644287,1.403814434,0.003981082,0.903222093,1,0.3,0,0,applied,clear_constant_wind,1.225,0
2026-01-24T14:01:21.886772,-132.1603851,-128.6082458,-5.458510876,-0.003578088,-0.00112564,-2.115362088,-1.736920953,1.395752549,0.006880119,1.51E-05,0.000278522,-5.38E-09,0.000571266,0.034460075,-9.806720734,1.51E-05,0.000278522,-5.38E-09,128.8596039,9.099689791,-1.769160942,1.403052844,0.003964307,0.903194636,1,0.3,0,0,applied,clear_constant_wind,1.225,0
2026-01-24T14:01:21.994091,-132.3221588,-128.4786377,-5.457875252,-0.003577914,-0.001127212,-2.115362086,-1.737531424,1.394858003,0.006861252,1.25E-05,0.000258985,-9.73E-09,0.000566725,0.034462042,-9.806675911,1.25E-05,0.000258985,-9.73E-09,128.7011414,9.099689791,-1.769790984,1.402123294,0.003943324,0.903161151,1,0.3,0,0,applied,clear_constant_wind,1.225,0
2026-01-24T14:01:22.104781,-132.478714,-128.3532104,-5.457260132,-0.00357782,-0.00113185,-2.115362079,-1.738123178,1.393989801,0.006840632,1.11E-05,0.000241533,-1.29E-08,0.000561995,0.034463875,-9.806678772,1.16E-05,0.000240365,-1.29E-08,128.3446198,9.099689791,-1.770407091,1.401213434,0.003922791,0.903128407,1,0.3,0,0,applied,clear_constant_wind,1.225,0
2026-01-24T14:01:22.213988,-132.6091766,-128.2486877,-5.456747532,-0.003577815,-0.00113842,-2.115362071,-1.738616228,1.393265605,0.006822543,2.23E-05,0.000264784,-9.81E-09,0.000559138,0.03446494,-9.806747437,2.23E-05,0.000264784,-9.81E-09,128.6720886,0.124779343,-1.770925385,1.400447356,0.003905506,0.90310086,1,0.3,0,0,applied,clear_constant_wind,1.225,0
2026-01-24T14:01:22.323020,-132.7344208,-128.1483459,-5.456255436,-0.003577902,-0.001146485,-2.11536206,-1.739092469,1.392565966,0.006804605,2.00E-05,0.000266996,-6.72E-09,0.000556057,0.034466401,-9.8067379,2.00E-05,0.000266996,-6.72E-09,128.6668091,9.006591947,-1.77142717,1.399705096,0.003888763,0.903074189,1,0.3,0,0,applied,clear_constant_wind,1.225,0
2026-01-24T14:01:22.430924,-132.8648834,-128.0438232,-5.455742836,-0.003577945,-0.001152852,-2.115362052,-1.739591479,1.391831994,0.006787035,1.82E-05,0.000294456,-4.80E-09,0.00055373,0.034467898,-9.806722641,1.82E-05,0.000294456,-4.80E-09,128.9018555,9.006591947,-1.771954318,1.398924701,0.003871163,0.90304617,1,0.3,0,0,applied,clear_constant_wind,1.225,0
2026-01-24T14:01:22.540000,-133.0318756,-127.910202,-5.455086708,-0.003577702,-0.00115307,-2.115362052,-1.740233064,1.390887499,0.006767326,1.32E-05,0.000269826,5.33E-09,0.000548822,0.03446994,-9.806667328,1.32E-05,0.000269826,5.33E-09,128.3763123,9.006591947,-1.772630357,1.397922957,0.003848386,0.903010236,1,0.3,0,0,applied,clear_constant_wind,1.225,0
2026-01-24T14:01:22.650957,-133.1832123,-127.7891769,-5.454499722,-0.003577638,-0.00115967,-2.115362043,-1.740815043,1.39002955,0.006745727,9.63E-06,0.000240226,1.08E-08,0.00054426,0.034471679,-9.80670166,9.63E-06,0.000240226,1.08E-08,129.0180511,8.984728277,-1.773247335,1.397007814,0.003828039,0.902977439,1,0.3,0,0,applied,clear_constant_wind,1.225,0
2026-01-24T14:01:22.757702,-133.3136749,-127.6849747,-5.453999043,-0.003577785,-0.001169016,-2.115362031,-1.741318583,1.389286637,0.006726701,1.80E-05,0.000265712,6.82E-09,0.000541329,0.034472868,-9.806741714,1.80E-05,0.000265712,6.82E-09,129.1369019,8.984728277,-1.773780042,1.396216965,0.003810689,0.902949121,1,0.3,0,0,applied,clear_constant_wind,1.225,0
2026-01-24T14:01:22.866530,-133.4389191,-127.5849991,-5.453518391,-0.003577941,-0.001177999,-2.11536202,-1.741804957,1.388568878,0.006708959,1.84E-05,0.000264728,-2.61E-09,0.000537922,0.034474216,-9.8067379,1.84E-05,0.000264728,-2.61E-09,128.4793091,8.935974617,-1.77429396,1.395453394,0.003793875,0.902921802,1,0.3,0,0,applied,clear_constant_wind,1.225,0
2026-01-24T14:01:22.975403,-133.5696106,-127.4808578,-5.453017712,-0.003578003,-0.001184894,-2.115362011,-1.742314935,1.387816072,0.006691158,1.65E-05,0.000297486,7.53E-09,0.000535694,0.034475725,-9.806724548,1.65E-05,0.000297486,7.53E-09,128.9810791,8.874128483,-1.774828887,1.394657961,0.003776217,0.902893364,1,0.3,0,0,applied,clear_constant_wind,1.225,0
2026-01-24T14:01:23.083889,-133.7423248,-127.3434982,-5.452356815,-0.003577709,-0.001184191,-2.115362012,-1.74299109,1.38681674,0.006671133,1.66E-05,0.000283803,2.01E-09,0.000530854,0.034477666,-9.806661606,1.66E-05,0.000283803,2.01E-09,128.880722,8.874128483,-1.77553431,1.393607996,0.003752662,0.902855861,1,0.3,0,0,applied,clear_constant_wind,1.225,0
2026-01-24T14:01:23.193145,-133.8888702,-127.2270737,-5.451796055,-0.003577571,-0.001191246,-2.115362002,-1.743565202,1.385967493,0.00664945,1.17E-05,0.000260475,1.56E-09,0.000526729,0.034479346,-9.806714058,1.17E-05,0.000260475,1.56E-09,128.870163,8.874128483,-1.77613534,1.392712504,0.003732433,0.902823907,1,0.3,0,0,applied,clear_constant_wind,1.225,0
2026-01-24T14:01:23.300868,-134.0197144,-127.1231232,-5.451295376,-0.00357766,-0.001200053,-2.115361991,-1.744079828,1.385205865,0.006630122,1.78E-05,0.000280156,-4.25E-10,0.000523584,0.034480605,-9.806742668,1.78E-05,0.000280156,-4.25E-10,128.9361877,8.844995763,-1.776677132,1.391904557,0.003714187,0.902795102,1,0.3,0,0,applied,clear_constant_wind,1.225,0
2026-01-24T14:01:23.410939,-134.1505585,-127.0192413,-5.450794697,-0.003577646,-0.001207584,-2.115361982,-1.744597077,1.384439111,0.0066113,1.84E-05,0.000297191,8.54E-09,0.000520714,0.034481991,-9.806734085,1.84E-05,0.000297191,8.54E-09,128.252182,8.794481032,-1.777221547,1.391092012,0.003695758,0.902766155,1,0.3,0,0,applied,clear_constant_wind,1.225,0
2026-01-24T14:01:23.520866,-134.2866364,-126.9113312,-5.450277805,-0.003577578,-0.001213505,-2.115361974,-1.745137572,1.383637428,0.006592263,1.65E-05,0.000311997,1.01E-08,0.000517782,0.034483511,-9.806723595,1.65E-05,0.000311997,1.01E-08,129.184433,8.794481032,-1.777788731,1.390244752,0.003676673,0.902735998,1,0.3,0,0,applied,clear_constant_wind,1.225,0
2026-01-24T14:01:23.628502,-134.4541168,-126.7785187,-5.449652195,-0.003577315,-0.001214063,-2.115361973,-1.745805502,1.382646084,0.006571338,1.33E-05,0.000280418,-4.45E-09,0.000512465,0.034485452,-9.806674957,1.33E-05,0.000280418,-4.45E-09,129.1712341,8.794481032,-1.778494255,1.389189793,0.003653694,0.902698483,1,0.3,0,0,applied,clear_constant_wind,1.225,0
2026-01-24T14:01:23.738355,-134.5954285,-126.6665421,-5.449124336,-0.003577284,-0.001222733,-2.115361962,-1.746369481,1.381807566,0.006550032,1.37E-05,0.000273807,2.54E-09,0.000508381,0.034487002,-9.806714058,1.18E-05,0.000262293,3.72E-09,128.5400543,8.763849138,-1.779093169,1.388293337,0.003634073,0.902666636,1,0.3,0,0,applied,clear_constant_wind,1.225,0
2026-01-24T14:01:23.846709,-134.7262726,-126.562973,-5.448635578,-0.003577319,-0.001231036,-2.115361952,-1.746893883,1.381027937,0.006531282,1.96E-05,0.000274168,2.51E-09,0.000504942,0.03448816,-9.806753159,1.96E-05,0.000274168,2.51E-09,128.6509705,8.763849138,-1.779649197,1.387460322,0.003615712,0.902637068,1,0.3,0,0,applied,clear_constant_wind,1.225,0
2026-01-24T14:01:23.957372,-134.8573456,-126.459404,-5.44814682,-0.003577317,-0.001239513,-2.115361941,-1.747421503,1.380242586,0.00651187,1.84E-05,0.000296724,1.26E-10,0.000502408,0.034489546,-9.806736946,1.84E-05,0.000296724,1.26E-10,128.7433929,8.70166699,-1.780205152,1.386626693,0.003597188,0.902607504,1,0.3,0,0,applied,clear_constant_wind,1.225,0
2026-01-24T14:01:24.065813,-134.9885712,-126.3558731,-5.447658062,-0.003577331,-0.001247284,-2.115361931,-1.747952104,1.379451871,0.006493037,1.79E-05,0.000306343,-5.00E-09,0.000499291,0.034490932,-9.806734085,1.79E-05,0.000306343,-5.00E-09,128.8860168,0,-1.780761487,1.385791769,0.00357849,0.902577918,1,0.3,0,0,applied,clear_constant_wind,1.225,0
2026-01-24T14:01:24.175712,-135.167038,-126.2152786,-5.446993351,-0.003577029,-0.001247419,-2.115361931,-1.748678088,1.378369331,0.006471344,1.78E-05,0.000315338,-5.83E-09,0.000494748,0.034492884,-9.806655884,1.78E-05,0.000315338,-5.83E-09,128.7117157,0,-1.781519317,1.384653282,0.003552744,0.902537615,1,0.3,0,0,applied,clear_constant_wind,1.225,0
2026-01-24T14:01:24.286589,-135.3087616,-126.1036301,-5.446465492,-0.003576877,-0.001255381,-2.115361921,-1.749254346,1.377509594,0.006448505,1.37E-05,0.000289997,-9.41E-09,0.000490847,0.034494422,-9.806734085,1.37E-05,0.000289997,-9.41E-09,128.7909393,0,-1.782128105,1.38373772,0.003532046,0.902505236,1,0.3,0,0,applied,clear_constant_wind,1.225,0
2026-01-24T14:01:24.396435,-135.4399872,-126.0003357,-5.445982933,-0.003576934,-0.00126487,-2.115361909,-1.74979043,1.376709223,0.006428077,1.63E-05,0.000290636,-5.53E-09,0.000487112,0.034495711,-9.806749344,1.63E-05,0.000290636,-5.53E-09,128.6034241,8.610108085,-1.782694445,1.382885212,0.003513146,0.902475115,1,0.3,0,0,applied,clear_constant_wind,1.225,0
2026-01-24T14:01:24.506645,-135.5764618,-125.8930206,-5.445487022,-0.003576852,-0.001272133,-2.115361779,-1.750351429,1.375870705,0.006408106,1.60E-05,0.000316006,-6.35E-09,0.000484447,0.034497119,-9.806727409,1.60E-05,0.000316006,-6.35E-09,128.9282684,8.610108085,-1.783285275,1.381995028,0.003493735,0.90244369,1,0.3,0,0,applied,clear_constant_wind,1.225,0
2026-01-24T14:01:24.614081,-135.7076874,-125.7898331,-5.445010185,-0.00357681,-0.001280006,-2.115361769,-1.750893235,1.375060678,0.006388904,1.88E-05,0.000314454,-9.01E-10,0.000480842,0.034498412,-9.806738853,1.88E-05,0.000314454,-9.01E-10,128.8094177,8.539994599,-1.783858972,1.381129867,0.003474874,0.902413175,1,0.3,0,0,applied,clear_constant_wind,1.225,0
2026-01-24T14:01:24.722969,-135.8809052,-125.6537552,-5.44438076,-0.00357635,-0.001280152,-2.115361769,-1.751611829,1.373984575,0.006367329,1.49E-05,0.000297125,-6.42E-09,0.000475808,0.034500357,-9.806667328,1.49E-05,0.000297125,-6.42E-09,128.7750854,8.539994599,-1.78462014,1.379980787,0.00344967,0.902372687,1,0.3,0,0,applied,clear_constant_wind,1.225,0
2026-01-24T14:01:24.833039,-136.0279083,-125.5383987,-5.443846703,-0.003576201,-0.001289162,-2.115361758,-1.752222419,1.373069644,0.006343991,1.16E-05,0.000267269,-6.08E-09,0.000471464,0.034501929,-9.806728363,1.16E-05,0.000267269,-6.08E-09,128.4925079,8.475234909,-1.785269218,1.378999832,0.003428009,0.90233816,1,0.3,0,0,applied,clear_constant_wind,1.225,0
2026-01-24T14:01:24.942031,-136.1279297,-125.4601212,-5.443484306,-0.003576489,-0.001302948,-2.115361741,-1.752638102,1.372446537,0.006326566,7.26E-06,-8.18E-05,-1.04E-08,0.000459851,0.034503102,-9.806822777,1.06E-05,1.99E-05,-8.85E-09,128.6958618,8.475234909,-1.785707297,1.378337194,0.00341319,0.902314856,1,0.3,0,0,applied,clear_constant_wind,1.225,0
2026-01-24T14:01:25.051817,-136.2595367,-125.3572083,-5.443007469,-0.003576307,-0.00131016,-2.115361732,-1.75319016,1.371618271,0.006307139,2.20E-05,0.0003012,-7.70E-09,0.000466607,0.034504078,-9.806724548,2.09E-05,0.000329549,-6.52E-09,128.9810791,8.443567831,-1.786285681,1.37746163,0.003393506,0.902284088,1,0.3,0,0,applied,clear_constant_wind,1.225,0
2026-01-24T14:01:25.160043,-136.4174652,-125.2338409,-5.442435265,-0.003575869,-0.001310367,-2.115361731,-1.753854752,1.370619178,0.006286143,1.39E-05,0.000334503,-1.48E-09,0.000463237,0.034505822,-9.806699753,1.39E-05,0.000334503,-1.48E-09,128.7169952,8.443567831,-1.786982646,1.376405492,0.003369601,0.902247009,1,0.3,0,0,applied,clear_constant_wind,1.225,0
2026-01-24T14:01:25.270302,-136.5859222,-125.1022491,-5.44183588,-0.003575569,-0.001315193,-2.115361725,-1.754565001,1.369549751,0.006261589,1.16E-05,0.000267619,-7.41E-10,0.000456564,0.034507602,-9.806684494,1.16E-05,0.000267619,-7.41E-10,128.8543243,8.443567831,-1.787735288,1.375263676,0.003344642,0.902206968,1,0.3,0,0,applied,clear_constant_wind,1.225,0
2026-01-24T14:01:25.378585,-136.712265,-125.0037155,-5.441389561,-0.003575578,-0.001326675,-2.115361711,-1.755098462,1.368746281,0.006240207,2.11E-05,0.000271627,-7.67E-13,0.000453924,0.034508605,-9.806768417,2.02E-05,0.000297942,1.17E-09,128.5875854,8.379822454,-1.788300205,1.374405759,0.003325947,0.902176912,1,0.3,0,0,applied,clear_constant_wind,1.225,0
2026-01-24T14:01:25.487653,-136.8438721,-124.9011002,-5.440924644,-0.00357546,-0.001335057,-2.115361701,-1.755658031,1.367903233,0.006219592,1.95E-05,0.000305876,1.29E-08,0.000450732,0.034509875,-9.806744576,1.95E-05,0.000305876,1.29E-08,128.2680359,8.30981026,-1.788893596,1.373503772,0.003306266,0.90214534,1,0.3,0,0,applied,clear_constant_wind,1.225,0
2026-01-24T14:01:25.597630,-136.9754791,-124.7984848,-5.440459728,-0.003575389,-0.001344033,-2.11536169,-1.756220937,1.367054462,0.006199645,1.79E-05,0.000321615,2.66E-09,0.000448177,0.034511328,-9.806733131,1.60E-05,0.000328092,1.49E-09,128.5506134,8.30981026,-1.789493005,1.372591776,0.003286371,0.902113447,1,0.3,0,0,applied,clear_constant_wind,1.225,0
2026-01-24T14:01:25.705661,-137.1334076,-124.6755447,-5.439901829,-0.00357505,-0.001346592,-2.115361686,-1.756899595,1.366029739,0.006178119,1.36E-05,0.000320153,6.93E-09,0.000444096,0.034512926,-9.806702614,1.36E-05,0.000320153,6.93E-09,128.8411102,8.30981026,-1.790212929,1.371495268,0.003262199,0.90207514,1,0.3,0,0,applied,clear_constant_wind,1.225,0
2026-01-24T14:01:25.811991,-137.2862701,-124.5567322,-5.439362526,-0.003574884,-0.001355633,-2.115361675,-1.757558227,1.365033984,0.006154105,1.10E-05,0.000262726,3.75E-09,0.000437977,0.034514535,-9.806704521,1.06E-05,0.000255543,2.58E-09,128.7486877,8.278571127,-1.790911266,1.370430439,0.003238547,0.902037981,1,0.3,0,0,applied,clear_constant_wind,1.225,0
2026-01-24T14:01:25.921958,-137.4182587,-124.4543457,-5.43889761,-0.003574797,-0.001365568,-2.115361663,-1.758127332,1.364172935,0.006132799,1.69E-05,0.000290225,3.73E-09,0.000435142,0.034515589,-9.806775093,1.69E-05,0.000290225,3.73E-09,128.9863739,8.216347726,-1.791513325,1.369511466,0.00321793,0.902005943,1,0.3,0,0,applied,clear_constant_wind,1.225,0
2026-01-24T14:01:26.032222,-137.5555267,-124.3480225,-5.438419819,-0.003574666,-0.001374632,-2.115361652,-1.758723021,1.363270164,0.006110495,1.43E-05,0.000327486,3.30E-09,0.000433101,0.034516931,-9.806743622,1.43E-05,0.000327486,3.30E-09,128.2812347,8.216347726,-1.79214006,1.36855389,0.003196712,0.901972591,1,0.3,0,0,applied,clear_constant_wind,1.225,0
2026-01-24T14:01:26.141033,-137.6875153,-124.2457886,-5.437966824,-0.003574572,-0.001384088,-2.115361641,-1.759299159,1.362396598,0.006089394,1.73E-05,0.000326208,9.16E-10,0.000429652,0.034518193,-9.806740761,1.60E-05,0.000332462,1.31E-09,128.6113586,8.182517908,-1.792749116,1.367622407,0.003176615,0.901940178,1,0.3,0,0,applied,clear_constant_wind,1.225,0
2026-01-24T14:01:26.250239,-137.851181,-124.1191254,-5.437405109,-0.003574097,-0.001385239,-2.115361639,-1.760016918,1.361307502,0.006067019,1.20E-05,0.000325685,3.22E-09,0.000425402,0.034519825,-9.806695938,1.20E-05,0.000325685,3.22E-09,128.7935791,8.182517908,-1.793509126,1.366458784,0.003151375,0.901899731,1,0.3,0,0,applied,clear_constant_wind,1.225,0
2026-01-24T14:01:26.359988,-138.0148468,-123.9925919,-5.436843395,-0.003573831,-0.001392876,-2.11536163,-1.760737181,1.360213518,0.006041707,1.04E-05,0.000261709,-3.47E-09,0.000419094,0.034521427,-9.806698799,1.04E-05,0.000261709,-3.47E-09,129.1553802,8.182517908,-1.794274082,1.365286161,0.003125772,0.901859018,1,0.3,0,0,applied,clear_constant_wind,1.225,0
2026-01-24T14:01:26.468686,-138.1468353,-123.8905487,-5.4363904,-0.003573733,-0.001405099,-2.115361615,-1.761319518,1.359328389,0.00601885,1.84E-05,0.000302884,7.95E-10,0.000416615,0.034522403,-9.806776047,1.84E-05,0.000302884,7.95E-10,128.4344025,8.122763167,-1.794898337,1.364328156,0.003104862,0.901825792,1,0.3,0,0,applied,clear_constant_wind,1.225,0
2026-01-24T14:01:26.576603,-138.2788239,-123.788681,-5.435937405,-0.00357362,-0.001416544,-2.115361601,-1.761906266,1.358435512,0.005996753,1.82E-05,0.000316651,3.10E-09,0.000413621,0.034523632,-9.806758881,1.82E-05,0.000316651,3.10E-09,128.7935791,8.066464722,-1.795522389,1.363369505,0.003083702,0.901792576,1,0.3,0,0,applied,clear_constant_wind,1.225,0
2026-01-24T14:01:26.687704,-138.4161987,-123.6827545,-5.43546629,-0.003573401,-0.001425812,-2.11536159,-1.762520313,1.357499719,0.005974719,1.63E-05,0.000338084,1.50E-09,0.000410804,0.03452494,-9.806744576,1.63E-05,0.000338084,1.50E-09,128.7433929,8.066464722,-1.796175163,1.362365704,0.003061446,0.90175783,1,0.3,0,0,applied,clear_constant_wind,1.225,0
2026-01-24T14:01:26.795704,-138.5697479,-123.5646667,-5.434947491,-0.003573089,-0.001431762,-2.115361583,-1.763208985,1.356449008,0.005951179,1.25E-05,0.000319425,6.56E-09,0.000406384,0.034526482,-9.806715965,1.25E-05,0.000319425,6.56E-09,129.184433,8.066464722,-1.796901182,1.361248035,0.003036911,0.901719184,1,0.3,0,0,applied,clear_constant_wind,1.225,0
2026-01-24T14:01:26.905486,-138.7391815,-123.4345398,-5.434382915,-0.003572684,-0.001437768,-2.115361576,-1.763972402,1.35528338,0.00592532,1.18E-05,0.000287873,4.95E-09,0.000400648,0.034528077,-9.806693077,1.18E-05,0.000287873,4.95E-09,128.5638123,0,-1.797705927,1.36000764,0.003010133,0.901676345,1,0.3,0,0,applied,clear_constant_wind,1.225,0
2026-01-24T14:01:27.014181,-138.8715515,-123.3328781,-5.433941841,-0.003572476,-0.001449237,-2.115361562,-1.764569759,1.354371071,0.005901793,2.07E-05,0.000323606,3.74E-09,0.000398124,0.034528967,-9.806782722,2.07E-05,0.000323606,3.74E-09,128.5189209,0,-1.798342515,1.359025297,0.002988932,0.901642456,1,0.3,0,0,applied,clear_constant_wind,1.225,0
2026-01-24T14:01:27.122919,-139.0039215,-123.231369,-5.433500767,-0.003572273,-0.001460382,-2.115361549,-1.765171409,1.353450894,0.005879303,1.48E-05,0.000333408,4.88E-09,0.000395012,0.034530312,-9.806760788,1.48E-05,0.000333408,4.88E-09,128.6720886,7.963486609,-1.798979975,1.358040596,0.002967472,0.901608519,1,0.3,0,0,applied,clear_constant_wind,1.225,0
2026-01-24T14:01:27.232104,-139.1309967,-123.1339569,-5.433077335,-0.003572137,-0.001471419,-2.115361536,-1.765752077,1.352561355,0.005857914,1.88E-05,0.000326069,7.98E-09,0.00039191,0.0345314,-9.806758881,1.80E-05,0.000346696,8.76E-09,128.7856598,7.901101004,-1.799597113,1.35708632,0.002946628,0.901575664,1,0.3,0,0,applied,clear_constant_wind,1.225,0
2026-01-24T14:01:27.339721,-139.2898407,-123.0122299,-5.432548046,-0.003571645,-0.001473472,-2.115361533,-1.766481876,1.351442695,0.005834631,1.44E-05,0.000356536,9.90E-09,0.000388489,0.03453286,-9.80670929,1.44E-05,0.000356536,9.90E-09,129.033905,7.901101004,-1.800376296,1.355880116,0.002920234,0.901534179,1,0.3,0,0,applied,clear_constant_wind,1.225,0
2026-01-24T14:01:27.450992,-139.4592743,-122.8825912,-5.431983471,-0.003571222,-0.001480777,-2.115361524,-1.767263412,1.350243449,0.005807515,1.16E-05,0.000281001,3.98E-09,0.00038166,0.034534443,-9.806687355,1.38E-05,0.000296552,5.16E-09,128.6113586,7.901101004,-1.801210657,1.354586806,0.002891649,0.901489754,1,0.3,0,0,applied,clear_constant_wind,1.225,0
2026-01-24T14:01:27.558697,-139.5866089,-122.7853622,-5.431567192,-0.003571011,-0.001493317,-2.11536151,-1.767849565,1.349343061,0.005783797,1.78E-05,0.000254353,1.22E-08,0.00037828,0.034535374,-9.806808472,1.76E-05,0.000305286,1.14E-08,128.7882996,0,-1.801837449,1.353614087,0.002870592,0.90145638,1,0.3,0,0,applied,clear_constant_wind,1.225,0
2026-01-24T14:01:27.668540,-139.7246704,-122.6801834,-5.431120872,-0.003570709,-0.001503475,-2.115361498,-1.768489957,1.348358393,0.005759799,1.70E-05,0.000346218,4.31E-09,0.00037636,0.034536496,-9.806764603,1.70E-05,0.000346218,4.31E-09,129.0497437,0,-1.802514773,1.352561836,0.002847928,0.901420314,1,0.3,0,0,applied,clear_constant_wind,1.225,0
2026-01-24T14:01:27.778550,-139.8574219,-122.5790939,-5.430691719,-0.003570454,-0.001515486,-2.115361364,-1.769109607,1.347404718,0.005736796,1.69E-05,0.000339346,-2.92E-11,0.000372666,0.034537606,-9.80676651,1.69E-05,0.000339346,-2.92E-11,128.4898682,7.838635411,-1.803171836,1.351539952,0.002825861,0.901385325,1,0.3,0,0,applied,clear_constant_wind,1.225,0
2026-01-24T14:01:27.886719,-140.0114136,-122.4618835,-5.430193901,-0.003570003,-0.001522026,-2.115361356,-1.769833446,1.346289396,0.005712592,1.19E-05,0.000335487,4.24E-09,0.000368848,0.034539055,-9.806716919,1.19E-05,0.000335487,4.24E-09,128.870163,7.838635411,-1.803941301,1.350341869,0.002799919,0.901344349,1,0.3,0,0,applied,clear_constant_wind,1.225,0
2026-01-24T14:01:27.997608,-140.1813354,-122.3327332,-5.429644585,-0.003569515,-0.001529214,-2.115361347,-1.770635962,1.345051169,0.005685495,1.33E-05,0.000299838,-3.23E-09,0.000363173,0.034540467,-9.806686401,1.47E-05,0.000316634,-3.23E-09,128.6694489,7.790475643,-1.80479457,1.349011542,0.002770846,0.901298908,1,0.3,0,0,applied,clear_constant_wind,1.225,0
2026-01-24T14:01:28.106554,-140.3140869,-122.2318344,-5.429215431,-0.003569161,-0.001540632,-2.115361334,-1.771262884,1.34408319,0.00566078,2.23E-05,0.000321966,-1.31E-09,0.000360759,0.03454132,-9.806797028,2.12E-05,0.000353251,-2.09E-09,128.6536102,7.790475643,-1.805470094,1.347957022,0.002747809,0.901262931,1,0.3,0,0,applied,clear_constant_wind,1.225,0
2026-01-24T14:01:28.215511,-140.4468384,-122.1311111,-5.428790092,-0.003568816,-0.001552591,-2.115361321,-1.771894336,1.343106866,0.005636316,1.77E-05,0.00032906,-4.47E-09,0.000357303,0.034542516,-9.806776047,1.63E-05,0.000350932,-5.25E-09,128.7962189,7.771540681,-1.806146041,1.346900675,0.002724833,0.90122693,1,0.3,0,0,applied,clear_constant_wind,1.225,0
2026-01-24T14:01:28.325656,-140.5849152,-122.0263748,-5.428356171,-0.003568524,-0.001562945,-2.115361309,-1.772555232,1.342083931,0.005612196,1.34E-05,0.000360117,-1.31E-08,0.000354059,0.034543682,-9.806772232,1.34E-05,0.000360117,-1.31E-08,128.7381134,7.771540681,-1.806856423,1.345789254,0.002701431,0.901189094,1,0.3,0,0,applied,clear_constant_wind,1.225,0
2026-01-24T14:01:28.432187,-140.734024,-121.913681,-5.42788887,-0.003568084,-0.00157287,-2.115361297,-1.773272038,1.340973258,0.005587027,1.37E-05,0.000337249,-1.51E-08,0.000349842,0.034544852,-9.806736946,1.37E-05,0.000337249,-1.51E-08,128.9441071,7.734586814,-1.807615597,1.344600066,0.002675912,0.901148657,1,0.3,0,0,applied,clear_constant_wind,1.225,0
2026-01-24T14:01:28.543312,-140.9097595,-121.7809982,-5.427338123,-0.003567493,-0.001580224,-2.115361289,-1.774122596,1.33965373,0.005559429,1.44E-05,0.000323027,-1.00E-08,0.000344246,0.034546245,-9.806685448,1.44E-05,0.000323027,-1.00E-08,128.9388275,7.734586814,-1.808517597,1.343185224,0.002645355,0.901100611,1,0.3,0,0,applied,clear_constant_wind,1.225,0
2026-01-24T14:01:28.652254,-141.0428925,-121.6805344,-5.426920891,-0.003567128,-0.001593972,-2.115361273,-1.774767637,1.338652253,0.00553329,1.90E-05,0.000345383,-1.75E-08,0.0003414,0.034547091,-9.806807518,1.90E-05,0.000345383,-1.75E-08,128.7011414,7.692130551,-1.809208199,1.342100555,0.002621854,0.901063823,1,0.3,0,0,applied,clear_constant_wind,1.225,0
2026-01-24T14:01:28.761983,-141.1813507,-121.5761948,-5.426486969,-0.00356672,-0.001606482,-2.115361259,-1.775444031,1.337600946,0.005507638,1.62E-05,0.000356647,-1.01E-08,0.000338387,0.034548238,-9.806768417,1.62E-05,0.000356647,-1.01E-08,128.693222,7.692130551,-1.809929035,1.340967085,0.002597079,0.901025423,1,0.3,0,0,applied,clear_constant_wind,1.225,0
2026-01-24T14:01:28.871286,-141.3144836,-121.4758682,-5.426070213,-0.003566324,-0.001619348,-2.115361245,-1.776098609,1.336582303,0.005483023,1.59E-05,0.000359705,-5.04E-09,0.000334755,0.034549251,-9.806783676,1.59E-05,0.000359705,-5.04E-09,128.6456909,7.669581792,-1.810630836,1.339862252,0.002572984,0.900988035,1,0.3,0,0,applied,clear_constant_wind,1.225,0
2026-01-24T14:01:28.980088,-141.4582672,-121.3676834,-5.425632477,-0.003565823,-0.001629032,-2.115361234,-1.776809931,1.335473895,0.005457438,1.36E-05,0.00037574,-3.89E-09,0.000331733,0.034550387,-9.806754112,1.36E-05,0.00037574,-3.89E-09,129.3191223,7.653402349,-1.811390987,1.338664113,0.002547823,0.900947537,1,0.3,0,0,applied,clear_constant_wind,1.225,0
2026-01-24T14:01:29.091413,-141.639389,-121.2314987,-5.425081253,-0.003565111,-0.00163411,-2.115361228,-1.777711511,1.334067106,0.005429258,1.61E-05,0.000368395,-8.23E-09,0.000326132,0.034551676,-9.806682587,1.61E-05,0.000368395,-8.23E-09,128.6588898,7.653402349,-1.812358856,1.337136393,0.002515625,0.900895971,1,0.3,0,0,applied,clear_constant_wind,1.225,0
2026-01-24T14:01:29.199788,-141.7729034,-121.1315155,-5.424675941,-0.003564728,-0.0016507,-2.11536121,-1.778375149,1.333030105,0.005401147,1.65E-05,0.00034982,-4.74E-09,0.00032246,0.034552578,-9.806804657,1.65E-05,0.00034982,-4.74E-09,128.5981445,7.653402349,-1.813064404,1.336021189,0.002491595,0.900858378,1,0.3,0,0,applied,clear_constant_wind,1.225,0
2026-01-24T14:01:29.308575,-141.9064178,-121.0315704,-5.42427063,-0.003564313,-0.001664779,-2.115361194,-1.779044509,1.331983447,0.005375776,1.67E-05,0.000359349,-2.81E-09,0.000319324,0.034553602,-9.806770325,1.49E-05,0.00036606,-3.20E-09,129.1685944,0,-1.813777141,1.334893296,0.002467237,0.900820401,1,0.3,0,0,applied,clear_constant_wind,1.225,0
2026-01-24T14:01:29.420041,-142.0506134,-120.9237137,-5.423832893,-0.00356373,-0.001673278,-2.115361185,-1.779771805,1.330844879,0.005350454,1.61E-05,0.000403222,-5.96E-09,0.000316732,0.034554549,-9.806765556,1.61E-05,0.000403222,-5.96E-09,128.7566071,0,-1.814553232,1.333663629,0.002440553,0.900779046,1,0.3,0,0,applied,clear_constant_wind,1.225,0
2026-01-24T14:01:29.527819,-142.1841278,-120.8239594,-5.423427582,-0.003563275,-0.001686391,-2.11536105,-1.780448079,1.329784393,0.005324498,1.66E-05,0.000377313,1.84E-09,0.000312228,0.034555439,-9.80679512,1.66E-05,0.000377313,1.84E-09,128.7143555,7.639658683,-1.815276172,1.332516747,0.002415486,0.900740522,1,0.3,0,0,applied,clear_constant_wind,1.225,0
2026-01-24T14:01:29.636678,-142.3657074,-120.6883698,-5.42289257,-0.003562432,-0.001690713,-2.115361045,-1.781375527,1.328328729,0.005294908,1.60E-05,0.000384891,-4.84E-09,0.00030739,0.034556702,-9.806678772,1.60E-05,0.000384891,-4.84E-09,129.3666687,7.639658683,-1.816270816,1.330936572,0.002382521,0.900687516,1,0.3,0,0,applied,clear_constant_wind,1.225,0
2026-01-24T14:01:29.746609,-142.5045624,-120.5848236,-5.422483444,-0.003561862,-0.00170652,-2.115361028,-1.782085896,1.32721293,0.005265756,1.57E-05,0.000359183,-8.01E-09,0.000303569,0.034557581,-9.806794167,1.57E-05,0.000359183,-8.01E-09,128.6087189,7.623420286,-1.817036712,1.329718017,0.002356883,0.900646699,1,0.3,0,0,applied,clear_constant_wind,1.225,0
2026-01-24T14:01:29.855726,-142.6434784,-120.4813004,-5.422074318,-0.003561344,-0.001721283,-2.115361012,-1.78280139,1.326086879,0.005238974,1.47E-05,0.000364531,-8.02E-09,0.000299911,0.034558523,-9.806780815,1.47E-05,0.000364531,-8.02E-09,129.09729,7.623420286,-1.817810154,1.328485874,0.002330873,0.900605477,1,0.3,0,0,applied,clear_constant_wind,1.225,0
2026-01-24T14:01:29.964242,-142.7773743,-120.3819275,-5.421680927,-0.003560879,-0.001736338,-2.115360996,-1.783494473,1.324995399,0.005213025,1.51E-05,0.000371014,-6.01E-10,0.000296351,0.034559365,-9.806793213,1.51E-05,0.000371014,-6.01E-10,128.8648834,7.641541878,-1.818546125,1.327311945,0.002305522,0.900566251,1,0.3,0,0,applied,clear_constant_wind,1.225,0
2026-01-24T14:01:30.073811,-142.916626,-120.2785797,-5.421271801,-0.003560293,-0.001748301,-2.115360983,-1.784220338,1.323850989,0.00518658,1.58E-05,0.000401398,2.51E-09,0.000293769,0.034560226,-9.806777,1.58E-05,0.000401398,2.51E-09,128.996933,7.641541878,-1.819321951,1.326072877,0.002278772,0.900524898,1,0.3,0,0,applied,clear_constant_wind,1.225,0
2026-01-24T14:01:30.181737,-143.0933685,-120.1476288,-5.420759678,-0.003559334,-0.00175217,-2.115360979,-1.785147071,1.322388053,0.005156917,1.42E-05,0.000370736,5.29E-10,0.000287991,0.034561381,-9.806698799,1.42E-05,0.000370736,5.29E-10,128.3578186,7.641541878,-1.820311539,1.324490067,0.002245005,0.90047215,1,0.3,0,0,applied,clear_constant_wind,1.225,0
2026-01-24T14:01:30.291997,-143.2379761,-120.0405121,-5.420347691,-0.003558582,-0.001767873,-2.115360962,-1.785907269,1.321186423,0.00512579,1.50E-05,0.000352561,-2.62E-09,0.000284117,0.034562208,-9.806793213,1.50E-05,0.000352561,-2.62E-09,128.1967316,7.629416218,-1.82113315,1.323173928,0.00221766,0.900428352,1,0.3,0,0,applied,clear_constant_wind,1.225,0
2026-01-24T14:01:30.402212,-143.3772278,-119.9375534,-5.419950962,-0.003558008,-0.001783743,-2.115360946,-1.786644101,1.320019722,0.005097706,1.52E-05,0.000372871,-2.24E-09,0.000280773,0.034563024,-9.806791306,1.52E-05,0.000372871,-2.24E-09,128.9995728,7.597659405,-1.821926378,1.321901527,0.002190911,0.900386066,1,0.3,0,0,applied,clear_constant_wind,1.225,0
2026-01-24T14:01:30.510151,-143.5164795,-119.8346024,-5.419554234,-0.003557317,-0.001798281,-2.115360931,-1.787386656,1.318843126,0.005070262,1.67E-05,0.000391313,-4.60E-09,0.000277655,0.034563772,-9.806785583,1.67E-05,0.000391313,-4.60E-09,128.6034241,7.597659405,-1.822730568,1.320609803,0.002163751,0.900343193,1,0.3,0,0,applied,clear_constant_wind,1.225,0
2026-01-24T14:01:30.618405,-143.6505432,-119.7357559,-5.419172764,-0.003556577,-0.00181382,-2.115360914,-1.788105488,1.317703009,0.005043238,1.50E-05,0.000390801,-7.35E-09,0.000273884,0.034564581,-9.806801796,1.50E-05,0.000390801,-7.35E-09,128.5532532,7.532773816,-1.82350229,1.319368583,0.002137248,0.900302049,1,0.3,0,0,applied,clear_constant_wind,1.225,0
2026-01-24T14:01:30.725914,-143.8224182,-119.6092911,-5.418684483,-0.003555607,-0.001819969,-2.115360787,-1.789031982,1.316230655,0.005013079,1.39E-05,0.000365293,-1.89E-09,0.000268754,0.034565523,-9.806710243,1.39E-05,0.000365293,-1.89E-09,128.3287659,7.532773816,-1.824494336,1.317770615,0.002102763,0.900249156,1,0.3,0,0,applied,clear_constant_wind,1.225,0
2026-01-24T14:01:30.837813,-143.9781799,-119.494873,-5.418252945,-0.003554738,-0.001834675,-2.115360772,-1.789874673,1.314889193,0.004980039,1.33E-05,0.000326391,-7.77E-09,0.000263808,0.034566347,-9.806762695,1.33E-05,0.000326391,-7.77E-09,128.4819489,7.532773816,-1.825399171,1.316310779,0.00207217,0.900200911,1,0.3,0,0,applied,clear_constant_wind,1.225,0
2026-01-24T14:01:30.948666,-144.096344,-119.4080963,-5.417927742,-0.003554196,-0.001855454,-2.115360751,-1.79051733,1.3138659,0.004953325,1.57E-05,0.000209402,5.53E-09,0.000255728,0.034566894,-9.806877136,1.57E-05,0.000209402,5.53E-09,128.4925079,7.474596201,-1.826094362,1.315187654,0.002048848,0.900163841,1,0.3,0,0,applied,clear_constant_wind,1.225,0
2026-01-24T14:01:31.055788,-144.2252502,-119.3135529,-5.417572975,-0.003553431,-0.001871272,-2.115360735,-1.791225076,1.312737226,0.004926478,1.86E-05,0.000377624,2.79E-09,0.00025796,0.034567438,-9.806809425,1.86E-05,0.000377624,2.79E-09,128.3234863,7.448845317,-1.826856449,1.313954929,0.002023042,0.900123203,1,0.3,0,0,applied,clear_constant_wind,1.225,0
2026-01-24T14:01:31.163974,-144.3702698,-119.2072601,-5.417173862,-0.003552552,-0.001881914,-2.115360724,-1.792027235,1.311456323,0.004898669,1.62E-05,0.000437698,7.48E-09,0.000256688,0.034568228,-9.806768417,1.62E-05,0.000437698,7.48E-09,128.7407532,7.448845317,-1.827722839,1.31255154,0.001993549,0.900077001,1,0.3,0,0,applied,clear_constant_wind,1.225,0
2026-01-24T14:01:31.274691,-144.5529785,-119.0735855,-5.416671276,-0.00355135,-0.001888686,-2.115360717,-1.793043494,1.309830308,0.004866264,1.54E-05,0.000414035,1.20E-09,0.000250529,0.034569096,-9.806690216,1.54E-05,0.000414035,1.20E-09,128.7777252,7.448845317,-1.82882108,1.310769615,0.001955702,0.900018431,1,0.3,0,0,applied,clear_constant_wind,1.225,0
2026-01-24T14:01:31.384188,-144.682251,-118.9792862,-5.416322231,-0.003550579,-0.001910127,-2.115360696,-1.793762088,1.308679342,0.004834197,1.80E-05,0.000373393,6.29E-09,0.000246732,0.034569621,-9.806843758,1.72E-05,0.000388833,5.90E-09,128.9203491,7.411341734,-1.829596591,1.309509311,0.001929196,0.89997707,1,0.3,0,0,applied,clear_constant_wind,1.225,0
2026-01-24T14:01:31.493280,-144.8276825,-118.8733597,-5.415935993,-0.003549664,-0.001923164,-2.115360683,-1.794577599,1.307371378,0.004804317,1.69E-05,0.000427862,9.03E-09,0.000244276,0.034570232,-9.806793213,1.69E-05,0.000427862,9.03E-09,128.8252716,7.411341734,-1.830473712,1.30808186,0.001899654,0.899930288,1,0.3,0,0,applied,clear_constant_wind,1.225,0
2026-01-24T14:01:31.602033,-144.956955,-118.7792435,-5.41559267,-0.003548849,-0.001941839,-2.115360665,-1.795306921,1.306200385,0.00477575,1.65E-05,0.000378831,-8.97E-09,0.000238905,0.034570813,-9.80684185,1.65E-05,0.000378831,-8.97E-09,128.7671661,7.393404058,-1.831263065,1.306795408,0.001872964,0.899888185,1,0.3,0,0,applied,clear_constant_wind,1.225,0
2026-01-24T14:01:31.710275,-145.1023865,-118.6735153,-5.415206432,-0.003547831,-0.001955064,-2.115360652,-1.796134353,1.304869533,0.004745978,1.40E-05,0.000432088,-1.13E-08,0.000237377,0.03457145,-9.806777954,1.40E-05,0.000432088,-1.13E-08,128.9150543,7.348588025,-1.832156481,1.305337254,0.001842437,0.899840529,1,0.3,0,0,applied,clear_constant_wind,1.225,0
2026-01-24T14:01:31.821427,-145.2855225,-118.5404663,-5.414720058,-0.003546524,-0.001963482,-2.115360643,-1.797183752,1.303179026,0.00471228,1.51E-05,0.000420429,-1.01E-08,0.000231557,0.034572102,-9.806694031,1.51E-05,0.000420429,-1.01E-08,128.8965759,7.348588025,-1.83329747,1.30347177,0.001803227,0.899779664,1,0.3,0,0,applied,clear_constant_wind,1.225,0
2026-01-24T14:01:31.928836,-145.4201813,-118.4428101,-5.414367199,-0.003545563,-0.001985652,-2.115360502,-1.797957301,1.3019315,0.00467822,1.46E-05,0.000393464,-2.30E-09,0.000227737,0.034572564,-9.806854248,1.46E-05,0.000393464,-2.30E-09,128.3815918,7.348588025,-1.834142041,1.302088554,0.001774419,0.899734608,1,0.3,0,0,applied,clear_constant_wind,1.225,0
2026-01-24T14:01:32.037740,-145.5444183,-118.3529663,-5.414049149,-0.003544684,-0.002008026,-2.115360481,-1.798675299,1.30077219,0.004648859,1.53E-05,0.000318363,3.19E-09,0.000223178,0.034573007,-9.806845665,1.46E-05,0.000369513,3.58E-09,128.9309082,7.323858704,-1.834918724,1.300814739,0.00174834,0.899693171,1,0.3,0,0,applied,clear_constant_wind,1.225,0
2026-01-24T14:01:32.147013,-145.6848602,-118.2516022,-5.413689613,-0.003543625,-0.002021758,-2.115360468,-1.799494267,1.299448013,0.004619902,1.45E-05,0.000455289,1.89E-08,0.000222477,0.034573454,-9.806804657,1.45E-05,0.000455289,1.89E-08,128.7222748,0,-1.835799073,1.299368834,0.001718368,0.899646202,1,0.3,0,0,applied,clear_constant_wind,1.225,0
2026-01-24T14:01:32.255752,-145.8361053,-118.1424713,-5.413302422,-0.003542456,-0.002034527,-2.115360456,-1.800382018,1.298010468,0.004588386,1.56E-05,0.000431043,-5.39E-09,0.000218365,0.034573868,-9.806777,1.56E-05,0.000431043,-5.39E-09,128.8622437,0,-1.836761531,1.297785544,0.0016855,0.899594849,1,0.3,0,0,applied,clear_constant_wind,1.225,0
2026-01-24T14:01:32.365856,-146.0143585,-118.0140686,-5.412846088,-0.003541024,-0.002046549,-2.115360444,-1.801435709,1.296301246,0.004552832,1.59E-05,0.00038821,2.84E-09,0.000211817,0.03457436,-9.806713104,1.59E-05,0.00038821,2.84E-09,128.8147125,0,-1.837905592,1.295900062,0.00164595,0.899533803,1,0.3,0,0,applied,clear_constant_wind,1.225,0
2026-01-24T14:01:32.473644,-146.1493988,-117.916893,-5.41250515,-0.003539887,-0.002067708,-2.115360425,-1.802235484,1.295001864,0.004518715,1.59E-05,0.000406936,2.87E-09,0.000208899,0.034574702,-9.806877136,1.59E-05,0.000406936,2.87E-09,128.870163,7.310940362,-1.838782731,1.294451937,0.001616002,0.899486997,1,0.3,0,0,applied,clear_constant_wind,1.225,0
2026-01-24T14:01:32.586758,-146.2790375,-117.8236923,-5.412184715,-0.003538818,-0.002090538,-2.115360404,-1.803010821,1.293740749,0.004486951,1.47E-05,0.000379164,2.11E-09,0.000204549,0.034575053,-9.80685997,1.47E-05,0.000379164,2.11E-09,128.746048,7.310940362,-1.839633034,1.293046,0.001587655,0.899441621,1,0.3,0,0,applied,clear_constant_wind,1.225,0
2026-01-24T14:01:32.694289,-146.4090271,-117.7305908,-5.411864281,-0.003537689,-0.002111605,-2.115360385,-1.803793073,1.292465806,0.004457045,1.44E-05,0.000401971,3.71E-09,0.000202976,0.034575336,-9.806825638,1.46E-05,0.000433495,4.10E-09,128.9177094,7.288243921,-1.840478541,1.291645921,0.001558853,0.899396498,1,0.3,0,0,applied,clear_constant_wind,1.225,0
2026-01-24T14:01:32.804301,-146.5715332,-117.6143188,-5.411463737,-0.003536248,-0.002120243,-2.115360377,-1.804778814,1.290857673,0.004424768,1.65E-05,0.000454672,2.95E-09,0.000200083,0.034575593,-9.806757927,1.65E-05,0.000454672,2.95E-09,128.4449768,0,-1.841547399,1.289873025,0.001522162,0.899339452,1,0.3,0,0,applied,clear_constant_wind,1.225,0
2026-01-24T14:01:32.917471,-146.7502899,-117.4866333,-5.41102314,-0.00353463,-0.002135081,-2.115360243,-1.805869937,1.289074779,0.004386459,1.56E-05,0.000376813,7.67E-09,0.000192559,0.034575887,-9.806724548,1.56E-05,0.000376813,7.67E-09,128.6351166,0,-1.842735145,1.287899027,0.001480884,0.899276057,1,0.3,0,0,applied,clear_constant_wind,1.225,0
2026-01-24T14:01:33.026691,-146.8911285,-117.386116,-5.410683155,-0.003533265,-0.002157575,-2.115360224,-1.806732178,1.287662983,0.004349449,1.51E-05,0.000427546,1.05E-08,0.000190787,0.034576111,-9.806873322,1.51E-05,0.000427546,1.05E-08,128.996933,0,-1.843684504,1.286318254,0.001448637,0.899225382,1,0.3,0,0,applied,clear_constant_wind,1.225,0
2026-01-24T14:01:33.136996,-147.0265503,-117.2896042,-5.41036129,-0.003531926,-0.00218229,-2.115360202,-1.807569742,1.286290407,0.004315311,1.50E-05,0.000405012,4.63E-09,0.000186515,0.034576278,-9.806856155,1.50E-05,0.000405012,4.63E-09,129.0787964,0,-1.844604713,1.284783489,0.00141774,0.899176261,1,0.3,0,0,applied,clear_constant_wind,1.225,0
2026-01-24T14:01:33.245945,-147.1620941,-117.1931763,-5.410039425,-0.003530555,-0.002205245,-2.115360183,-1.808415532,1.284901977,0.004282887,1.61E-05,0.000428513,7.03E-09,0.000183737,0.034576386,-9.806843758,1.61E-05,0.000428513,7.03E-09,128.6905823,0,-1.845531099,1.283235903,0.001386281,0.899126807,1,0.3,0,0,applied,clear_constant_wind,1.225,0
2026-01-24T14:01:33.354158,-147.3087616,-117.0891495,-5.409691811,-0.003529026,-0.002224041,-2.115360167,-1.809337258,1.283386707,0.004249337,1.49E-05,0.000454099,1.22E-08,0.000181221,0.034576528,-9.806807518,1.49E-05,0.000454099,1.22E-08,128.7117157,0,-1.846532205,1.281560637,0.001351664,0.899073361,1,0.3,0,0,applied,clear_constant_wind,1.225,0
2026-01-24T14:01:33.464302,-147.493454,-116.9583588,-5.409255505,-0.003527175,-0.002237141,-2.115360155,-1.810508251,1.281457901,0.004210867,1.53E-05,0.000451603,6.35E-09,0.000175661,0.034576584,-9.80670929,1.53E-05,0.000451603,6.35E-09,128.7882996,0,-1.847806982,1.279423097,0.001307268,0.8990053,1,0.3,0,0,applied,clear_constant_wind,1.225,0
2026-01-24T14:01:33.573218,-147.6346893,-116.8584442,-5.408933163,-0.003525533,-0.002262682,-2.115360134,-1.811407089,1.279975414,0.004171302,1.64E-05,0.000425916,1.07E-08,0.000172161,0.034576591,-9.806871414,1.64E-05,0.000425916,1.07E-08,128.9757996,7.393409116,-1.848796086,1.277761228,0.001274155,0.898952488,1,0.3,0,0,applied,clear_constant_wind,1.225,0
2026-01-24T14:01:33.684619,-147.7759247,-116.758667,-5.408610821,-0.003523935,-0.002286933,-2.115360115,-1.812314391,1.278476357,0.004135898,1.62E-05,0.000432805,1.35E-08,0.000168624,0.034576584,-9.806842804,1.62E-05,0.000432805,1.35E-08,128.4740295,7.393409116,-1.849794841,1.276080172,0.001240378,0.898899157,1,0.3,0,0,applied,clear_constant_wind,1.225,0
2026-01-24T14:01:33.793339,-147.9117279,-116.6628418,-5.408300877,-0.00352229,-0.00231149,-2.115359974,-1.813194156,1.277019858,0.004101762,1.49E-05,0.000441779,6.57E-09,0.000165184,0.034576528,-9.806861877,1.49E-05,0.000441779,6.57E-09,128.693222,7.416994215,-1.850765495,1.274443536,0.001207257,0.898847324,1,0.3,0,0,applied,clear_constant_wind,1.225,0
2026-01-24T14:01:33.904106,-148.0533447,-116.5632629,-5.407978535,-0.00352054,-0.002333523,-2.115359957,-1.814117908,1.275488377,0.004066874,1.40E-05,0.000471145,-4.00E-10,0.000162696,0.034576446,-9.806821823,1.42E-05,0.000465736,-1.18E-09,128.5242004,7.416994215,-1.851774032,1.272740013,0.001172145,0.898793465,1,0.3,0,0,applied,clear_constant_wind,1.225,0
2026-01-24T14:01:34.015427,-148.2331085,-116.4371109,-5.407580376,-0.003518461,-0.002343094,-2.115359949,-1.815298796,1.273527026,0.004028136,1.96E-05,0.000446104,-8.16E-09,0.000157481,0.034576084,-9.806744576,1.96E-05,0.000446104,-8.16E-09,128.7882996,7.416994215,-1.853065775,1.270553617,0.001128165,0.898724477,1,0.3,0,0,applied,clear_constant_wind,1.225,0
2026-01-24T14:01:34.124229,-148.3747406,-116.3378372,-5.407270432,-0.003516576,-0.002372896,-2.115359926,-1.816233993,1.271970749,0.003987491,1.44E-05,0.000411461,-1.40E-09,0.000153279,0.034576073,-9.806876183,1.44E-05,0.000411461,-1.40E-09,128.6773834,7.44431578,-1.854098041,1.268802757,0.001093259,0.898669343,1,0.3,0,0,applied,clear_constant_wind,1.225,0
2026-01-24T14:01:34.233573,-148.5109253,-116.2424698,-5.406972408,-0.003514723,-0.002400958,-2.115359905,-1.817142367,1.27045691,0.003951226,1.49E-05,0.000430826,-2.09E-09,0.000149988,0.034575824,-9.806877136,1.49E-05,0.000430826,-2.09E-09,128.8358307,7.487106337,-1.855103772,1.267093766,0.001059002,0.898615623,1,0.3,0,0,applied,clear_constant_wind,1.225,0
2026-01-24T14:01:34.343328,-148.6525574,-116.1434631,-5.406662464,-0.003512769,-0.002425586,-2.115359766,-1.818096399,1.268864155,0.003914853,1.60E-05,0.000472724,-3.16E-09,0.000147913,0.034575462,-9.80683136,1.66E-05,0.000467359,-2.77E-09,128.315567,7.487106337,-1.856158203,1.265298683,0.001022629,0.898559298,1,0.3,0,0,applied,clear_constant_wind,1.225,0
2026-01-24T14:01:34.453310,-148.789032,-116.0483398,-5.406369686,-0.00351086,-0.002449333,-2.115359748,-1.819020271,1.267319441,0.003879405,1.37E-05,0.000453059,-1.17E-08,0.000144686,0.034575216,-9.806876183,1.41E-05,0.000488408,-1.13E-08,128.8463898,7.564251098,-1.857175289,1.263563926,0.000987748,0.898504965,1,0.3,0,0,applied,clear_constant_wind,1.225,0
2026-01-24T14:01:34.562115,-148.974762,-115.9191589,-5.405980587,-0.003508432,-0.002459527,-2.11535974,-1.82028842,1.26519537,0.003837902,1.74E-05,0.000460404,2.49E-09,0.000139493,0.034574635,-9.8067379,1.74E-05,0.000460404,2.49E-09,128.5506134,7.564251098,-1.858572477,1.261175633,0.000940569,0.898430321,1,0.3,0,0,applied,clear_constant_wind,1.225,0
2026-01-24T14:01:34.671576,-149.1222534,-115.8167801,-5.405671597,-0.003506181,-0.002492052,-2.115359717,-1.821300983,1.26349628,0.00379396,1.93E-05,0.000391279,7.75E-09,0.000134578,0.034574181,-9.806873322,1.93E-05,0.000391279,7.75E-09,128.5004272,7.602778848,-1.859694361,1.25925353,0.000902132,0.898370381,1,0.3,0,0,applied,clear_constant_wind,1.225,0
2026-01-24T14:01:34.781022,-149.2642822,-115.7182846,-5.40537405,-0.003503897,-0.002523436,-2.115359575,-1.822286487,1.26183939,0.003754223,1.81E-05,0.000431576,1.65E-08,0.000131915,0.034573708,-9.806879997,1.81E-05,0.000431576,1.65E-08,128.9942932,7.602778848,-1.860791037,1.257370807,0.000864278,0.898311784,1,0.3,0,0,applied,clear_constant_wind,1.225,0
2026-01-24T14:01:34.892101,-149.4008484,-115.6236801,-5.405094624,-0.003501609,-0.002554202,-2.115359554,-1.823243618,1.260226965,0.003715619,1.56E-05,0.000449723,1.78E-08,0.000128875,0.034573264,-9.806899071,1.56E-05,0.000449723,1.78E-08,128.5373993,7.678093136,-1.861859856,1.255532268,0.000828163,0.898254671,1,0.3,0,0,applied,clear_constant_wind,1.225,0
2026-01-24T14:01:35.000278,-149.5432129,-115.5254745,-5.404809475,-0.00349926,-0.002582126,-2.115359535,-1.824249625,1.258529186,0.003676947,1.57E-05,0.000485867,2.42E-08,0.000126859,0.034572676,-9.806868553,1.57E-05,0.000485867,2.42E-08,128.8173523,7.678093136,-1.86296747,1.253623188,0.000790675,0.898195481,1,0.3,0,0,applied,clear_constant_wind,1.225,0
2026-01-24T14:01:35.109045,-149.7185059,-115.4047546,-5.404458523,-0.003496527,-0.002600865,-2.115359523,-1.825500011,1.256414771,0.003635007,2.01E-05,0.000434217,1.89E-08,0.000121076,0.034571696,-9.806759834,2.01E-05,0.000434217,1.89E-08,128.5453339,7.678093136,-1.864349383,1.251235867,0.000743351,0.898121628,1,0.3,0,0,applied,clear_constant_wind,1.225,0
2026-01-24T14:01:35.219259,-149.8773651,-115.295517,-5.404140472,-0.0034938,-0.002631322,-2.115359503,-1.826640964,1.254480839,0.003588869,2.29E-05,0.00037709,1.99E-08,0.000116094,0.034570843,-9.806837082,2.29E-05,0.00037709,1.99E-08,129.1870728,7.762545727,-1.86562155,1.24903275,0.000699287,0.898053635,1,0.3,0,0,applied,clear_constant_wind,1.225,0
2026-01-24T14:01:35.326772,-150.0088348,-115.205246,-5.403884888,-0.003491235,-0.002667508,-2.11535948,-1.827593327,1.252864718,0.003547824,1.38E-05,0.000391223,1.65E-08,0.000113887,0.034570374,-9.806936264,1.47E-05,0.000436647,1.73E-08,128.7539673,7.809543719,-1.866688088,1.247181738,0.000663244,0.897996628,1,0.3,0,0,applied,clear_constant_wind,1.225,0
2026-01-24T14:01:35.435835,-150.1568146,-115.1038513,-5.403601646,-0.003488524,-0.002696317,-2.115359342,-1.828677416,1.25102067,0.003506163,1.96E-05,0.000493645,6.15E-09,0.000112872,0.034569353,-9.806858063,1.96E-05,0.000493645,6.15E-09,128.6536102,7.809543719,-1.867898776,1.245076105,0.00062249,0.897931911,1,0.3,0,0,applied,clear_constant_wind,1.225,0
2026-01-24T14:01:35.546838,-150.2886505,-115.0138245,-5.403349876,-0.003485826,-0.002730709,-2.115359322,-1.829649806,1.249363899,0.003466978,1.44E-05,0.000439121,4.39E-09,0.000108721,0.034568597,-9.806917191,1.58E-05,0.000479201,4.39E-09,128.7803802,0,-1.86897801,1.243195097,0.000585416,0.897874218,1,0.3,0,0,applied,clear_constant_wind,1.225,0
2026-01-24T14:01:35.655617,-150.4644318,-114.8939819,-5.403014183,-0.003482741,-0.002747393,-2.115359312,-1.830959797,1.247127414,0.003423269,2.22E-05,0.000486362,9.65E-09,0.000105445,0.034567215,-9.806777954,2.22E-05,0.000486362,9.65E-09,128.65625,0,-1.870437487,1.240645328,0.000534679,0.897796191,1,0.3,0,0,applied,clear_constant_wind,1.225,0
2026-01-24T14:01:35.766784,-150.6347198,-114.7780914,-5.402701378,-0.003479326,-0.002780306,-2.115359173,-1.832238793,1.244938493,0.003372172,2.64E-05,0.0003466,7.57E-09,9.74E-05,0.034565818,-9.806816101,2.64E-05,0.0003466,7.57E-09,128.2337036,0,-1.871874845,1.238127385,0.000486276,0.897719341,1,0.3,0,0,applied,clear_constant_wind,1.225,0
2026-01-24T14:01:35.875952,-150.772049,-114.6848145,-5.402451038,-0.003476217,-0.00282052,-2.115359151,-1.833278775,1.243155122,0.003327219,1.39E-05,0.000430603,-7.63E-10,9.62E-05,0.034565162,-9.806967735,1.39E-05,0.000430603,-7.63E-10,128.7962189,8.017435409,-1.873048789,1.23606584,0.000446533,0.897656569,1,0.3,0,0,applied,clear_constant_wind,1.225,0
2026-01-24T14:01:35.986785,-150.9151611,-114.5879211,-5.402190685,-0.003472958,-0.002857573,-2.115359131,-1.834374309,1.241272688,0.003283009,1.85E-05,0.000478728,1.48E-09,9.50E-05,0.034563858,-9.806907654,1.85E-05,0.000478728,1.48E-09,128.7803802,8.05774651,-1.874275836,1.233906165,0.000404176,0.897590953,1,0.3,0,0,applied,clear_constant_wind,1.225,0
2026-01-24T14:01:36.097037,-151.0473633,-114.4985886,-5.401955605,-0.003469711,-0.002896278,-2.115358991,-1.835396409,1.239512682,0.003240875,1.43E-05,0.000442629,-1.76E-09,9.02E-05,0.034562781,-9.806964874,1.43E-05,0.000442629,-1.76E-09,128.6456909,8.05774651,-1.875421477,1.231885248,0.00036509,0.897529687,1,0.3,0,0,applied,clear_constant_wind,1.225,0
2026-01-24T14:01:36.204369,-151.212616,-114.3871231,-5.401669502,-0.003466132,-0.002922727,-2.115358978,-1.83668983,1.237280726,0.003194872,2.64E-05,0.000473975,-7.15E-10,8.86E-05,0.034560833,-9.80681324,2.64E-05,0.000473975,-7.15E-10,128.4317627,8.05774651,-1.876873371,1.229317789,0.000316373,0.897452036,1,0.3,0,0,applied,clear_constant_wind,1.225,0
2026-01-24T14:01:36.315322,-151.3778687,-114.2758789,-5.4013834,-0.003462216,-0.002958493,-2.115358961,-1.837995529,1.235022902,0.003144701,2.85E-05,0.000384101,5.09E-09,8.22E-05,0.034559142,-9.806830406,2.85E-05,0.000384101,5.09E-09,128.6245575,8.17288942,-1.878348298,1.226702335,0.000266163,0.897373146,1,0.3,0,0,applied,clear_constant_wind,1.225,0
2026-01-24T14:01:36.426841,-151.5212555,-114.1796341,-5.401136398,-0.003458538,-0.002999144,-2.115358702,-1.8391366,1.233045101,0.003096834,1.57E-05,0.000484644,7.01E-09,8.18E-05,0.034558006,-9.806954384,1.57E-05,0.000484644,7.01E-09,128.9890137,8.17288942,-1.879639133,1.224407285,0.000221576,0.897304097,1,0.3,0,0,applied,clear_constant_wind,1.225,0
2026-01-24T14:01:36.535860,-151.6593475,-114.0872269,-5.400909901,-0.003454701,-0.003040822,-2.115358804,-1.840246439,1.231117129,0.00305016,1.76E-05,0.000484472,9.73E-09,1.47E-05,0.034556292,-9.806937218,2.07E-05,0.000499233,9.34E-09,129.0497437,8.292359919,-1.880889229,1.222179258,0.000179735,0.897237223,1,0.3,0,0,applied,clear_constant_wind,1.225,0
2026-01-24T14:01:36.647127,-151.8029633,-113.9912643,-5.400674343,-0.003450887,-0.003076145,-2.115358789,-1.841410995,1.229089856,0.003005492,1.57E-05,0.000537962,1.16E-08,1.62E-05,0.03455466,-9.806913376,1.85E-05,0.000553029,1.12E-08,128.6087189,8.347828784,-1.882209978,1.219819492,0.000135042,0.897166563,1,0.3,0,0,applied,clear_constant_wind,1.225,0
2026-01-24T14:01:36.756909,-151.96315,-113.8844223,-5.400411606,-0.003446786,-0.00310763,-2.115358656,-1.84272337,1.22679925,0.002956928,2.50E-05,0.000526253,1.12E-08,1.59E-05,0.034552518,-9.806879997,2.50E-05,0.000526253,1.12E-08,128.5743866,8.347828784,-1.883706922,1.217137655,8.37E-05,0.89708647,1,0.3,0,0,applied,clear_constant_wind,1.225,0
2026-01-24T14:01:36.866097,-152.1400604,-113.7667694,-5.400133133,-0.003441751,-0.003149782,-2.11535852,-1.844189882,1.224233866,0.002900823,2.96E-05,0.000362262,1.60E-08,1.03E-05,0.034549933,-9.806810379,2.96E-05,0.000362262,1.60E-08,128.3947906,8.347828784,-1.885381214,1.214128884,2.76E-05,0.89699688,1,0.3,0,0,applied,clear_constant_wind,1.225,0
2026-01-24T14:01:36.973208,-152.272995,-113.6786957,-5.399927139,-0.00343738,-0.003201074,-2.115358502,-1.845298648,1.222289562,0.002850828,1.01E-05,0.000376306,1.89E-08,1.24E-05,0.034548637,-9.807030678,1.21E-05,0.00044279,1.81E-08,129.0629578,8.459191847,-1.88664597,1.211849578,-1.53E-05,0.896929198,1,0.3,0,0,applied,clear_constant_wind,1.225,0
2026-01-24T14:01:37.085733,-152.4170074,-113.5834503,-5.399703979,-0.003432926,-0.003244125,-2.115358368,-1.846516728,1.220148563,0.002801782,1.87E-05,0.000515267,1.39E-08,1.47E-05,0.03454642,-9.806968689,1.87E-05,0.000515267,1.39E-08,128.4132843,8.459191847,-1.888036824,1.209336535,-6.30E-05,0.896854762,1,0.3,0,0,applied,clear_constant_wind,1.225,0
2026-01-24T14:01:37.193341,-152.5610199,-113.4883652,-5.399488449,-0.003428103,-0.00329035,-2.115358354,-1.847750902,1.217974901,0.00275111,2.46E-05,0.0005145,1.56E-08,1.51E-05,0.034544069,-9.806965828,2.46E-05,0.0005145,1.56E-08,128.5585327,8.579573067,-1.889451388,1.206773636,-0.000110466,0.896779051,1,0.3,0,0,applied,clear_constant_wind,1.225,0
2026-01-24T14:01:37.301160,-152.7162018,-113.3861542,-5.399261475,-0.003422968,-0.003334174,-2.115358342,-1.849097252,1.215597868,0.002698989,3.10E-05,0.000487891,7.49E-09,1.48E-05,0.034541368,-9.806909561,3.10E-05,0.000487891,7.49E-09,128.933548,8.640089097,-1.890996913,1.203965324,-0.000162073,0.896696323,1,0.3,0,0,applied,clear_constant_wind,1.225,0
2026-01-24T14:01:37.411482,-152.8994904,-113.2659454,-5.398993969,-0.003416845,-0.003379192,-2.11535821,-1.850705981,1.212749243,0.002641118,2.71E-05,0.000430731,-3.24E-09,1.19E-05,0.034538217,-9.806793213,2.71E-05,0.000430731,-3.24E-09,129.4062805,8.640089097,-1.892834945,1.200614365,-0.000225096,0.896597928,1,0.3,0,0,applied,clear_constant_wind,1.225,0
2026-01-24T14:01:37.521945,-153.0383453,-113.1750717,-5.398798943,-0.00341159,-0.00343364,-2.115358198,-1.851934314,1.210568666,0.002584926,1.13E-05,0.000474976,2.22E-09,1.47E-05,0.034536146,-9.807044983,1.70E-05,0.000505938,1.04E-09,128.2574615,8.640089097,-1.894253903,1.198019087,-0.000272772,0.89652196,1,0.3,0,0,applied,clear_constant_wind,1.225,0
2026-01-24T14:01:37.631151,-153.1827545,-113.0807343,-5.398600578,-0.003406012,-0.003484148,-2.115358068,-1.85322988,1.208263755,0.002531252,2.08E-05,0.000509658,9.54E-09,1.45E-05,0.034533419,-9.807012558,2.08E-05,0.000509658,9.54E-09,128.7064209,8.741855716,-1.895755577,1.195264549,-0.000322865,0.896441557,1,0.3,0,0,applied,clear_constant_wind,1.225,0
2026-01-24T14:01:37.740322,-153.3217926,-112.9901886,-5.398409843,-0.003400146,-0.003540433,-2.115357938,-1.854492664,1.206011415,0.00247793,2.22E-05,0.000488887,1.70E-09,1.49E-05,0.034530386,-9.806994438,2.80E-05,0.000505583,9.15E-10,128.1571045,8.799323554,-1.897215898,1.192577946,-0.000372557,0.89636336,1,0.3,0,0,applied,clear_constant_wind,1.225,0
2026-01-24T14:01:37.847787,-153.472168,-112.892601,-5.39821291,-0.003394129,-0.003588901,-2.115357811,-1.855874896,1.203539848,0.002423812,2.70E-05,0.00056028,8.21E-10,1.65E-05,0.034527436,-9.806982994,2.70E-05,0.00056028,8.21E-10,128.8305511,8.799323554,-1.898809204,1.18963772,-0.000425828,0.896278035,1,0.3,0,0,applied,clear_constant_wind,1.225,0
2026-01-24T14:01:37.959121,-153.6615295,-112.7700043,-5.397969723,-0.003386539,-0.003638609,-2.115357806,-1.857642174,1.200369358,0.002361062,2.58E-05,0.000493468,1.29E-10,1.35E-05,0.034523197,-9.806785583,2.58E-05,0.000493468,1.29E-10,128.6694489,8.799323554,-1.900858916,1.185841384,-0.000494371,0.896168257,1,0.3,0,0,applied,clear_constant_wind,1.225,0
2026-01-24T14:01:38.066848,-153.7951965,-112.6836548,-5.397799492,-0.003379908,-0.003708067,-2.11535768,-1.858901501,1.198104024,0.002299709,1.31E-05,0.000422308,2.88E-09,1.16E-05,0.034520771,-9.807135582,1.31E-05,0.000422308,2.88E-09,128.3446198,8.905179191,-1.902336988,1.183094036,-0.00054423,0.896089086,1,0.3,0,0,applied,clear_constant_wind,1.225,0
2026-01-24T14:01:38.176060,-153.9403687,-112.5902939,-5.397625923,-0.003372886,-0.003769782,-2.115357557,-1.860288978,1.195601225,0.002241042,3.27E-05,0.00050134,3.89E-09,1.47E-05,0.034516778,-9.807017326,3.27E-05,0.00050134,3.89E-09,128.6800232,8.905179191,-1.903947582,1.180090971,-0.000597324,0.896002808,1,0.3,0,0,applied,clear_constant_wind,1.225,0
2026-01-24T14:01:38.284437,-154.0799866,-112.5007095,-5.39745903,-0.003365694,-0.003832095,-2.115357436,-1.861641645,1.193154693,0.002185076,2.89E-05,0.000510964,9.60E-10,1.45E-05,0.034513406,-9.807053566,2.89E-05,0.000510964,9.60E-10,128.9388275,8.974594086,-1.90552425,1.177141605,-0.000650135,0.89591834,1,0.3,0,0,applied,clear_constant_wind,1.225,0
2026-01-24T14:01:38.394260,-154.2307739,-112.4041748,-5.397284508,-0.003358197,-0.003889835,-2.115357438,-1.863124013,1.190465927,0.002126076,3.90E-05,0.000550371,2.77E-09,1.65E-05,0.034509242,-9.80698967,3.90E-05,0.000550371,2.77E-09,128.8384705,9.011538172,-1.90726005,1.173883542,-0.000707715,0.895825337,1,0.3,0,0,applied,clear_constant_wind,1.225,0
2026-01-24T14:01:38.505716,-154.4209137,-112.2829132,-5.397073746,-0.003348985,-0.003947095,-2.115357323,-1.865020037,1.187015176,0.002059106,2.71E-05,0.000520054,7.06E-09,1.41E-05,0.034504142,-9.806799889,2.71E-05,0.000520054,7.06E-09,128.619278,9.011538172,-1.909484303,1.169691628,-0.000780945,0.89570615,1,0.3,0,0,applied,clear_constant_wind,1.225,0
2026-01-24T14:01:38.615041,-154.5329132,-112.2117538,-5.396949768,-0.003340982,-0.004027682,-2.115357209,-1.866143703,1.184963942,0.002000111,3.11E-05,-0.000328274,1.03E-08,-1.44E-05,0.034500755,-9.80737114,3.11E-05,-0.000328274,1.03E-08,128.3367004,9.011538172,-1.910811234,1.16718165,-0.000825691,0.895635038,1,0.3,0,0,applied,clear_constant_wind,1.225,0
2026-01-24T14:01:38.723395,-154.6729126,-112.1229782,-5.396803856,-0.003333148,-0.004094984,-2.115357098,-1.867576599,1.182341933,0.001938292,1.58E-05,0.000519203,4.11E-09,1.43E-05,0.034497447,-9.807062149,1.58E-05,0.000519203,4.11E-09,129.09729,9.120650825,-1.91250039,1.16397648,-0.000880951,0.895544506,1,0.3,0,0,applied,clear_constant_wind,1.225,0
2026-01-24T14:01:38.832453,-154.818512,-112.0308609,-5.396655083,-0.003324493,-0.004160214,-2.11535699,-1.869088531,1.179567456,0.001877943,4.04E-05,0.000587783,3.86E-10,1.73E-05,0.034492239,-9.807044983,4.04E-05,0.000587783,3.86E-10,128.5638123,9.120650825,-1.914294259,1.160560231,-0.00093975,0.895448352,1,0.3,0,0,applied,clear_constant_wind,1.225,0
2026-01-24T14:01:38.940408,-154.992569,-111.9212952,-5.396483898,-0.003314398,-0.004222668,-2.115356884,-1.870918155,1.176197767,0.001810496,6.14E-05,0.000429257,1.04E-08,1.28E-05,0.034485776,-9.806904793,6.14E-05,0.000429257,1.04E-08,129.0365448,9.120650825,-1.916458773,1.156420981,-0.00101114,0.895332317,1,0.3,0,0,applied,clear_constant_wind,1.225,0
2026-01-24T14:01:39.050988,-155.1554108,-111.8191223,-5.396331787,-0.003303734,-0.00430416,-2.115356785,-1.872654319,1.172989368,0.001736039,7.17E-05,0.000324616,8.76E-09,9.06E-06,0.034479737,-9.806963921,7.47E-05,0.000299564,7.97E-09,128.5717316,0,-1.918530763,1.152440928,-0.00107866,0.895221228,1,0.3,0,0,applied,clear_constant_wind,1.225,0
2026-01-24T14:01:39.159159,-155.2957916,-111.7312546,-5.396200657,-0.003293419,-0.004386059,-2.11535669,-1.874170303,1.17017889,0.00167,2.45E-05,0.000384045,2.68E-09,9.67E-06,0.034476463,-9.80721283,2.45E-05,0.000384045,2.68E-09,128.8199921,9.224637079,-1.920361318,1.148910057,-0.001139341,0.895123072,1,0.3,0,0,applied,clear_constant_wind,1.225,0
2026-01-24T14:01:39.266157,-155.4365387,-111.6436005,-5.396080971,-0.003282589,-0.004473251,-2.1153566,-1.875713229,1.167308807,0.001600204,3.83E-05,0.000458068,6.78E-09,1.42E-05,0.034470413,-9.807126045,5.08E-05,0.000483443,6.00E-09,128.8094177,9.224637079,-1.922209733,1.145330723,-0.001199002,0.895023947,1,0.3,0,0,applied,clear_constant_wind,1.225,0
2026-01-24T14:01:39.375799,-155.5716705,-111.5596542,-5.39596653,-0.003271546,-0.00455692,-2.115356514,-1.87721777,1.164502025,0.001536367,3.06E-05,0.000324294,7.93E-09,7.24E-06,0.034465838,-9.807226181,3.06E-05,0.000324294,7.93E-09,128.7011414,0,-1.92402366,1.141804352,-0.001258434,0.894926661,1,0.3,0,0,applied,clear_constant_wind,1.225,0
2026-01-24T14:01:39.487062,-155.7574768,-111.4445496,-5.395820618,-0.003258282,-0.004632167,-2.11535631,-1.879327059,1.160551906,0.001459852,7.03E-05,0.000417487,-3.18E-09,1.17E-05,0.034456905,-9.806874275,7.03E-05,0.000417487,-3.18E-09,128.7169952,0,-1.926586707,1.136798065,-0.0013404,0.89478918,1,0.3,0,0,applied,clear_constant_wind,1.225,0
2026-01-24T14:01:39.595883,-155.9212036,-111.3437424,-5.395696163,-0.003244291,-0.004737035,-2.115356242,-1.881209135,1.157012582,0.001374945,0.000100715,0.000213287,5.03E-09,5.59E-06,0.034448858,-9.807030678,0.000105776,0.000175675,4.64E-09,128.5743866,0,-1.928874561,1.132305696,-0.001415106,0.894666442,1,0.3,0,0,applied,clear_constant_wind,1.225,0
2026-01-24T14:01:39.705969,-156.0679932,-111.2536087,-5.39559269,-0.003230469,-0.004840357,-2.115356059,-1.882924438,1.153775573,0.001298023,3.88E-05,0.000376611,-2.77E-09,1.01E-05,0.0344446,-9.807257652,3.88E-05,0.000376611,-2.77E-09,128.405365,9.363357439,-1.930984566,1.128142574,-0.001482604,0.89455323,1,0.3,0,0,applied,clear_constant_wind,1.225,0
2026-01-24T14:01:39.815314,-156.2091827,-111.1671829,-5.395497322,-0.003215907,-0.004951341,-2.115355888,-1.884606242,1.150589347,0.001220002,5.68E-05,0.000362773,2.98E-09,9.94E-06,0.034437563,-9.807250977,5.68E-05,0.000362773,2.98E-09,128.6456909,9.328795527,-1.933063077,1.12402264,-0.001549075,0.894441694,1,0.3,0,0,applied,clear_constant_wind,1.225,0
2026-01-24T14:01:39.921989,-156.350708,-111.0810242,-5.395409584,-0.00320067,-0.005062714,-2.115355724,-1.886321425,1.147327185,0.001143268,6.14E-05,0.000387436,1.15E-08,1.21E-05,0.034429781,-9.80719471,7.56E-05,0.0004135,1.27E-08,128.503067,9.328795527,-1.935168654,1.119829663,-0.001615984,0.894328692,1,0.3,0,0,applied,clear_constant_wind,1.225,0
2026-01-24T14:01:40.032416,-156.5261993,-110.9744949,-5.39530611,-0.003183922,-0.005160128,-2.11535556,-1.888490438,1.143184423,0.001061188,0.000104765,0.000377527,1.94E-08,1.15E-05,0.034419913,-9.807010651,0.000104765,0.000377527,1.94E-08,128.3710327,9.328795527,-1.937863236,1.114434943,-0.001701429,0.894184058,1,0.3,0,0,applied,clear_constant_wind,1.225,0
2026-01-24T14:01:40.142475,-156.7076263,-110.8649673,-5.395210743,-0.003163693,-0.005291104,-2.11535543,-1.890775204,1.138800383,0.000963698,0.000121972,9.05E-05,3.00E-08,2.02E-06,0.034409329,-9.806999207,0.000121972,9.05E-05,3.00E-08,128.7698059,9.283400994,-1.940717439,1.108684875,-0.001790838,0.89403083,1,0.3,0,0,applied,clear_constant_wind,1.225,0
2026-01-24T14:01:40.251566,-156.8438568,-110.7830734,-5.395142078,-0.00314539,-0.005429806,-2.115355312,-1.892518044,1.13544178,0.000875762,4.23E-05,9.93E-05,2.39E-08,5.33E-06,0.034403712,-9.807413101,5.17E-05,0.000222682,2.39E-08,128.7935791,9.283400994,-1.942918619,1.10422489,-0.001860597,0.893912643,1,0.3,0,0,applied,clear_constant_wind,1.225,0
2026-01-24T14:01:40.358858,-156.9914398,-110.694664,-5.395079613,-0.003126272,-0.005560726,-2.11535508,-1.894449234,1.13170433,0.000787615,7.95E-05,0.000333372,2.50E-08,8.98E-06,0.034394417,-9.807320595,7.95E-05,0.000333372,2.50E-08,128.5136414,9.197150874,-1.94536822,1.099235102,-0.001935353,0.893781098,1,0.3,0,0,applied,clear_constant_wind,1.225,0
2026-01-24T14:01:40.471306,-157.1336975,-110.6099091,-5.395022869,-0.003105433,-0.005703632,-2.115354871,-1.896346569,1.128016472,0.000699488,8.94E-05,0.0002685,2.06E-08,7.06E-06,0.034385137,-9.807359695,8.94E-05,0.0002685,2.06E-08,128.3367004,9.106018658,-1.947772667,1.094309826,-0.002009855,0.893651959,1,0.3,0,0,applied,clear_constant_wind,1.225,0
2026-01-24T14:01:40.577158,-157.2987518,-110.5119705,-5.394967556,-0.003082264,-0.005844725,-2.115354797,-1.898599982,1.12361598,0.000604574,0.000160836,0.000206242,2.08E-08,6.87E-06,0.034371953,-9.807150841,0.000160836,0.000206242,2.08E-08,129.0312653,9.106018658,-2.250648326,1.088383073,-0.002096971,1,0,0,0,0,suppressed_near_checkpoint,clear_constant_wind,1.225,0
2026-01-24T14:01:40.687826,-157.4870148,-110.4009781,-5.395069599,-0.016389885,-0.013915164,-2.115281405,-1.908212066,1.118532062,-0.003550808,-0.135883644,-0.072972782,-0.000111553,-0.002165675,0.038677126,-9.859946251,-0.135883644,-0.072972782,-0.000111553,128.3367004,9.106018658,-2.254018446,1.081386287,-0.002131833,1,0,0,0,0,suppressed_near_checkpoint,clear_constant_wind,1.225,0
2026-01-24T14:01:40.797085,-157.6307068,-110.3172302,-5.395475388,-0.022212803,-0.017778744,-2.115215553,-1.924295425,1.114523649,-0.006971962,-0.051931128,-0.035671435,-0.000108847,-0.001072869,0.036476448,-9.844321251,-0.051931128,-0.035671435,-0.000108847,128.9837189,9.055860125,-2.256583304,1.076024041,-0.00201412,1,0,0,0,0,suppressed_near_checkpoint,clear_constant_wind,1.225,0
2026-01-24T14:01:40.904629,-157.7757721,-110.2337875,-5.396072865,-0.025037064,-0.019755059,-2.115176157,-1.944153547,1.110338926,-0.008700418,-0.02286016,-0.015088379,-8.69E-05,-0.000433743,0.036029533,-9.82335186,-0.022356516,-0.014391522,-8.60E-05,128.3921509,8.859248363,-2.259120584,1.070687134,-0.001801678,1,0,0,0,0,suppressed_near_checkpoint,clear_constant_wind,1.225,0
2026-01-24T14:01:41.017101,-157.9282837,-110.1473618,-5.396772861,-0.02609765,-0.020563692,-2.11516133,-1.96658957,1.105844378,-0.009043108,-0.004847125,-0.002277156,-6.44E-05,-6.05E-05,0.03603141,-9.809028625,-0.004281089,-0.001868978,-6.37E-05,128.5321198,8.859248363,-2.261708718,1.065209527,-0.001529606,1,0,0,0,0,suppressed_near_checkpoint,clear_constant_wind,1.225,0
2026-01-24T14:01:41.122563,-158.0885468,-110.0579834,-5.397485256,-0.025888608,-0.020574931,-2.115165277,-1.990280867,1.101050615,-0.008437302,0.00817219,0.005681037,-4.65E-05,0.000163808,0.036210537,-9.800792694,0.00817219,0.005681037,-4.65E-05,128.719635,8.737326659,-2.264332589,1.059620877,-0.001234799,1,0,0,0,0,suppressed_near_checkpoint,clear_constant_wind,1.225,0
2026-01-24T14:01:41.234297,-158.293045,-109.9459763,-5.398276329,-0.024556565,-0.01988877,-2.115185931,-2.019232988,1.094848633,-0.007034455,0.016407322,0.010854754,-3.16E-05,0.000238568,0.036663383,-9.796486855,0.016407322,0.010854754,-3.16E-05,128.6139984,8.737326659,-2.267543889,1.052731649,-0.000886893,1,0,0,0,0,suppressed_near_checkpoint,clear_constant_wind,1.225,0
2026-01-24T14:01:41.343383,-158.457489,-109.8574982,-5.398792267,-0.023075043,-0.01910062,-2.115207406,-2.040875912,1.089840412,-0.005716016,0.01934588,0.012755508,-2.39E-05,0.000274524,0.037098765,-9.795050621,0.01934588,0.012755508,-2.39E-05,128.4793091,8.737326659,-2.270017229,1.047387876,-0.000646215,1,0,0,0,0,suppressed_near_checkpoint,clear_constant_wind,1.225,0
2026-01-24T14:01:41.451570,-158.6112671,-109.7759399,-5.399176598,-0.021566513,-0.018275698,-2.11522775,-2.059628963,1.085127592,-0.004537727,0.020205902,0.013570045,-1.91E-05,0.000273392,0.037521765,-9.795342445,0.020205902,0.013570045,-1.91E-05,129.0761566,8.62168588,-2.272254043,1.042526428,-0.000457594,1,0,0,0,0,suppressed_near_checkpoint,clear_constant_wind,1.225,0
2026-01-24T14:01:41.561595,-158.7664032,-109.6947327,-5.399475098,-0.020034002,-0.017406069,-2.115246611,-2.077073574,1.080353022,-0.003459805,0.020046808,0.013805628,-1.55E-05,0.000255838,0.037939593,-9.796304703,0.020046808,0.013805628,-1.55E-05,128.7301941,8.508746074,-2.27444707,1.037733316,-0.000303504,1,0,0,0,0,suppressed_near_checkpoint,clear_constant_wind,1.225,0
2026-01-24T14:01:41.669118,-158.9290619,-109.6106644,-5.39970541,-0.018480559,-0.01649427,-2.115265004,-2.093826056,1.075341105,-0.002470958,0.019253759,0.013598999,-1.29E-05,0.000223979,0.038354561,-9.797539711,0.019253759,0.013598999,-1.29E-05,128.8648834,8.508746074,-2.276688482,1.032806625,-0.000177858,1,0,0,0,0,suppressed_near_checkpoint,clear_constant_wind,1.225,0
2026-01-24T14:01:41.778811,-159.1373291,-109.504509,-5.399895191,-0.016630367,-0.015343728,-2.11528705,-2.113121986,1.068946004,-0.001417967,0.017724346,0.012728423,-1.03E-05,0.000162959,0.038841441,-9.799127579,0.017724346,0.012728423,-1.03E-05,128.4238434,8.508746074,-2.279490697,1.02660711,-6.71E-05,1,0,0,0,0,suppressed_near_checkpoint,clear_constant_wind,1.225,0
2026-01-24T14:01:41.888790,-159.3154755,-109.4149475,-5.399982452,-0.015188094,-0.014472495,-2.115301937,-2.127872467,1.063521385,-0.000683193,0.016258253,0.011809678,-8.59E-06,0.000107892,0.039215922,-9.800349236,0.016258253,0.011809678,-8.59E-06,128.6905823,8.443675427,-2.281839978,1.021374718,-1.18E-05,1,0,0,0,0,suppressed_near_checkpoint,clear_constant_wind,1.225,0
2026-01-24T14:01:41.998015,-159.4819641,-109.3321915,-5.400013924,-0.013962155,-0.013731739,-2.115313379,-2.140353441,1.058477283,-0.000130325,0.014765447,0.011151014,-7.23E-06,5.96E-05,0.039532527,-9.801464081,0.014765447,0.011151014,-7.23E-06,128.9493866,8.443675427,-2.284014053,1.016503716,9.88E-06,1,0,0,0,0,suppressed_near_checkpoint,clear_constant_wind,1.225,0
2026-01-24T14:01:42.106948,-159.6429138,-109.2529831,-5.400007248,-0.012887404,-0.013078564,-2.11532266,-2.151345968,1.053621054,0.000297369,0.013399088,0.010414738,-6.12E-06,1.02E-05,0.039816082,-9.802425385,0.013371066,0.010413654,-6.09E-06,128.9626007,8.285678901,-2.28611411,1.01177185,5.42E-06,1,0,0,0,0,suppressed_near_checkpoint,clear_constant_wind,1.225,0
2026-01-24T14:01:42.218981,-159.811142,-109.17099,-5.399969578,-0.011875362,-0.012444177,-2.115331151,-2.161822557,1.048572302,0.000651208,0.012069191,0.009724037,-5.15E-06,-3.75E-05,0.040061399,-9.803255081,0.012069191,0.009724037,-5.15E-06,128.1491852,8.11624778,-2.288318983,1.006775165,-2.41E-05,1,0,0,0,0,suppressed_near_checkpoint,clear_constant_wind,1.225,0
2026-01-24T14:01:42.325982,-160.0127258,-109.0737534,-5.399893761,-0.010799431,-0.011748135,-2.115340184,-2.17316699,1.04255569,0.00097134,0.010719373,0.008579773,-4.19E-06,-0.000103042,0.040325269,-9.803868294,0.010719373,0.008579773,-4.19E-06,128.693222,8.11624778,-2.290996846,1.0006665,-9.06E-05,1,0,0,0,0,suppressed_near_checkpoint,clear_constant_wind,1.225,0
2026-01-24T14:01:42.434662,-160.2153168,-108.977066,-5.399794579,-0.009849374,-0.011161295,-2.115345927,-2.183399916,1.036549926,0.001182982,0.009427973,0.007512709,-3.37E-06,-0.000167426,0.040556028,-9.804585457,0.009427973,0.007512709,-3.37E-06,128.4793091,8.11624778,-2.293764433,0.994306134,-0.000189637,1,0,0,0,0,suppressed_near_checkpoint,clear_constant_wind,1.225,0
2026-01-24T14:01:42.545868,-160.3859406,-108.8964157,-5.399695873,-0.009138217,-0.010761982,-2.115349806,-2.191226482,1.031515479,0.001278586,0.008331676,0.00700804,-2.75E-06,-0.000209538,0.040728837,-9.805528641,0.008331676,0.00700804,-2.75E-06,128.6773834,0.142646543,-2.296179281,0.988716652,-0.000301777,1,0,0,0,0,suppressed_near_checkpoint,clear_constant_wind,1.225,0
2026-01-24T14:01:42.654686,-160.5571442,-108.8161469,-5.399596691,-0.008497556,-0.010423723,-2.11535206,-2.198453665,1.026449442,0.001316775,0.007500754,0.006308269,-2.24E-06,-0.000256879,0.040875293,-9.805976868,0.007500754,0.006308269,-2.24E-06,128.6641693,0.142646543,-2.298723895,0.982785973,-0.000432645,1,0,0,0,0,suppressed_near_checkpoint,clear_constant_wind,1.225,0
2026-01-24T14:01:42.764416,-160.7222443,-108.7393417,-5.399501324,-0.007940079,-0.01016492,-2.115353677,-2.204901695,1.021538258,0.001305156,0.006712651,0.0056119,-1.82E-06,-0.000304336,0.041000441,-9.80648613,0.006712651,0.0056119,-1.82E-06,129.1025696,7.817277689,-2.301331442,0.976664353,-0.000580263,1,0,0,0,0,suppressed_near_checkpoint,clear_constant_wind,1.225,0
2026-01-24T14:01:44.186147,-162.3569183,-107.9995117,-5.656199455,0.112686832,0.013865566,-2.114239022,-0.704262137,0.315989852,-0.100750998,-0.15444462,-0.019016618,-0.000169704,-0.000546992,0.008675881,-9.571281433,-0.15444462,-0.019016618,-0.000169704,129.28479,7.121095599,-0.876761438,2.204857654,0.061929347,0.94943715,1,0.3,0,0,applied,clear_constant_wind,1.225,0
2026-01-24T14:01:44.294384,-162.4055939,-107.9774704,-5.659078121,0.032004866,0.066689313,-2.11047843,-0.654324472,0.307632655,0.029093411,-0.686107218,0.548957109,0.006925751,0.016165167,0.022908807,-9.533490181,-0.686107218,0.548957109,0.006925751,128.8912964,7.061940094,-0.876196616,2.205156848,0.062006405,0.949465705,1,0.3,0,0,applied,clear_constant_wind,1.225,0
2026-01-24T14:01:44.403728,-162.4550476,-107.9514465,-5.658650875,-0.034227144,0.10802158,-2.109949847,-0.6180951,0.371506333,-0.040450681,-0.7036798,0.372272283,0.008048721,0.012668878,0.027318358,-11.2896843,-0.7036798,0.372272283,0.008048721,128.8675232,7.061940094,-0.875652639,2.205446514,0.062020529,0.949493205,1,0.3,0,0,applied,clear_constant_wind,1.225,0
2026-01-24T14:01:44.512709,-162.5008087,-107.9197006,-5.665405273,-0.072880578,0.129221769,-2.110517476,-0.605645359,0.479630828,-0.134050772,-0.390665084,0.184996352,0.006890689,0.006140113,0.017014861,-10.90092659,-0.390665084,0.184996352,0.006890689,128.5136414,6.964249385,-0.875209667,2.205678179,0.062177255,0.949515599,1,0.3,0,0,applied,clear_constant_wind,1.225,0
2026-01-24T14:01:44.621568,-162.5571899,-107.867897,-5.681005955,-0.096341471,0.138534103,-2.110745343,-0.609559953,0.634972811,-0.190249652,-0.153159291,0.0291286,0.004936668,0.001213729,0.009538054,-10.21768665,-0.153159291,0.0291286,0.004936668,129.0840759,6.964249385,-0.874765073,2.205905347,0.062518973,0.949538073,1,0.3,0,0,applied,clear_constant_wind,1.225,0
2026-01-24T14:01:44.731783,-162.6126099,-107.8038101,-5.698544025,-0.104381142,0.137060287,-2.110210833,-0.623456717,0.787127078,-0.19328326,-0.035641272,-0.054551419,0.003424685,-0.000933766,0.006856561,-9.791606903,-0.032446027,-0.056532923,0.0033828,129.1448212,7.257150516,-0.874434325,2.206070504,0.062904288,0.949554793,1,0.3,0,0,applied,clear_constant_wind,1.225,0
2026-01-24T14:01:44.842535,-162.6618347,-107.737442,-5.712946892,-0.104438976,0.131174763,-2.109353769,-0.639149308,0.914049685,-0.173731908,0.025586782,-0.094096646,0.002498106,-0.001513004,0.006149173,-9.611477852,0.027334878,-0.095182396,0.002468658,128.8014984,7.257150516,-0.874217456,2.20617669,0.063227993,0.949565756,1,0.3,0,0,applied,clear_constant_wind,1.225,0
2026-01-24T14:01:44.952014,-162.7123566,-107.6614151,-5.725417614,-0.100814826,0.123009581,-2.108334048,-0.65620333,1.034064054,-0.145181164,0.060713518,-0.114463471,0.001853217,-0.001449168,0.006285071,-9.535912514,0.060713518,-0.114463471,0.001853217,129.2636719,7.297957633,-0.874059653,2.206252323,0.063518658,0.949573732,1,0.3,0,0,applied,clear_constant_wind,1.225,0
2026-01-24T14:01:45.061716,-162.7642059,-107.5763321,-5.735535622,-0.095129215,0.11376455,-2.107290624,-0.673530936,1.146140218,-0.114191815,0.079690695,-0.122583635,0.001407114,-0.000978112,0.006917,-9.516757965,0.079690695,-0.122583635,0.001407114,128.4872284,7.297957633,-0.873955726,2.206300439,0.063767732,0.949578986,1,0.3,0,0,applied,clear_constant_wind,1.225,0
2026-01-24T14:01:45.169022,-162.8215637,-107.4753036,-5.743763924,-0.087879067,0.103464772,-2.106234811,-0.691755235,1.257443786,-0.08219476,0.088618688,-0.122866288,0.001074252,-0.0001899,0.007923126,-9.532056808,0.088618688,-0.122866288,0.001074252,128.5189209,7.223154453,-0.873897711,2.20632492,0.063988357,0.949581918,1,0.3,0,0,applied,clear_constant_wind,1.225,0
2026-01-24T14:01:45.288993,-162.8932037,-107.3406982,-5.750355244,-0.07859785,0.091262838,-2.10511559,-0.712625325,1.379387856,-0.048085637,0.089930333,-0.116538912,0.00079877,0.000975609,0.009369433,-9.57188797,0.089930333,-0.116538912,0.00079877,129.1501007,7.223154453,-0.87389488,2.206320409,0.064195509,0.949582062,1,0.3,0,0,applied,clear_constant_wind,1.225,0
2026-01-24T14:01:45.406281,-162.9581146,-107.2121506,-5.753521919,-0.070573903,0.081181925,-2.104295019,-0.729567707,1.475288987,-0.023078473,0.086287335,-0.107910134,0.000627786,0.002079606,0.010712087,-9.610970497,0.086287335,-0.107910134,0.000627786,128.8992157,7.082633742,-0.873946933,2.206288762,0.064331157,0.94957943,1,0.3,0,0,applied,clear_constant_wind,1.225,0
2026-01-24T14:01:45.515210,-163.0133362,-107.0987549,-5.75458622,-0.06423316,0.07340868,-2.103725767,-0.742537439,1.547272563,-0.005806279,0.081461497,-0.099816963,0.000518401,0.003038585,0.011864483,-9.64328289,0.081246696,-0.099485524,0.000514507,128.7592468,7.082633742,-0.874024806,2.206244838,0.064416383,0.949575494,1,0.3,0,0,applied,clear_constant_wind,1.225,0
2026-01-24T14:01:45.623760,-163.0717316,-106.9753494,-5.754441738,-0.058071566,0.065973264,-2.103232306,-0.754905939,1.614978313,0.009051356,0.07558953,-0.091197126,0.000426931,0.003935248,0.012933016,-9.671376228,0.07558953,-0.091197126,0.000426931,128.78302,7.003493168,-0.874136305,2.206183552,0.064483123,0.949569858,1,0.3,0,0,applied,clear_constant_wind,1.225,0
2026-01-24T14:01:45.733491,-163.1287689,-106.8519897,-5.753308773,-0.052602356,0.059448027,-2.102840707,-0.765748084,1.673685908,0.02074929,0.069633186,-0.083083563,0.000355039,0.004824549,0.013985485,-9.696629524,0.069391005,-0.082764961,0.000352436,129.2002869,7.003493168,-0.874268896,2.206111609,0.064530065,0.949563155,1,0.3,0,0,applied,clear_constant_wind,1.225,0
2026-01-24T14:01:45.841703,-163.1982422,-106.6984711,-5.750915051,-0.046638374,0.052397037,-2.102461309,-0.777467132,1.736558557,0.031958826,0.062503561,-0.073856719,0.000284676,0.005752057,0.015076935,-9.721441269,0.062503561,-0.073856719,0.000284676,128.9018555,7.003493168,-0.874457884,2.206009872,0.064568735,0.949553602,1,0.3,0,0,applied,clear_constant_wind,1.225,0
2026-01-24T14:01:45.952975,-163.2734222,-106.528862,-5.747386932,-0.040976189,0.045749677,-2.102145209,-0.788527012,1.795401096,0.041132715,0.055262733,-0.064828381,0.000224539,0.006689698,0.016174704,-9.740744591,0.055262733,-0.064828381,0.000224539,129.4141998,6.846251188,-0.874691878,2.205884551,0.064593635,0.949541774,1,0.3,0,0,applied,clear_constant_wind,1.225,0
2026-01-24T14:01:46.062733,-163.3304443,-106.3981628,-5.744223118,-0.037176147,0.041306367,-2.101956529,-0.795927525,1.834529042,0.046568379,0.050212264,-0.058645736,0.000187588,0.007332176,0.016923159,-9.752966881,0.050212264,-0.058645736,0.000187588,128.6483307,6.695937906,-0.874886895,2.205780391,0.064603795,0.949531915,1,0.3,0,0,applied,clear_constant_wind,1.225,0
2026-01-24T14:01:46.171464,-163.3928528,-106.2535553,-5.740399361,-0.033458783,0.03697232,-2.101790007,-0.803159535,1.872572899,0.051297061,0.045100994,-0.052514549,0.000154047,0.007994533,0.017693073,-9.76447773,0.044907536,-0.052291065,0.000152877,128.933548,6.695937906,-0.875113837,2.205659361,0.064608457,0.949520443,1,0.3,0,0,applied,clear_constant_wind,1.225,0
2026-01-24T14:01:46.281755,-163.4557495,-106.1061707,-5.736247063,-0.030124296,0.03309212,-2.10165566,-0.809647918,1.906538486,0.055042099,0.040439375,-0.046967391,0.00012618,0.008552134,0.018339097,-9.773038864,0.040439375,-0.046967391,0.00012618,129.0497437,6.624860556,-0.875356816,2.205529906,0.064607957,0.94950816,1,0.3,0,0,applied,clear_constant_wind,1.225,0
2026-01-24T14:01:46.389029,-163.5240021,-105.9446259,-5.73148489,-0.026922715,0.029371064,-2.101539849,-0.815886438,1.939031243,0.058197085,0.035867993,-0.041606341,0.000101514,0.009117186,0.018993303,-9.780706406,0.035867993,-0.041606341,0.000101514,128.5849457,6.510213988,-0.875634585,2.205382001,0.064603026,0.949494118,1,0.3,0,0,applied,clear_constant_wind,1.225,0
2026-01-24T14:01:46.500450,-163.6051178,-105.7509689,-5.725577354,-0.023614138,0.025527954,-2.101434041,-0.822353005,1.972510576,0.061003827,0.031097675,-0.036033738,7.83E-05,0.009725109,0.019695297,-9.787813187,0.030971142,-0.035871379,7.77E-05,129.1263428,6.510213988,-0.875979599,2.205198343,0.064592946,0.949476676,1,0.3,0,0,applied,clear_constant_wind,1.225,0
2026-01-24T14:01:46.608150,-163.6694183,-105.5961838,-5.720751286,-0.021323327,0.022864598,-2.101368779,-0.826849699,1.995646,0.062675007,0.027772948,-0.032146338,6.36E-05,0.010122195,0.020152763,-9.791852951,0.027772948,-0.032146338,6.36E-05,128.7090607,6.510213988,-0.876264523,2.205046678,0.064582644,0.949462272,1,0.3,0,0,applied,clear_constant_wind,1.225,0
2026-01-24T14:01:46.718031,-163.7291107,-105.4517899,-5.716192245,-0.019429908,0.020660077,-2.10131975,-0.830586672,2.014750719,0.063888073,0.02499116,-0.028933521,5.24E-05,0.010480478,0.020566344,-9.795074463,0.02487589,-0.028801722,5.20E-05,129.0893707,6.439770439,-0.87653556,2.204902393,0.064571794,0.94944857,1,0.3,0,0,applied,clear_constant_wind,1.225,0
2026-01-24T14:01:46.826984,-163.7965698,-105.287796,-5.710972309,-0.017525733,0.018443728,-2.101274594,-0.834366918,2.033932209,0.064953052,0.022175679,-0.025671287,4.21E-05,0.010816008,0.020952955,-9.7977314,0.022175679,-0.025671287,4.21E-05,128.6641693,6.439770439,-0.876849454,2.204735259,0.064558509,0.9494327,1,0.3,0,0,applied,clear_constant_wind,1.225,0
2026-01-24T14:01:46.934701,-163.8617554,-105.1285095,-5.705873966,-0.015896201,0.01654339,-2.101240455,-0.837628245,2.050336361,0.0657392,0.019761123,-0.022886703,3.40E-05,0.011116311,0.021299571,-9.799830437,0.019761123,-0.022886703,3.40E-05,128.8120575,6.342122724,-0.87716046,2.204569619,0.064544918,0.949416977,1,0.3,0,0,applied,clear_constant_wind,1.225,0
2026-01-24T14:01:47.044415,-163.9473572,-104.9183884,-5.699127674,-0.014030385,0.01436703,-2.101204313,-0.841401219,2.06909132,0.066497773,0.016995283,-0.019686772,2.57E-05,0.011461981,0.021699116,-9.801883698,0.016995283,-0.019686772,2.57E-05,129.1078491,6.342122724,-0.877578078,2.204347117,0.064526415,0.949395863,1,0.3,0,0,applied,clear_constant_wind,1.225,0
2026-01-24T14:01:47.153823,-164.0106354,-104.7627411,-5.694124222,-0.012829421,0.012959713,-2.101183811,-0.843861282,2.081161499,0.066900581,0.01520752,-0.017623389,2.08E-05,0.01168564,0.02195774,-9.803100586,0.01520752,-0.017623389,2.08E-05,128.9784393,6.245609076,-0.87789045,2.204180624,0.064512507,0.94938007,1,0.3,0,0,applied,clear_constant_wind,1.225,0
2026-01-24T14:01:47.262618,-164.0764923,-104.5999527,-5.688892841,-0.011715309,0.011652419,-2.101166996,-0.846173823,2.092348576,0.067216724,0.013527497,-0.015696764,1.68E-05,0.011893839,0.022199892,-9.80403614,0.013527497,-0.015696764,1.68E-05,129.0735168,6.245609076,-0.878223137,2.204003236,0.064497873,0.949363249,1,0.3,0,0,applied,clear_constant_wind,1.225,0
2026-01-24T14:01:47.371868,-164.1426239,-104.4363556,-5.683640957,-0.010723881,0.010486908,-2.101152684,-0.848263025,2.102293968,0.067449257,0.012048185,-0.013979174,1.35E-05,0.012079496,0.022416063,-9.804779053,0.012048185,-0.013979174,1.35E-05,128.9467468,6.197720413,-0.878559223,2.203823966,0.064483221,0.949346256,1,0.3,0,0,applied,clear_constant_wind,1.225,0
2026-01-24T14:01:47.480395,-164.2088776,-104.2720184,-5.678373337,-0.009841755,0.009447825,-2.101140415,-0.8501544,2.111131191,0.067616493,0.010728051,-0.012447733,1.08E-05,0.012244888,0.022609528,-9.805353165,0.010728051,-0.012447733,1.08E-05,128.8886566,6.197720413,-0.878900558,2.203641822,0.064468578,0.949328998,1,0.3,0,0,applied,clear_constant_wind,1.225,0
2026-01-24T14:01:47.589398,-164.2930603,-104.0625153,-5.671670914,-0.008859762,0.008292178,-2.10112863,-0.852304459,2.120941162,0.067758985,0.009247789,-0.01074903,8.15E-06,0.012428503,0.022826623,-9.805865288,0.009247789,-0.01074903,8.15E-06,129.0154114,6.197720413,-0.879341499,2.203406413,0.064450041,0.949306703,1,0.3,0,0,applied,clear_constant_wind,1.225,0
2026-01-24T14:01:47.700599,-164.3674011,-103.877655,-5.665771008,-0.008110255,0.007404532,-2.101120694,-0.853991449,2.128421783,0.067831792,0.008100884,-0.009455146,6.35E-06,0.012568578,0.022993745,-9.806239128,0.008100884,-0.009455146,6.35E-06,128.8728027,6.116510432,-0.879730919,2.203198408,0.064433928,0.949287012,1,0.3,0,0,applied,clear_constant_wind,1.225,0
2026-01-24T14:01:47.809320,-164.431488,-103.717804,-5.660680771,-0.007539106,0.006724218,-2.101113948,-0.855313897,2.134117842,0.067866713,0.007278777,-0.00844601,5.13E-06,0.01267568,0.023120681,-9.806488037,0.007278777,-0.00844601,5.13E-06,129.0180511,6.035946566,-0.880071752,2.203016275,0.064420137,0.949269778,1,0.3,0,0,applied,clear_constant_wind,1.225,0
2026-01-24T14:01:47.919008,-164.4981384,-103.5511322,-5.655386925,-0.007009233,0.006092753,-2.101108801,-0.856575787,2.139383793,0.067883402,0.0064724,-0.00750789,4.10E-06,0.012774799,0.023240393,-9.806648254,0.0064724,-0.00750789,4.10E-06,128.9784393,6.035946566,-0.880430821,2.202824312,0.06440595,0.949251622,1,0.3,0,0,applied,clear_constant_wind,1.225,0
2026-01-24T14:01:48.028206,-164.565033,-103.3840637,-5.650093079,-0.006538159,0.005529791,-2.101104382,-0.857734501,2.144052982,0.067884065,0.005762644,-0.006678937,3.28E-06,0.012862347,0.023347484,-9.806781769,0.005762644,-0.006678937,3.28E-06,129.0867157,5.999642482,-0.880790404,2.202631993,0.064391964,0.949233439,1,0.3,0,0,applied,clear_constant_wind,1.225,0
2026-01-24T14:01:48.137357,-164.642395,-103.1908722,-5.643984795,-0.006058277,0.004957274,-2.101100681,-0.85895896,2.148782492,0.067871071,0.005024228,-0.005842037,2.53E-06,0.012950618,0.023457941,-9.806870461,0.005024228,-0.005842037,2.53E-06,129.4194794,5.999642482,-0.88120736,2.202408886,0.064376012,0.949212354,1,0.3,0,0,applied,clear_constant_wind,1.225,0
2026-01-24T14:01:48.249648,-164.7274933,-102.9779205,-5.637265682,-0.005600239,0.004409292,-2.101096357,-0.860183775,2.153271914,0.067843899,0.004345533,-0.005036903,1.90E-06,0.013034137,0.023563651,-9.806933403,0.004345533,-0.005036903,1.90E-06,129.0893707,5.999642482,-0.881671363,2.202160475,0.064358606,0.94918889,1,0.3,0,0,applied,clear_constant_wind,1.225,0
2026-01-24T14:01:48.359061,-164.7919617,-102.8162994,-5.632175446,-0.005296887,0.004041888,-2.101093535,-0.861036599,2.156237364,0.067814752,0.003919965,-0.004493429,1.53E-06,0.013089378,0.023633514,-9.80702877,0.003919965,-0.004493429,1.53E-06,129.3587341,5.936442784,-0.882026519,2.201970246,0.06434551,0.94917093,1,0.3,0,0,applied,clear_constant_wind,1.225,0
2026-01-24T14:01:48.469063,-164.8564301,-102.6544724,-5.627087593,-0.005026284,0.003712729,-2.101090844,-0.861834943,2.158869743,0.067782901,0.003490393,-0.004010157,1.22E-06,0.013138135,0.0236982,-9.807035446,0.003490393,-0.004010157,1.22E-06,129.1738739,5.885193823,-0.88238442,2.201778465,0.064332521,0.949152831,1,0.3,0,0,applied,clear_constant_wind,1.225,0
2026-01-24T14:01:48.578212,-164.9237366,-102.4859772,-5.621806145,-0.004775355,0.003407355,-2.101088336,-0.862613797,2.161291122,0.067748092,0.003103822,-0.003557102,9.71E-07,0.013182892,0.023758575,-9.807044983,0.003103822,-0.003557102,9.71E-07,128.8675232,5.885193823,-0.88275521,2.201579691,0.064319331,0.949134079,1,0.3,0,0,applied,clear_constant_wind,1.225,0
2026-01-24T14:01:48.689858,-164.9937744,-102.3108215,-5.616321564,-0.004543875,0.003125765,-2.101086284,-0.863372922,2.163502216,0.067710683,0.002751537,-0.003141892,7.62E-07,0.013223341,0.023814743,-9.807035446,0.002751537,-0.003141892,7.62E-07,128.6905823,5.858222554,-0.883140657,2.201372972,0.064305711,0.949114586,1,0.3,0,0,applied,clear_constant_wind,1.225,0
2026-01-24T14:01:48.799277,-165.0819702,-102.0900192,-5.609415054,-0.004288983,0.002817805,-2.101085201,-0.864266038,2.165899754,0.067664392,0.002384261,-0.002686295,5.68E-07,0.013266511,0.023877159,-9.806998253,0.002384261,-0.002686295,5.68E-07,128.6034241,5.858222554,-0.883629718,2.201110553,0.064288607,0.949089852,1,0.3,0,0,applied,clear_constant_wind,1.225,0
2026-01-24T14:01:48.909352,-165.1546021,-101.9080124,-5.603730202,-0.00410716,0.002594563,-2.101084631,-0.864953935,2.167592049,0.067622982,0.00207813,-0.002372234,4.42E-07,0.013296533,0.023923412,-9.807027817,0.00207813,-0.002372234,4.42E-07,128.4185638,5.858222554,-0.884035331,2.200892798,0.064274607,0.949069338,1,0.3,0,0,applied,clear_constant_wind,1.225,0
2026-01-24T14:01:49.020737,-165.2194519,-101.745369,-5.598663807,-0.003964346,0.002416,-2.101084139,-0.865538299,2.168912172,0.067586616,0.001886314,-0.002108495,3.45E-07,0.013319767,0.023959493,-9.807034492,0.001886314,-0.002108495,3.45E-07,128.8463898,5.818460902,-0.884399745,2.200697071,0.064262325,0.949050907,1,0.3,0,0,applied,clear_constant_wind,1.225,0
2026-01-24T14:01:49.129211,-165.2868958,-101.5761642,-5.593394756,-0.003831526,0.002250798,-2.10108364,-0.86612016,2.170116425,0.067550346,0.00167779,-0.001858956,2.73E-07,0.013340972,0.023994436,-9.807008743,0.00167779,-0.001858956,2.73E-07,129.0814362,5.778525948,-0.8847803,2.20049259,0.064249539,0.94903166,1,0.3,0,0,applied,clear_constant_wind,1.225,0
2026-01-24T14:01:49.238413,-165.3543396,-101.4068298,-5.588125706,-0.003713556,0.002103463,-2.101083148,-0.866678298,2.171166182,0.067515068,0.001501032,-0.001642475,2.13E-07,0.013358873,0.024025932,-9.806994438,0.001501032,-0.001642475,2.13E-07,128.8833771,5.778525948,-0.885163091,2.200286819,0.064236774,0.949012299,1,0.3,0,0,applied,clear_constant_wind,1.225,0
2026-01-24T14:01:49.347311,-165.434845,-101.2048492,-5.581843376,-0.003589029,0.001950431,-2.101082779,-0.867316365,2.17223978,0.067475498,0.001292808,-0.001427645,1.67E-07,0.013376388,0.024060624,-9.806947708,0.001292808,-0.001427645,1.67E-07,129.0814362,5.778525948,-0.885620193,2.200040988,0.064221562,0.948989179,1,0.3,0,0,applied,clear_constant_wind,1.225,0
2026-01-24T14:01:49.457143,-165.5131226,-101.0093689,-5.5757761,-0.003484661,0.001819492,-2.101082551,-0.867908418,2.173117161,0.067437328,0.001126579,-0.001247597,1.35E-07,0.013390151,0.024090314,-9.80693531,0.001126579,-0.001247597,1.35E-07,129.0629578,5.757479621,-0.886058229,2.199805291,0.064207146,0.948967023,1,0.3,0,0,applied,clear_constant_wind,1.225,0
2026-01-24T14:01:49.564500,-165.5783539,-100.8462906,-5.570721626,-0.003408564,0.001721385,-2.101082249,-0.868385315,2.173741579,0.067405887,0.001052976,-0.001092179,1.13E-07,0.013400628,0.024112334,-9.806949615,0.001041596,-0.001083545,1.11E-07,128.7117157,5.719826079,-0.886425948,2.199607339,0.06419521,0.948948423,1,0.3,0,0,applied,clear_constant_wind,1.225,0
2026-01-24T14:01:49.673524,-165.6461945,-100.6766891,-5.565464973,-0.003337593,0.001631268,-2.101082113,-0.868867934,2.174299002,0.067375645,0.000940443,-0.000951522,8.50E-08,0.013408649,0.024132766,-9.806931496,0.000940443,-0.000951522,8.50E-08,129.0840759,5.719826079,-0.886809481,2.199400789,0.064182757,0.948929023,1,0.3,0,0,applied,clear_constant_wind,1.225,0
2026-01-24T14:01:49.785047,-165.7114258,-100.5136108,-5.5604105,-0.003277329,0.001553001,-2.101081919,-0.869320869,2.174756527,0.06734702,0.000845815,-0.000841288,6.49E-08,0.013414929,0.024151755,-9.806921005,0.000845815,-0.000841288,6.49E-08,128.9493866,5.712895015,-0.88717933,2.199201526,0.064170745,0.948910314,1,0.3,0,0,applied,clear_constant_wind,1.225,0
2026-01-24T14:01:49.891609,-165.7897034,-100.3179169,-5.554345131,-0.003212486,0.001472005,-2.101081717,-0.869851589,2.175214052,0.067315318,0.000718291,-0.000727908,5.38E-08,0.013420664,0.024173573,-9.806873322,0.000718291,-0.000727908,5.38E-08,129.0946503,5.712895015,-0.887624536,2.198961558,0.064156282,0.948887793,1,0.3,0,0,applied,clear_constant_wind,1.225,0
2026-01-24T14:01:50.001792,-165.8705902,-100.1156998,-5.548090458,-0.003154462,0.001398051,-2.101081554,-0.870386243,2.17559576,0.067283258,0.00062778,-0.000631745,4.04E-08,0.013424488,0.02419336,-9.806854248,0.00062778,-0.000631745,4.04E-08,128.9890137,5.712895015,-0.888086178,2.1987126,0.064141552,0.948864441,1,0.3,0,0,applied,clear_constant_wind,1.225,0
2026-01-24T14:01:50.110564,-165.9332123,-99.95896912,-5.543249607,-0.003115908,0.001345018,-2.101081484,-0.870791435,2.175836086,0.067258015,0.000614238,-0.00055412,2.89E-08,0.013426635,0.02420597,-9.806891441,0.000614238,-0.00055412,2.89E-08,128.5823059,5.708404116,-0.888446244,2.198518328,0.064130223,0.948846226,1,0.3,0,0,applied,clear_constant_wind,1.225,0
2026-01-24T14:01:50.218358,-165.9984436,-99.79570007,-5.538207054,-0.003079696,0.001295972,-2.10108143,-0.87120831,2.17603898,0.067233495,0.000544726,-0.000470896,2.98E-08,0.013428481,0.024219977,-9.806860924,0.000544726,-0.000470896,2.98E-08,128.7671661,5.712834691,-0.888822433,2.198315277,0.06411839,0.948827195,1,0.3,0,0,applied,clear_constant_wind,1.225,0
2026-01-24T14:01:50.327438,-166.0636749,-99.63243103,-5.533164501,-0.003047582,0.001252052,-2.101081275,-0.871620119,2.176199436,0.067210101,0.000490984,-0.000406625,2.37E-08,0.013429036,0.024232972,-9.806847572,0.000490984,-0.000406625,2.37E-08,128.8463898,5.712834691,-0.889199698,2.19811156,0.06410652,0.94880811,1,0.3,0,0,applied,clear_constant_wind,1.225,0
2026-01-24T14:01:50.436274,-166.1445618,-99.42997742,-5.526911736,-0.003011311,0.001206427,-2.101081235,-0.872124255,2.176345825,0.06718386,0.000408036,-0.000347963,1.51E-08,0.013428397,0.024248887,-9.806801796,0.000408036,-0.000347963,1.51E-08,128.7909393,5.712834691,-0.889669009,2.197858025,0.06409175,0.948784367,1,0.3,0,0,applied,clear_constant_wind,1.225,0
2026-01-24T14:01:50.548588,-166.2231598,-99.23405457,-5.520860672,-0.002981424,0.001166109,-2.101081097,-0.872604966,2.176439285,0.067157999,0.000352916,-0.00030348,2.02E-08,0.01342654,0.024262965,-9.806797028,0.000352976,-0.000302251,2.06E-08,128.8754425,5.708525692,-0.890119515,2.197614528,0.064077485,0.948761575,1,0.3,0,0,applied,clear_constant_wind,1.225,0
2026-01-24T14:01:50.657220,-166.2913971,-99.06425476,-5.515625477,-0.002958983,0.00113443,-2.101081115,-0.873016477,2.176486731,0.067135818,0.000368893,-0.000241032,1.08E-08,0.013425237,0.024271894,-9.806824684,0.000368893,-0.000241032,1.08E-08,128.6958618,5.708525692,-0.890509255,2.197403775,0.064065302,0.948741857,1,0.3,0,0,applied,clear_constant_wind,1.225,0
2026-01-24T14:01:50.767368,-166.3543854,-98.90751648,-5.51079607,-0.002941244,0.001107001,-2.101081151,-0.873393774,2.176505327,0.067115627,0.000335497,-0.000211849,1.17E-08,0.013422765,0.024281634,-9.806818008,0.000335497,-0.000211849,1.17E-08,128.9493866,5.721516749,-0.890870051,2.197208591,0.064054087,0.948723603,1,0.3,0,0,applied,clear_constant_wind,1.225,0
2026-01-24T14:01:50.876141,-166.4173737,-98.7507782,-5.505966663,-0.002925281,0.001082626,-2.101081075,-0.873769403,2.176501989,0.067096688,0.000308173,-0.000173297,4.71E-09,0.013420429,0.024291454,-9.806797028,0.000298961,-0.000165308,3.94E-09,128.8622437,5.731248261,-0.891231848,2.19701279,0.064042837,0.948705298,1,0.3,0,0,applied,clear_constant_wind,1.225,0
2026-01-24T14:01:50.986004,-166.501358,-98.54179382,-5.499527454,-0.002904361,0.001058259,-2.101080991,-0.874267101,2.176467657,0.067074776,0.000246636,-0.000129063,-1.29E-08,0.01341645,0.024303628,-9.806759834,0.000246636,-0.000129063,-1.29E-08,128.6641693,5.731248261,-0.891715807,2.196750755,0.064027785,0.948680812,1,0.3,0,0,applied,clear_constant_wind,1.225,0
2026-01-24T14:01:51.095233,-166.5774689,-98.35240173,-5.493691921,-0.002889166,0.001035971,-2.101080922,-0.874713838,2.17641139,0.067052893,0.000207493,-0.000118116,-8.69E-09,0.013411405,0.024314484,-9.806762695,0.00020446,-0.000120084,-9.86E-09,128.6060638,5.731248261,-0.892155944,2.196512326,0.064014091,0.948658542,1,0.3,0,0,applied,clear_constant_wind,1.225,0
2026-01-24T14:01:51.204743,-166.6404572,-98.19566345,-5.488862514,-0.002878966,0.001018165,-2.101080993,-0.875081062,2.176348925,0.067035042,0.000239765,-0.000102026,-1.83E-08,0.013407368,0.024320673,-9.80680275,0.000239765,-0.000102026,-1.83E-08,129.1685944,5.733979446,-0.892521317,2.196314313,0.064002721,0.948640055,1,0.3,0,0,applied,clear_constant_wind,1.225,0
2026-01-24T14:01:51.313816,-166.7060699,-98.03239441,-5.483831882,-0.002869089,0.001001728,-2.101080945,-0.875463486,2.176269054,0.06701722,0.000216413,-5.69E-05,-1.70E-08,0.013403947,0.02432872,-9.806769371,0.000216413,-5.69E-05,-1.70E-08,128.8199921,5.733979446,-0.892902997,2.196107377,0.06399084,0.948620742,1,0.3,0,0,applied,clear_constant_wind,1.225,0
2026-01-24T14:01:51.419326,-166.7690582,-97.87565613,-5.479002476,-0.002861138,0.000987107,-2.101080904,-0.875829875,2.176179647,0.067000642,0.000202804,-4.31E-05,-1.14E-08,0.013399381,0.02433629,-9.806776047,0.000202804,-4.31E-05,-1.14E-08,129.3534546,5.748809393,-0.893270454,2.195908072,0.063979399,0.948602149,1,0.3,0,0,applied,clear_constant_wind,1.225,0
2026-01-24T14:01:51.531850,-166.8582916,-97.65361023,-5.472172737,-0.002849357,0.000973046,-2.101080857,-0.876348376,2.176033974,0.066980548,0.000181793,-1.12E-05,-1.49E-08,0.013393077,0.024347004,-9.806710243,0.000181793,-1.12E-05,-1.49E-08,128.9203491,5.748809393,-0.893792776,2.195624625,0.063963387,0.948575718,1,0.3,0,0,applied,clear_constant_wind,1.225,0
2026-01-24T14:01:51.642617,-166.9212799,-97.49687195,-5.467354774,-0.002843599,0.000960258,-2.101080824,-0.876711845,2.175921679,0.066963047,0.000187752,-8.67E-06,-5.52E-09,0.013387937,0.024353225,-9.806775093,0.000187752,-8.67E-06,-5.52E-09,129.2029266,5.786744079,-0.894162722,2.195423768,0.063952108,0.948556998,1,0.3,0,0,applied,clear_constant_wind,1.225,0
2026-01-24T14:01:51.751248,-166.9868927,-97.33360291,-5.462336063,-0.002838251,0.00094907,-2.101080794,-0.877090931,2.175794125,0.06694679,0.00015568,1.06E-05,-1.02E-08,0.013382895,0.024361046,-9.806751251,0.00015568,1.06E-05,-1.02E-08,128.8384705,5.786744079,-0.894549186,2.195213857,0.063940323,0.948537442,1,0.3,0,0,applied,clear_constant_wind,1.225,0
2026-01-24T14:01:51.859352,-167.0526123,-97.17033386,-5.457317352,-0.00283353,0.000939061,-2.101080768,-0.877470076,2.175659418,0.066931188,0.00014678,2.51E-05,-5.92E-09,0.013377567,0.024368143,-9.806751251,0.00014678,2.51E-05,-5.92E-09,129.121048,5.804559753,-0.894935,2.195004212,0.063928528,0.948517918,1,0.3,0,0,applied,clear_constant_wind,1.225,0
2026-01-24T14:01:51.968315,-167.1265259,-96.98760986,-5.451696396,-0.002828148,0.000930466,-2.101080743,-0.877894759,2.175497532,0.066914849,0.000116896,3.72E-05,-5.95E-09,0.013371431,0.024376519,-9.806726456,0.000116896,3.72E-05,-5.95E-09,128.6615295,5.804559753,-0.895362069,2.194772052,0.063915287,0.948496305,1,0.3,0,0,applied,clear_constant_wind,1.225,0
2026-01-24T14:01:52.079006,-167.2109985,-96.77886963,-5.445272446,-0.002822595,0.000922548,-2.10108072,-0.878379285,2.175302982,0.066896953,0.000111602,3.73E-05,-7.94E-09,0.013363613,0.0243853,-9.806703568,0.000111602,3.73E-05,-7.94E-09,128.7301941,5.844006798,-0.895851075,2.194506092,0.063900055,0.948471558,1,0.3,0,0,applied,clear_constant_wind,1.225,0
2026-01-24T14:01:52.188410,-167.2611542,-96.65493011,-5.441458225,-0.002821794,0.000914934,-2.101080704,-0.878665209,2.175184488,0.066884056,7.40E-05,-9.79E-05,-3.70E-09,0.01335447,0.024391687,-9.806806564,7.40E-05,-9.79E-05,-3.70E-09,129.0048523,5.844006798,-0.896142295,2.194347637,0.063890981,0.94845682,1,0.3,0,0,applied,clear_constant_wind,1.225,0
2026-01-24T14:01:52.297041,-167.3245087,-96.49837494,-5.436640263,-0.00281883,0.00090804,-2.101080687,-0.879028559,2.175029039,0.066869542,0.000150864,4.87E-05,-7.64E-09,0.013353442,0.024395378,-9.806726456,0.000146441,6.11E-05,-8.81E-09,129.0312653,5.866196568,-0.896511083,2.194146905,0.063879488,0.948438156,1,0.3,0,0,applied,clear_constant_wind,1.225,0
2026-01-24T14:01:52.406140,-167.3957825,-96.32225037,-5.431220055,-0.002815259,0.000903018,-2.101080672,-0.879437387,2.174848795,0.066854902,0.000103554,8.30E-05,-3.00E-09,0.013347746,0.024403203,-9.806716919,0.000103554,8.30E-05,-3.00E-09,128.682663,5.866196568,-0.896927219,2.193920304,0.063866516,0.948417095,1,0.3,0,0,applied,clear_constant_wind,1.225,0
2026-01-24T14:01:52.518404,-167.4855347,-96.10046387,-5.424394608,-0.002811083,0.000899022,-2.101080658,-0.879951417,2.174616098,0.066837803,0.000116464,8.19E-05,-3.36E-10,0.013338978,0.024411734,-9.806686401,0.000116464,8.19E-05,-3.36E-10,128.6007843,5.866196568,-0.897453133,2.193633779,0.063850116,0.948390478,1,0.3,0,0,applied,clear_constant_wind,1.225,0
2026-01-24T14:01:52.626386,-167.5488892,-95.94390869,-5.419585705,-0.002809992,0.000892531,-2.101080645,-0.880312383,2.174448252,0.066822194,0.000126161,7.59E-05,1.05E-08,0.01333267,0.024417616,-9.806744576,0.000114389,7.99E-05,9.35E-09,128.806778,5.907682338,-0.897825639,2.193430728,0.063838695,0.948371625,1,0.3,0,0,applied,clear_constant_wind,1.225,0
2026-01-24T14:01:52.737155,-167.6096039,-95.79387665,-5.414979458,-0.002809463,0.000887246,-2.101080634,-0.880659044,2.174283743,0.066808864,0.000114834,5.49E-05,1.16E-08,0.013325996,0.024423266,-9.806747437,0.000114834,5.49E-05,1.16E-08,128.4740295,5.95884905,-0.898183619,2.193235516,0.063827766,0.948353506,1,0.3,0,0,applied,clear_constant_wind,1.225,0
2026-01-24T14:01:52.842843,-167.6755981,-95.63079834,-5.409972668,-0.002808252,0.000882743,-2.101080624,-0.881036878,2.174102306,0.066795148,0.000107418,9.52E-05,6.49E-09,0.013320936,0.024429474,-9.806723595,0.000107418,9.52E-05,6.49E-09,129.1659546,5.95884905,-0.898573837,2.193022639,0.06381585,0.948333755,1,0.3,0,0,applied,clear_constant_wind,1.225,0
2026-01-24T14:01:52.952314,-167.7547913,-95.43510437,-5.40396452,-0.002806318,0.000880064,-2.101080616,-0.881490767,2.173880577,0.066780113,6.50E-05,9.06E-05,8.37E-09,0.013313094,0.024438223,-9.806695938,6.50E-05,9.06E-05,8.37E-09,128.9441071,5.95884905,-0.899043631,2.19276623,0.0638015,0.948309976,1,0.3,0,0,applied,clear_constant_wind,1.225,0
2026-01-24T14:01:53.061009,-167.8313446,-95.24593353,-5.398156643,-0.002805407,0.000875925,-2.101080607,-0.88192904,2.173662663,0.066764399,5.98E-05,8.18E-05,-5.80E-09,0.013304855,0.02444572,-9.806695938,5.84E-05,7.96E-05,-6.20E-09,128.1307068,5.995065002,-0.899499362,2.192517372,0.063787575,0.948286909,1,0.3,0,0,applied,clear_constant_wind,1.225,0
2026-01-24T14:01:53.172124,-167.8999786,-95.07633209,-5.392949581,-0.002804995,0.00087202,-2.1010806,-0.882321298,2.173464298,0.066750489,0.000102516,0.000100411,3.91E-10,0.013298743,0.024450332,-9.806723595,0.000102516,0.000100411,3.91E-10,128.806778,5.995065002,-0.89990929,2.19229342,0.063775045,0.948266159,1,0.3,0,0,applied,clear_constant_wind,1.225,0
2026-01-24T14:01:53.280862,-167.9635773,-94.91977692,-5.388143063,-0.002805608,0.000867278,-2.101080592,-0.88268435,2.173280716,0.066736877,9.87E-05,9.30E-05,-6.34E-09,0.013292107,0.024456237,-9.806729317,9.87E-05,9.30E-05,-6.34E-09,128.84375,6.043275669,-0.900284668,2.192088258,0.063763508,0.948247158,1,0.3,0,0,applied,clear_constant_wind,1.225,0
2026-01-24T14:01:53.389036,-168.0246429,-94.76974487,-5.383536816,-0.002806337,0.0008629,-2.101080586,-0.883033752,2.173102617,0.066724196,0.000101824,8.74E-05,-1.72E-09,0.013285704,0.024461769,-9.806728363,0.000101824,8.74E-05,-1.72E-09,128.6430511,0.138148924,-0.900643428,2.191892101,0.063752449,0.948228997,1,0.3,0,0,applied,clear_constant_wind,1.225,0
2026-01-24T14:01:53.499446,-168.1149139,-94.548172,-5.376727581,-0.002804685,0.000862589,-2.101080705,-0.883552074,2.172835112,0.066709049,8.97E-05,0.000116268,-8.86E-09,0.013277519,0.024470616,-9.806669235,8.97E-05,0.000116268,-8.86E-09,128.6905823,0.138148924,-0.901173593,2.191602092,0.063735935,0.948202159,1,0.3,0,0,applied,clear_constant_wind,1.225,0
2026-01-24T14:01:53.609181,-168.1839447,-94.37876892,-5.371520519,-0.002804585,0.000858979,-2.101080698,-0.883946598,2.172630548,0.066693805,8.16E-05,0.000110652,1.60E-09,0.01327018,0.024477327,-9.806714058,6.80E-05,0.000106983,1.20E-09,129.0233459,0.138148924,-0.901580148,2.191379588,0.063723239,0.948181579,1,0.3,0,0,applied,clear_constant_wind,1.225,0
2026-01-24T14:01:53.719260,-168.2503204,-94.21588135,-5.366513729,-0.002805064,0.000855897,-2.101080693,-0.884326458,2.172431946,0.066680379,9.06E-05,0.000107911,4.27E-09,0.013263525,0.024482559,-9.806726456,9.06E-05,0.000107911,4.27E-09,128.5506134,6.154432405,-0.901972266,2.191164891,0.063710991,0.948161728,1,0.3,0,0,applied,clear_constant_wind,1.225,0
2026-01-24T14:01:53.827172,-168.3166962,-94.05299377,-5.361515045,-0.002805519,0.000852885,-2.101080689,-0.884707153,2.172230482,0.066666819,8.58E-05,0.000117685,1.06E-09,0.013257075,0.024488587,-9.806716919,8.58E-05,0.000117685,1.06E-09,128.9493866,6.154432405,-0.902365564,2.190949452,0.063698884,0.948141817,1,0.3,0,0,applied,clear_constant_wind,1.225,0
2026-01-24T14:01:53.936186,-168.3857269,-93.8835907,-5.356320381,-0.002805879,0.000850594,-2.101080685,-0.885103941,2.17201972,0.06665349,7.46E-05,0.00012389,6.08E-09,0.013250214,0.024495132,-9.806707382,7.46E-05,0.00012389,6.08E-09,128.9361877,6.212949624,-0.902775853,2.190724606,0.063686338,0.948121046,1,0.3,0,0,applied,clear_constant_wind,1.225,0
2026-01-24T14:01:54.047432,-168.4759979,-93.6620636,-5.349527359,-0.002805196,0.000850554,-2.101080684,-0.885623753,2.171744108,0.06663835,8.51E-05,0.000121121,5.20E-09,0.013240708,0.024503294,-9.806660652,8.51E-05,0.000121121,5.20E-09,128.5558929,6.212949624,-0.903314332,2.190429357,0.063669866,0.948093784,1,0.3,0,0,applied,clear_constant_wind,1.225,0
2026-01-24T14:01:54.156267,-168.5397186,-93.50569153,-5.344732285,-0.002806289,0.000846417,-2.101080679,-0.885989249,2.171549559,0.066624328,9.94E-05,0.000111597,1.56E-09,0.013233916,0.024508256,-9.806733131,9.94E-05,0.000111597,1.56E-09,128.6641693,6.292085076,-0.903695771,2.190220109,0.063658195,0.948074473,1,0.3,0,0,applied,clear_constant_wind,1.225,0
2026-01-24T14:01:54.266158,-168.6060944,-93.34280396,-5.339737415,-0.002807253,0.000843325,-2.101080675,-0.886371672,2.171344757,0.066611163,8.04E-05,0.000118525,3.44E-09,0.013227291,0.024514783,-9.806715965,8.04E-05,0.000118525,3.44E-09,128.7724457,6.292085076,-0.904094284,2.190001402,0.063645998,0.948054296,1,0.3,0,0,applied,clear_constant_wind,1.225,0
2026-01-24T14:01:54.377039,-168.6724701,-93.17991638,-5.334742546,-0.002808183,0.000840615,-2.101080672,-0.886755168,2.17113781,0.066598289,8.00E-05,0.000123106,9.62E-09,0.013220517,0.024520775,-9.806714058,8.00E-05,0.000123106,9.62E-09,128.907135,6.325925463,-0.904494008,2.189781937,0.063633761,0.948034058,1,0.3,0,0,applied,clear_constant_wind,1.225,0
2026-01-24T14:01:54.483054,-168.7468109,-92.9974823,-5.329148293,-0.002808516,0.000839355,-2.10108067,-0.887185752,2.17090416,0.066584624,5.37E-05,0.000124518,7.19E-09,0.013212902,0.024528258,-9.806694984,5.37E-05,0.000124518,7.19E-09,128.7671661,6.325925463,-0.904943143,2.189535228,0.063620006,0.948011318,1,0.3,0,0,applied,clear_constant_wind,1.225,0
2026-01-24T14:01:54.592746,-168.8319092,-92.78898621,-5.32275486,-0.002808911,0.000838401,-2.101080669,-0.887678444,2.170637131,0.066569425,5.60E-05,0.000108584,-3.47E-09,0.013203273,0.024536036,-9.806668282,6.62E-05,0.000113899,-4.65E-09,128.1148529,6.325925463,-0.905455944,2.189253404,0.063604263,0.947985353,1,0.3,0,0,applied,clear_constant_wind,1.225,0
2026-01-24T14:01:54.701972,-168.8933258,-92.6391983,-5.31815958,-0.002810338,0.000835173,-2.101080665,-0.888031125,2.170445204,0.066556558,9.81E-05,7.49E-05,-6.30E-09,0.013195719,0.024540342,-9.806750298,9.81E-05,7.49E-05,-6.30E-09,129.1712341,6.3955987,-0.905820736,2.18905283,0.063592941,0.947966882,1,0.3,0,0,applied,clear_constant_wind,1.225,0
2026-01-24T14:01:54.811700,-168.960083,-92.47650146,-5.313164711,-0.002811129,0.000832465,-2.101080662,-0.888416529,2.170236588,0.066543005,8.89E-05,0.000123918,-1.37E-10,0.013190526,0.024546236,-9.806711197,8.89E-05,0.000123918,-1.37E-10,128.3393402,6.45972286,-0.906217306,2.188834696,0.063580537,0.947946802,1,0.3,0,0,applied,clear_constant_wind,1.225,0
2026-01-24T14:01:54.920689,-169.0268402,-92.31380463,-5.308169842,-0.002812209,0.000830102,-2.10108066,-0.888803065,2.170026779,0.066530168,7.58E-05,0.000127999,-7.65E-09,0.0131837,0.024552666,-9.806710243,7.58E-05,0.000127999,-7.65E-09,128.3710327,6.45972286,-0.906615091,2.1886158,0.063568091,0.947926659,1,0.3,0,0,applied,clear_constant_wind,1.225,0
2026-01-24T14:01:55.030906,-169.1096191,-92.11206055,-5.301978588,-0.00281207,0.00083036,-2.10108066,-0.889283359,2.169764757,0.066516183,5.10E-05,0.000120799,5.96E-09,0.013174883,0.024561025,-9.806678772,5.10E-05,0.000120799,5.96E-09,128.5902252,6.45972286,-0.907110041,2.188343303,0.063552655,0.947901596,1,0.3,0,0,applied,clear_constant_wind,1.225,0
2026-01-24T14:01:55.138239,-169.1843872,-91.92984009,-5.296397686,-0.002812789,0.000828238,-2.101080657,-0.889716625,2.169527531,0.0665012,4.85E-05,0.000115473,-1.18E-09,0.013166936,0.024567651,-9.806698799,4.85E-05,0.000115473,-1.18E-09,128.7354736,6.50200623,-0.907558711,2.188096151,0.063538911,0.947878876,1,0.3,0,0,applied,clear_constant_wind,1.225,0
2026-01-24T14:01:55.247296,-169.2484741,-91.77365112,-5.291614056,-0.002814382,0.000825086,-2.101080654,-0.89008832,2.169323921,0.066488206,8.45E-05,0.000116034,-5.16E-09,0.013160003,0.024572393,-9.806725502,8.45E-05,0.000116034,-5.16E-09,128.6588898,6.572183407,-0.907944518,2.187883532,0.06352709,0.947859339,1,0.3,0,0,applied,clear_constant_wind,1.225,0
2026-01-24T14:01:55.358370,-169.3152313,-91.61095428,-5.286631107,-0.002815357,0.00082299,-2.101080652,-0.890476763,2.169109344,0.066475347,8.11E-05,0.000132786,2.35E-10,0.013153516,0.024578378,-9.806708336,8.11E-05,0.000132786,2.35E-10,128.4845886,6.572183407,-0.908347615,2.18766129,0.063514736,0.947838926,1,0.3,0,0,applied,clear_constant_wind,1.225,0
2026-01-24T14:01:55.466322,-169.3819885,-91.44825745,-5.281648159,-0.002816453,0.000821091,-2.101080651,-0.890865803,2.168894768,0.066462703,7.84E-05,0.000135182,-1.35E-08,0.013146536,0.024584472,-9.806708336,7.84E-05,0.000135182,-1.35E-08,128.6536102,6.670499797,-0.908751958,2.187438264,0.063502341,0.947818449,1,0.3,0,0,applied,clear_constant_wind,1.225,0
2026-01-24T14:01:55.577137,-169.4727783,-91.22698975,-5.274871349,-0.002816319,0.000822227,-2.101080652,-0.891396344,2.168602943,0.066448063,8.08E-05,0.000134137,-1.51E-09,0.013136814,0.024592919,-9.806656837,8.08E-05,0.000134137,-1.51E-09,128.5400543,6.670499797,-0.909303873,2.187133683,0.063485415,0.947790498,1,0.3,0,0,applied,clear_constant_wind,1.225,0
2026-01-24T14:01:55.687518,-169.5422058,-91.05778503,-5.269689083,-0.002817356,0.000819362,-2.101080649,-0.891800463,2.168379784,0.066433176,6.98E-05,0.000125764,1.10E-09,0.013129422,0.02459906,-9.806717873,6.98E-05,0.000125764,1.10E-09,128.4898682,6.670499797,-0.909727495,2.186899778,0.06347242,0.947769044,1,0.3,0,0,applied,clear_constant_wind,1.225,0
2026-01-24T14:01:55.796308,-169.608963,-90.8950882,-5.264706135,-0.002819187,0.000816341,-2.101080647,-0.892190456,2.168165207,0.066419825,6.98E-05,0.00012354,1.08E-08,0.013122179,0.024605172,-9.806710243,6.98E-05,0.00012354,1.08E-08,128.503067,0.137826922,-0.910136115,2.186674056,0.063459881,0.947748349,1,0.3,0,0,applied,clear_constant_wind,1.225,0
2026-01-24T14:01:55.906398,-169.6730499,-90.73891449,-5.259922504,-0.002820896,0.000813341,-2.101080644,-0.892566204,2.167959213,0.066407457,8.25E-05,0.00012116,1.07E-08,0.013115229,0.02461064,-9.80671978,8.25E-05,0.00012116,1.07E-08,128.7090607,0.13798857,-0.910529438,2.18645669,0.063447796,0.947728428,1,0.3,0,0,applied,clear_constant_wind,1.225,0
2026-01-24T14:01:56.013621,-169.7455139,-90.5634079,-5.25454092,-0.0028216,0.000811909,-2.101080643,-0.89299053,2.16772604,0.066394195,5.88E-05,0.000134126,8.29E-09,0.013108107,0.024617838,-9.806695938,5.88E-05,0.000134126,8.29E-09,128.7275543,0.13798857,-0.910965034,2.186215862,0.063434161,0.947706366,1,0.3,0,0,applied,clear_constant_wind,1.225,0
2026-01-24T14:01:56.124707,-169.8368225,-90.3423996,-5.247764111,-0.002821626,0.000812512,-2.101080644,-0.893525541,2.167430878,0.066378944,8.00E-05,0.000133431,3.11E-09,0.013098225,0.02462581,-9.806659698,8.00E-05,0.000133431,3.11E-09,128.5611725,0.13798857,-0.911514636,2.185911842,0.063416935,0.947678529,1,0.3,0,0,applied,clear_constant_wind,1.225,0
2026-01-24T14:01:56.232890,-169.8959045,-90.19939423,-5.243379116,-0.002823704,0.000808262,-2.10108064,-0.893870413,2.167240858,0.06636522,0.000104804,9.65E-05,6.91E-09,0.013090718,0.024630263,-9.806747437,0.000104804,9.65E-05,6.91E-09,128.466095,6.875116884,-0.911871506,2.185714337,0.063405747,0.947660454,1,0.3,0,0,applied,clear_constant_wind,1.225,0
2026-01-24T14:01:56.342064,-169.9630432,-90.03688812,-5.238402843,-0.002824487,0.000806263,-2.101080637,-0.894264519,2.167022228,0.06635198,8.44E-05,0.000135788,1.11E-08,0.013084824,0.024637289,-9.806698799,7.23E-05,0.000139068,1.19E-08,128.566452,6.875116884,-0.912278233,2.185489143,0.063393146,0.947639852,1,0.3,0,0,applied,clear_constant_wind,1.225,0
2026-01-24T14:01:56.453179,-170.0301819,-89.87438202,-5.233431816,-0.002825343,0.000804988,-2.101080637,-0.894658923,2.166802883,0.066339523,8.68E-05,0.000136489,7.53E-09,0.01307773,0.024643188,-9.806704521,8.01E-05,0.000143433,7.14E-09,128.405365,6.92143353,-0.912686235,2.18526314,0.063380625,0.947619186,1,0.3,0,0,applied,clear_constant_wind,1.225,0
2026-01-24T14:01:56.561653,-170.1107483,-89.67937469,-5.227466583,-0.002825069,0.000805921,-2.101080638,-0.895132482,2.166538239,0.06632369,5.15E-05,0.000138434,3.92E-09,0.013069381,0.024651116,-9.806711197,5.15E-05,0.000138434,3.92E-09,128.9863739,6.92143353,-0.91317753,2.184990867,0.063365542,0.9475943,1,0.3,0,0,applied,clear_constant_wind,1.225,0
2026-01-24T14:01:56.671097,-170.1940002,-89.47786713,-5.221302509,-0.002826056,0.00080484,-2.101080638,-0.895621657,2.166265965,0.066307299,4.06E-05,0.000110841,9.68E-09,0.013059599,0.024659093,-9.806678772,4.06E-05,0.000110841,9.68E-09,128.3736725,7.000801697,-0.913687152,2.184708284,0.063349891,0.947568485,1,0.3,0,0,applied,clear_constant_wind,1.225,0
2026-01-24T14:01:56.780828,-170.2584534,-89.32186127,-5.216530323,-0.00282791,0.0008014,-2.101080634,-0.896000028,2.166055441,0.066293918,9.25E-05,0.000115556,3.33E-09,0.013052681,0.024663264,-9.806724548,9.25E-05,0.000115556,3.33E-09,128.6430511,7.000801697,-0.914083067,2.184488644,0.063337728,0.947548429,1,0.3,0,0,applied,clear_constant_wind,1.225,0
2026-01-24T14:01:56.889202,-170.3229065,-89.16585541,-5.211758137,-0.002829585,0.000798423,-2.101080632,-0.896380126,2.165843725,0.066281252,8.96E-05,0.000124279,8.72E-09,0.013046061,0.024669098,-9.806714058,8.96E-05,0.000124279,8.72E-09,128.4185638,7.088251776,-0.914480183,2.184268244,0.063325525,0.947528312,1,0.3,0,0,applied,clear_constant_wind,1.225,0
2026-01-24T14:01:56.998524,-170.3900452,-89.0033493,-5.206787109,-0.002830932,0.000796274,-2.10108063,-0.89677763,2.165623188,0.066268682,7.73E-05,0.000136711,7.46E-09,0.01303931,0.024675561,-9.806704521,7.73E-05,0.000136711,7.46E-09,128.3261261,7.088251776,-0.914895128,2.184037848,0.063312771,0.947507292,1,0.3,0,0,applied,clear_constant_wind,1.225,0
2026-01-24T14:01:57.107296,-170.4759827,-88.79541779,-5.200424194,-0.00283109,0.000796996,-2.101080632,-0.897287607,2.1653409,0.066254526,5.23E-05,0.000124774,1.10E-09,0.013029768,0.024684411,-9.806665421,5.23E-05,0.000124774,1.10E-09,128.5770264,7.088251776,-0.915427418,2.183742147,0.063296342,0.947480326,1,0.3,0,0,applied,clear_constant_wind,1.225,0
2026-01-24T14:01:57.217505,-170.5512085,-88.61362457,-5.194856644,-0.002832199,0.000794445,-2.101080629,-0.897733331,2.165093899,0.066239446,4.56E-05,0.000115934,3.73E-09,0.013021532,0.024691232,-9.806694031,4.56E-05,0.000115934,3.73E-09,128.9863739,7.127475474,-0.915892933,2.183483406,0.063281839,0.947456742,1,0.3,0,0,applied,clear_constant_wind,1.225,0
2026-01-24T14:01:57.327377,-170.6160278,-88.45780182,-5.190084457,-0.002834271,0.000790766,-2.101080626,-0.898116052,2.164882183,0.066226088,8.16E-05,0.000116145,1.30E-09,0.013014378,0.024696153,-9.806720734,8.16E-05,0.000116145,1.30E-09,128.5347595,7.208585661,-0.916287161,2.183264189,0.063269462,0.94743677,1,0.3,0,0,applied,clear_constant_wind,1.225,0
2026-01-24T14:01:57.437383,-170.683548,-88.29548645,-5.18511343,-0.002835468,0.000788381,-2.101080624,-0.898516417,2.164659739,0.066212922,8.13E-05,0.000134676,3.57E-09,0.013007611,0.024702795,-9.806702614,7.07E-05,0.000137467,3.17E-09,128.7169952,7.208585661,-0.916699097,2.183035025,0.063256525,0.9474159,1,0.3,0,0,applied,clear_constant_wind,1.225,0
2026-01-24T14:01:57.546108,-170.7510681,-88.13317108,-5.180142403,-0.002836354,0.000786878,-2.101080623,-0.898917317,2.164436817,0.066200294,8.92E-05,0.000136433,3.89E-09,0.013000475,0.02470826,-9.806715965,8.92E-05,0.000136433,3.89E-09,128.7856598,7.30108025,-0.917112349,2.182805027,0.063243543,0.947394962,1,0.3,0,0,applied,clear_constant_wind,1.225,0
2026-01-24T14:01:57.658379,-170.8428955,-87.91242218,-5.173396587,-0.002836172,0.000788192,-2.101080625,-0.899463654,2.164131641,0.066185176,7.98E-05,0.000139335,4.56E-09,0.012990643,0.024717214,-9.80665493,7.98E-05,0.000139335,4.56E-09,128.1386261,7.30108025,-0.917676488,2.182490876,0.063226165,0.94736638,1,0.3,0,0,applied,clear_constant_wind,1.225,0
2026-01-24T14:01:57.765083,-170.9158173,-87.73712158,-5.168040752,-0.002836965,0.000785797,-2.101080622,-0.899896026,2.163890362,0.066169932,5.83E-05,0.000128099,5.21E-09,0.012982677,0.024724072,-9.806704521,5.83E-05,0.000128099,5.21E-09,128.1755981,7.30108025,-0.918126233,2.18224029,0.063212333,0.947343592,1,0.3,0,0,applied,clear_constant_wind,1.225,0
2026-01-24T14:01:57.878463,-170.975235,-87.59428406,-5.163676739,-0.002839557,0.000781752,-2.101080619,-0.900249124,2.163693428,0.06615743,7.89E-05,8.80E-05,4.35E-09,0.012975071,0.024729276,-9.806729317,8.10E-05,0.000108034,4.74E-09,128.6800232,7.345115465,-0.918493844,2.182035376,0.063201023,0.947324966,1,0.3,0,0,applied,clear_constant_wind,1.225,0
2026-01-24T14:01:57.985275,-171.0400543,-87.4384613,-5.158915997,-0.002840659,0.000779817,-2.101080617,-0.900635839,2.16347599,0.06614507,9.86E-05,0.000123879,5.84E-09,0.01296878,0.024734415,-9.806716919,9.86E-05,0.000123879,5.84E-09,128.3129272,7.42649815,-0.91889606,2.18181108,0.063188646,0.947304586,1,0.3,0,0,applied,clear_constant_wind,1.225,0
2026-01-24T14:01:58.093572,-171.1183777,-87.25017548,-5.153163433,-0.002840872,0.000779914,-2.101080618,-0.901104391,2.163213253,0.066131286,4.37E-05,0.000138946,1.43E-09,0.012961031,0.02474316,-9.806679726,4.37E-05,0.000138946,1.43E-09,128.34198,7.42649815,-0.91938373,2.181539,0.063173635,0.947279875,1,0.3,0,0,applied,clear_constant_wind,1.225,0
2026-01-24T14:01:58.204685,-171.2048035,-87.0424118,-5.146815777,-0.002841635,0.00077949,-2.101080618,-0.901621699,2.162923336,0.066115782,5.42E-05,0.000120059,7.20E-09,0.012950791,0.024751002,-9.806668282,6.39E-05,0.000125591,7.20E-09,128.3102875,7.42649815,-0.919923967,2.181237426,0.063156999,0.9472525,1,0.3,0,0,applied,clear_constant_wind,1.225,0
2026-01-24T14:01:58.314014,-171.2696228,-86.88674164,-5.142055035,-0.002843124,0.000776669,-2.101080616,-0.902008235,2.162705898,0.06610214,0.000105443,0.000108962,2.01E-09,0.012943685,0.024755497,-9.806735039,0.000105622,0.000126447,2.79E-09,128.4132843,7.507971475,-0.920329059,2.181011182,0.063144393,0.947231973,1,0.3,0,0,applied,clear_constant_wind,1.225,0
2026-01-24T14:01:58.421917,-171.3371429,-86.724617,-5.137095928,-0.002844362,0.000774251,-2.101080613,-0.902412593,2.162479401,0.066088431,9.07E-05,0.000130439,-3.18E-09,0.012936804,0.024761815,-9.80671978,9.07E-05,0.000130439,-3.18E-09,128.0910797,7.557133161,-0.920752042,2.18077484,0.0631312,0.947210538,1,0.3,0,0,applied,clear_constant_wind,1.225,0
2026-01-24T14:01:58.529330,-171.4046936,-86.56249237,-5.132136822,-0.002846086,0.000771504,-2.101080611,-0.902818561,2.162252903,0.066074856,7.52E-05,0.000134954,1.71E-08,0.012929516,0.024769066,-9.806706429,6.41E-05,0.000137295,1.71E-08,128.34198,7.557133161,-0.921175838,2.180537937,0.063117969,0.947189062,1,0.3,0,0,applied,clear_constant_wind,1.225,0
2026-01-24T14:01:58.638398,-171.4861755,-86.36794281,-5.126185894,-0.002846454,0.000771488,-2.101080612,-0.903306782,2.161981106,0.066060655,5.19E-05,0.00013417,8.37E-09,0.012920943,0.0247768,-9.806679726,5.19E-05,0.00013417,8.37E-09,128.4476166,7.557133161,-0.921678506,2.180256807,0.063102154,0.947163589,1,0.3,0,0,applied,clear_constant_wind,1.225,0
2026-01-24T14:01:58.748421,-171.5703735,-86.16690826,-5.120036602,-0.002847481,0.000769956,-2.101080611,-0.903811812,2.161700249,0.06604477,4.12E-05,0.000111247,1.61E-09,0.012911065,0.024785012,-9.806675911,4.12E-05,0.000111247,1.61E-09,128.7856598,7.650084358,-0.922199993,2.179964992,0.063085742,0.94713716,1,0.3,0,0,applied,clear_constant_wind,1.225,0
2026-01-24T14:01:58.858618,-171.6382751,-86.00478363,-5.115085602,-0.002848965,0.000766697,-2.101080608,-0.904218912,2.161473751,0.066030316,9.39E-05,0.000128305,6.60E-09,0.012904136,0.024789568,-9.806723595,9.39E-05,0.000128305,6.60E-09,128.2072906,7.650084358,-0.922622082,2.179728672,0.06307265,0.947115769,1,0.3,0,0,applied,clear_constant_wind,1.225,0
2026-01-24T14:01:58.967533,-171.7034607,-85.84914398,-5.110336304,-0.002850595,0.000763456,-2.101080604,-0.904611111,2.161254406,0.066016816,8.89E-05,0.000126648,1.00E-08,0.012896936,0.024795737,-9.806718826,8.89E-05,0.000126648,1.00E-08,128.3657379,0.138755661,-0.923028583,2.179500976,0.063060125,0.947095167,1,0.3,0,0,applied,clear_constant_wind,1.225,0
2026-01-24T14:01:59.076525,-171.7686462,-85.69350433,-5.105587006,-0.002852078,0.000760842,-2.101080602,-0.905004561,2.161033154,0.066003971,9.08E-05,0.000133709,3.29E-09,0.012890019,0.024802199,-9.806710243,8.22E-05,0.000141515,2.50E-09,128.6007843,0.138740157,-0.923436361,2.179272465,0.063047558,0.9470745,1,0.3,0,0,applied,clear_constant_wind,1.225,0
2026-01-24T14:01:59.184897,-171.8555603,-85.4859848,-5.099254608,-0.002851478,0.000762701,-2.101080605,-0.905529976,2.160735607,0.065989561,5.45E-05,0.000140486,2.02E-09,0.012880807,0.024810992,-9.80667305,5.45E-05,0.000140486,2.02E-09,128.4581757,0.138740157,-0.923982062,2.178966507,0.063030735,0.947046843,1,0.3,0,0,applied,clear_constant_wind,1.225,0
2026-01-24T14:01:59.294344,-171.9370422,-85.29143524,-5.093317986,-0.002852516,0.000761008,-2.101080603,-0.906021833,2.160458803,0.065973289,3.47E-05,0.000114194,-7.89E-09,0.012871134,0.024819057,-9.806686401,3.47E-05,0.000114194,-7.89E-09,128.5479736,0.138740157,-0.92449574,2.178678339,0.063014893,0.947020807,1,0.3,0,0,applied,clear_constant_wind,1.225,0
2026-01-24T14:01:59.401020,-171.9995117,-85.14235687,-5.088766575,-0.002854894,0.000756855,-2.1010806,-0.906399012,2.160246611,0.065959617,8.97E-05,0.000102969,-1.78E-08,0.012863914,0.024823429,-9.806732178,9.06E-05,0.00011892,-1.78E-08,128.8411102,0.139002087,-0.924890141,2.178456979,0.06300266,0.947000817,1,0.3,0,0,applied,clear_constant_wind,1.225,0
2026-01-24T14:01:59.511807,-172.0701294,-84.97394562,-5.083621502,-0.002855785,0.00075514,-2.101080598,-0.906827271,2.160004854,0.065946117,8.50E-05,0.000143727,-1.00E-08,0.012857272,0.024829764,-9.806704521,8.50E-05,0.000143727,-1.00E-08,128.2601013,0.139002087,-0.925336257,2.178206482,0.062988724,0.946978204,1,0.3,0,0,applied,clear_constant_wind,1.225,0
2026-01-24T14:01:59.620970,-172.138031,-84.81201172,-5.078674316,-0.002857399,0.000752587,-2.101080596,-0.907240093,2.159772396,0.065932453,8.04E-05,0.000140242,-1.09E-08,0.012849687,0.024836244,-9.806714058,8.04E-05,0.000140242,-1.09E-08,128.3234863,7.909098846,-0.925766658,2.177964695,0.062975274,0.946956388,1,0.3,0,0,applied,clear_constant_wind,1.225,0
2026-01-24T14:01:59.729457,-172.2249451,-84.60473633,-5.072341919,-0.002857721,0.000753075,-2.101080598,-0.907769859,2.15947485,0.065917268,5.10E-05,0.000128649,-5.16E-11,0.012839808,0.024845501,-9.806674957,5.10E-05,0.000128649,-5.16E-11,128.1174927,7.909098846,-0.926319647,2.177653879,0.062957988,0.946928357,1,0.3,0,0,applied,clear_constant_wind,1.225,0
2026-01-24T14:01:59.838367,-172.3013153,-84.42337036,-5.066801071,-0.002859031,0.000750339,-2.101080595,-0.908233166,2.159214497,0.065901071,4.60E-05,0.000120716,6.09E-10,0.012831285,0.024852533,-9.806704521,4.60E-05,0.000120716,6.09E-10,128.4159241,7.965461394,-0.926799469,2.17738404,0.062942894,0.946904035,1,0.3,0,0,applied,clear_constant_wind,1.225,0
2026-01-24T14:01:59.949156,-172.3695984,-84.26143646,-5.061853886,-0.002860895,0.000747017,-2.101080592,-0.908647716,2.158982038,0.065886669,8.11E-05,0.000131018,-3.78E-09,0.012823937,0.024857912,-9.806724548,8.11E-05,0.000131018,-3.78E-09,128.3234863,7.965461394,-0.927227611,2.177143147,0.062929395,0.946882331,1,0.3,0,0,applied,clear_constant_wind,1.225,0
2026-01-24T14:02:00.059543,-172.4324188,-84.11245728,-5.057309151,-0.002862836,0.000743613,-2.101080589,-0.909030259,2.158766985,0.065873444,9.52E-05,0.000117969,4.38E-10,0.012816459,0.024863441,-9.806733131,9.52E-05,0.000117969,4.38E-10,128.4000702,0.139058506,-0.927622757,2.176920716,0.062917096,0.9468623,1,0.3,0,0,applied,clear_constant_wind,1.225,0
2026-01-24T14:02:00.166240,-172.5034332,-83.94404602,-5.052176476,-0.00286347,0.000742266,-2.101080588,-0.909464359,2.158522129,0.06585981,7.55E-05,0.000151545,5.43E-09,0.012809816,0.024870548,-9.806704521,7.55E-05,0.000151545,5.43E-09,128.6800232,0.139058506,-0.928070902,2.176668335,0.062903264,0.946839582,1,0.3,0,0,applied,clear_constant_wind,1.225,0
2026-01-24T14:02:00.278644,-172.5962982,-83.72381592,-5.045464516,-0.002863343,0.000743684,-2.10108059,-0.910032809,2.158200502,0.065844312,8.64E-05,0.000147847,8.06E-09,0.012799268,0.024879288,-9.806658745,8.64E-05,0.000147847,8.06E-09,128.3446198,0.139058506,-0.928659285,2.17633679,0.062885096,0.946809753,1,0.3,0,0,applied,clear_constant_wind,1.225,0
2026-01-24T14:02:00.386536,-172.66185,-83.56835938,-5.040726662,-0.002864914,0.00073999,-2.101080586,-0.910432577,2.157975197,0.065829508,0.000100448,0.000135199,6.75E-09,0.012791693,0.024884645,-9.806731224,0.000100448,0.000135199,6.75E-09,128.3182068,8.098804195,-0.929076226,2.176101724,0.062872218,0.946788615,1,0.3,0,0,applied,clear_constant_wind,1.225,0
2026-01-24T14:02:00.495137,-172.7301331,-83.40647888,-5.035791397,-0.002866387,0.000737457,-2.101080584,-0.910850704,2.157738209,0.065815665,7.95E-05,0.00014231,-7.87E-10,0.012784353,0.024891648,-9.806712151,7.95E-05,0.00014231,-7.87E-10,128.4898682,8.13704405,-0.929511399,2.175856268,0.062858726,0.946766553,1,0.3,0,0,applied,clear_constant_wind,1.225,0
2026-01-24T14:02:00.606669,-172.8011475,-83.23826599,-5.030658722,-0.002867602,0.000735725,-2.101080583,-0.911286891,2.157490253,0.065801777,6.95E-05,0.000149109,2.95E-10,0.012776703,0.024898637,-9.806704521,6.95E-05,0.000149109,2.95E-10,128.52948,8.13704405,-0.92996401,2.175600859,0.062844564,0.946743606,1,0.3,0,0,applied,clear_constant_wind,1.225,0
2026-01-24T14:02:00.713173,-172.8748932,-83.06358337,-5.025328636,-0.002868587,0.000734447,-2.101080583,-0.911740363,2.157232761,0.065787397,6.42E-05,0.000147458,-1.76E-09,0.012768468,0.024905751,-9.806704521,6.42E-05,0.000147458,-1.76E-09,128.3921509,8.221555634,-0.930435701,2.175334549,0.062829801,0.946719691,1,0.3,0,0,applied,clear_constant_wind,1.225,0
2026-01-24T14:02:00.824153,-172.9622955,-82.85655212,-5.019011497,-0.002869273,0.000734311,-2.101080583,-0.91227901,2.156927586,0.06577123,5.77E-05,0.000128872,1.65E-09,0.01275788,0.024914434,-9.806668282,6.90E-05,0.000134826,2.43E-09,128.1676788,8.221555634,-0.930996964,2.175017494,0.062812228,0.946691233,1,0.3,0,0,applied,clear_constant_wind,1.225,0
2026-01-24T14:02:00.932899,-173.0305786,-82.69480896,-5.014076233,-0.002870364,0.000731965,-2.101080581,-0.91269809,2.156689167,0.065756507,0.000112021,0.00013452,1.56E-08,0.012750466,0.024919078,-9.806740761,0.000112021,0.00013452,1.56E-08,128.6166382,8.285259976,-0.931437136,2.174768709,0.062798442,0.946668915,1,0.3,0,0,applied,clear_constant_wind,1.225,0
2026-01-24T14:02:01.043187,-173.1017456,-82.52659607,-5.008943558,-0.002871864,0.000729306,-2.101080579,-0.913135767,2.156441212,0.065741397,6.78E-05,0.000141715,1.08E-08,0.012742964,0.024926927,-9.806712151,6.78E-05,0.000141715,1.08E-08,128.3129272,8.285259976,-0.9318936,2.174510592,0.062784097,0.94664577,1,0.3,0,0,applied,clear_constant_wind,1.225,0
2026-01-24T14:02:01.151515,-173.164917,-82.37779236,-5.004403114,-0.002874275,0.000725488,-2.101080576,-0.91352421,2.156221867,0.065727904,8.68E-05,0.000117407,5.42E-10,0.012735169,0.024932822,-9.806727409,8.32E-05,0.000131335,-2.44E-10,128.7011414,0.13860072,-0.932294638,2.174283715,0.062771429,0.946625435,1,0.3,0,0,applied,clear_constant_wind,1.225,0
2026-01-24T14:02:01.259574,-173.2473145,-82.18370056,-4.998490334,-0.002874101,0.00072612,-2.101080577,-0.914032519,2.155935764,0.06571307,5.48E-05,0.000147447,8.32E-10,0.012726993,0.024941228,-9.80668354,5.48E-05,0.000147447,8.32E-10,128.3234863,0.13860072,-0.932819609,2.173986571,0.06275508,0.946598816,1,0.3,0,0,applied,clear_constant_wind,1.225,0
2026-01-24T14:02:01.370875,-173.3324585,-81.98313904,-4.992385387,-0.002875022,0.000724876,-2.101080576,-0.914557815,2.155640125,0.065696828,4.54E-05,0.000118642,2.67E-09,0.012716327,0.024949817,-9.806678772,5.31E-05,0.000121171,2.28E-09,128.0778809,0.13860072,-0.933364329,2.173678069,0.062738234,0.946571194,1,0.3,0,0,applied,clear_constant_wind,1.225,0
2026-01-24T14:02:01.479580,-173.3983765,-81.8278656,-4.987658978,-0.002876513,0.000721717,-2.101080573,-0.914963365,2.155411243,0.065682694,0.000106361,0.000112798,-2.52E-09,0.012709134,0.024954274,-9.806739807,0.000107511,0.000130473,-2.13E-09,128.6536102,8.398607271,-0.933787628,2.173438208,0.062725139,0.946549728,1,0.3,0,0,applied,clear_constant_wind,1.225,0
2026-01-24T14:02:01.589698,-173.4642944,-81.6726532,-4.982932568,-0.002877873,0.000718783,-2.10108057,-0.915370464,2.155180693,0.065668799,0.000104538,0.000121916,-9.27E-09,0.012701761,0.02496032,-9.806735992,0.000104538,0.000121916,-9.27E-09,128.5453339,8.448609217,-0.934211653,2.173197829,0.062711963,0.946528225,1,0.3,0,0,applied,clear_constant_wind,1.225,0
2026-01-24T14:02:01.698535,-173.5302124,-81.51756287,-4.978206158,-0.002879474,0.000715756,-2.101080567,-0.915779114,2.154947996,0.065655068,9.53E-05,0.000136294,-2.33E-09,0.012694874,0.024966773,-9.806725502,9.53E-05,0.000136294,-2.33E-09,128.1201324,8.448609217,-0.934635743,2.172957307,0.062698673,0.946506719,1,0.3,0,0,applied,clear_constant_wind,1.225,0
2026-01-24T14:02:01.805005,-173.6208496,-81.30431366,-4.971707344,-0.002879395,0.000717176,-2.10108057,-0.916342854,2.154625416,0.065639459,6.30E-05,0.000141353,8.90E-09,0.012684903,0.024976611,-9.806667328,6.30E-05,0.000141353,8.90E-09,128.4977875,8.448609217,-0.935221143,2.172625118,0.062680321,0.946477031,1,0.3,0,0,applied,clear_constant_wind,1.225,0
2026-01-24T14:02:01.915535,-173.6950073,-81.12983704,-4.966390133,-0.002880663,0.000714256,-2.101080567,-0.916803122,2.154363155,0.065622978,5.99E-05,0.000133875,5.46E-10,0.012676025,0.024984028,-9.806705475,4.79E-05,0.000128449,5.44E-10,128.0990143,8.492293382,-0.935702077,2.172352054,0.062665238,0.94645264,1,0.3,0,0,applied,clear_constant_wind,1.225,0
2026-01-24T14:02:02.024565,-173.7636719,-80.96828461,-4.961466789,-0.002882508,0.000711453,-2.101080565,-0.91722995,2.154118776,0.065608531,8.75E-05,0.000134287,4.65E-10,0.012668524,0.024989579,-9.806721687,8.28E-05,0.000142565,4.61E-10,128.4238434,8.492293382,-0.936148977,2.172098186,0.062651219,0.946429975,1,0.3,0,0,applied,clear_constant_wind,1.225,0
2026-01-24T14:02:02.134957,-173.8323364,-80.80673218,-4.956543446,-0.002883926,0.00070907,-2.101080563,-0.917658031,2.153874397,0.065594181,9.37E-05,0.00014077,-2.55E-11,0.01266095,0.024995998,-9.806716919,8.54E-05,0.000148665,-2.92E-11,128.6403961,0.138814389,-0.936597415,2.171843323,0.062637147,0.946407232,1,0.3,0,0,applied,clear_constant_wind,1.225,0
2026-01-24T14:02:02.243018,-173.9010315,-80.64517975,-4.951620102,-0.002885333,0.000706304,-2.10108056,-0.918087482,2.153630018,0.065579943,9.12E-05,0.000145501,2.22E-09,0.01265339,0.025002165,-9.806715012,9.12E-05,0.000145501,2.22E-09,128.4264832,8.587949301,-0.93704681,2.171587794,0.062623032,0.946384439,1,0.3,0,0,applied,clear_constant_wind,1.225,0
2026-01-24T14:02:02.355115,-173.9949341,-80.42546844,-4.944924831,-0.002885887,0.000706798,-2.101080562,-0.918673813,2.153297663,0.065563507,8.06E-05,0.000144445,-1.04E-08,0.012642709,0.025011824,-9.806665421,8.06E-05,0.000144445,-1.04E-08,128.0197754,8.587949301,-0.937651252,2.171243913,0.062603913,0.946353782,1,0.3,0,0,applied,clear_constant_wind,1.225,0
2026-01-24T14:02:02.464820,-174.0667419,-80.25745392,-4.939816952,-0.002887195,0.000703482,-2.101080558,-0.919121087,2.153043509,0.065546878,7.52E-05,0.00013998,-2.74E-11,0.012634291,0.025019098,-9.806716919,5.97E-05,0.000135738,-3.03E-11,128.0514679,8.587949301,-0.938115391,2.170979693,0.062589536,0.94633024,1,0.3,0,0,applied,clear_constant_wind,1.225,0
2026-01-24T14:02:02.574020,-174.1330261,-80.10236359,-4.935101986,-0.002889183,0.000700353,-2.101080556,-0.919534981,2.152808905,0.065532848,8.91E-05,0.000122673,6.16E-09,0.012626423,0.02502455,-9.8067379,8.91E-05,0.000122673,6.16E-09,128.2231293,8.621301779,-0.938545314,2.170734835,0.062576214,0.946308433,1,0.3,0,0,applied,clear_constant_wind,1.225,0
2026-01-24T14:02:02.683798,-174.204834,-79.93447113,-4.929994106,-0.002890213,0.000698205,-2.101080554,-0.919985175,2.152552128,0.065518238,7.66E-05,0.000151339,1.39E-08,0.012619369,0.025031624,-9.80670929,7.66E-05,0.000151339,1.39E-08,128.5558929,8.621301779,-0.939011333,2.170469294,0.062561659,0.946284794,1,0.3,0,0,applied,clear_constant_wind,1.225,0
2026-01-24T14:02:02.791001,-174.2766418,-79.76665497,-4.924886227,-0.002891416,0.000696162,-2.101080552,-0.920436203,2.152294397,0.065503746,7.28E-05,0.000151995,1.34E-08,0.012611235,0.025038652,-9.806711197,7.28E-05,0.000151995,1.34E-08,128.1439056,8.66353123,-0.939478191,2.170203144,0.062547004,0.946261113,1,0.3,0,0,applied,clear_constant_wind,1.225,0
2026-01-24T14:02:02.901953,-174.3705444,-79.54720306,-4.918206692,-0.002891599,0.000697105,-2.101080554,-0.921027362,2.151954889,0.065487102,8.70E-05,0.000151122,-5.92E-09,0.012600342,0.025047613,-9.806661606,8.70E-05,0.000151122,-5.92E-09,128.6377563,8.66353123,-0.940091256,2.169853442,0.062527753,0.946230014,1,0.3,0,0,applied,clear_constant_wind,1.225,0
2026-01-24T14:02:03.011183,-174.4395905,-79.38584137,-4.913295269,-0.002893126,0.000693453,-2.10108055,-0.921460807,2.151707411,0.065470703,9.08E-05,0.000143933,-1.47E-08,0.012592423,0.025053702,-9.806731224,9.08E-05,0.000143933,-1.47E-08,128.3367004,8.688985143,-0.940543897,2.1695951,0.062513533,0.946207052,1,0.3,0,0,applied,clear_constant_wind,1.225,0
2026-01-24T14:02:03.122177,-174.5086365,-79.22447968,-4.908383846,-0.002895004,0.000690433,-2.101080548,-0.921895862,2.151457071,0.065455846,7.77E-05,0.000145434,-1.95E-08,0.012584532,0.025060795,-9.806718826,7.77E-05,0.000145434,-1.95E-08,128.128067,8.688985143,-0.940998124,2.169335728,0.06249926,0.94618401,1,0.3,0,0,applied,clear_constant_wind,1.225,0
2026-01-24T14:02:03.229479,-174.569397,-79.08248138,-4.904061794,-0.002897477,0.000686667,-2.101080545,-0.922279656,2.151236773,0.065442726,9.22E-05,0.000105832,-2.19E-08,0.012576093,0.025066422,-9.806741714,9.22E-05,0.000105832,-2.19E-08,128.3736725,8.709384912,-0.941399161,2.169106623,0.062486654,0.946163665,1,0.3,0,0,applied,clear_constant_wind,1.225,0
2026-01-24T14:02:03.339730,-174.6522522,-78.88884735,-4.898168087,-0.002897397,0.000687285,-2.101080546,-0.922805667,2.150936365,0.065427393,4.75E-05,0.000150872,-9.12E-09,0.012568364,0.025075711,-9.80668354,4.75E-05,0.000150872,-9.12E-09,128.2099304,8.709384912,-0.941948027,2.168792907,0.062469396,0.94613582,1,0.3,0,0,applied,clear_constant_wind,1.225,0
2026-01-24T14:02:03.449017,-174.7324982,-78.70166779,-4.892470837,-0.002898505,0.000685474,-2.101080545,-0.923313856,2.150645971,0.065410666,4.52E-05,0.000129767,-2.98E-09,0.012558571,0.02508352,-9.806695938,4.52E-05,0.000129767,-2.98E-09,128.1465454,8.709384912,-0.942477804,2.168489928,0.062452688,0.946108942,1,0.3,0,0,applied,clear_constant_wind,1.225,0
2026-01-24T14:02:03.560306,-174.7991486,-78.54676056,-4.887762547,-0.002900509,0.000681774,-2.101080541,-0.923734605,2.150405645,0.06539572,9.55E-05,0.000133092,-6.59E-09,0.012550888,0.025088839,-9.806732178,9.09E-05,0.000142471,-6.20E-09,128.2548218,8.733932486,-0.942913153,2.168240821,0.062439056,0.946086855,1,0.3,0,0,applied,clear_constant_wind,1.225,0
2026-01-24T14:02:03.683488,-174.8796844,-78.35962677,-4.882079124,-0.002900565,0.000681622,-2.101080541,-0.924244523,2.150115252,0.065380141,5.98E-05,0.000154336,-1.37E-08,0.012542086,0.025097784,-9.806689262,5.37E-05,0.000150149,-1.45E-08,127.6764603,0.140160736,-0.943440656,2.167938825,0.062422641,0.946060092,1,0.3,0,0,applied,clear_constant_wind,1.225,0
2026-01-24T14:02:03.792166,-174.951889,-78.19200897,-4.876983643,-0.002901696,0.000679448,-2.101080539,-0.924700916,2.149854898,0.065365031,9.45E-05,0.000149793,-1.71E-09,0.012534011,0.025103273,-9.806726456,9.45E-05,0.000149793,-1.71E-09,128.2970734,0.140160736,-0.943913651,2.167667894,0.062407773,0.946036093,1,0.3,0,0,applied,clear_constant_wind,1.225,0
2026-01-24T14:02:03.899586,-175.0296478,-78.0114975,-4.871496201,-0.002902644,0.000677663,-2.101080538,-0.925193965,2.149571896,0.065348953,5.28E-05,0.000143755,5.08E-10,0.012525082,0.025112003,-9.806700706,5.28E-05,0.000143755,5.08E-10,127.982811,8.774559339,-0.944424983,2.167374849,0.062391694,0.946010149,1,0.3,0,0,applied,clear_constant_wind,1.225,0
2026-01-24T14:02:04.009585,-175.118515,-77.80519867,-4.865224838,-0.0029037,0.0006766,-2.101080538,-0.925758839,2.149246931,0.065331742,5.74E-05,0.000130045,4.69E-09,0.012514317,0.025120767,-9.806672096,5.74E-05,0.000130045,4.69E-09,128.2125702,8.774559339,-0.945011858,2.167038314,0.062373233,0.945980371,1,0.3,0,0,applied,clear_constant_wind,1.225,0
2026-01-24T14:02:04.120352,-175.1851654,-77.65047455,-4.860521317,-0.002905514,0.000672726,-2.101080534,-0.926181555,2.149004221,0.065316454,0.000109986,0.000131674,1.82E-09,0.012506704,0.025125839,-9.806738853,0.00010394,0.000143044,2.60E-09,128.566452,8.78296301,-0.945453771,2.166784765,0.062359327,0.945957947,1,0.3,0,0,applied,clear_constant_wind,1.225,0
2026-01-24T14:02:04.229509,-175.2545929,-77.48930359,-4.855621815,-0.002906849,0.000670199,-2.101080531,-0.926623583,2.148748875,0.065301627,9.36E-05,0.00014554,-7.28E-09,0.012499046,0.025132617,-9.80673027,9.36E-05,0.00014554,-7.28E-09,128.4291229,8.78296301,-0.945915708,2.1665196,0.062344787,0.945934507,1,0.3,0,0,applied,clear_constant_wind,1.225,0
2026-01-24T14:02:04.338427,-175.3240204,-77.32813263,-4.850722313,-0.002908538,0.000667427,-2.101080529,-0.927067101,2.148492575,0.065286681,8.33E-05,0.000152595,-1.21E-08,0.012491302,0.025139635,-9.806723595,8.33E-05,0.000152595,-1.21E-08,128.7592468,0.139697728,-0.946379296,2.166253355,0.06233019,0.945910983,1,0.3,0,0,applied,clear_constant_wind,1.225,0
2026-01-24T14:02:04.447620,-175.4073334,-77.13472748,-4.844842911,-0.002909326,0.000667103,-2.10108053,-0.927601039,2.148185015,0.065270536,4.71E-05,0.000142049,1.49E-09,0.012481475,0.02514901,-9.806687355,4.71E-05,0.000142049,1.49E-09,128.6588898,0.139697728,-0.946937795,2.165932426,0.062312598,0.945882642,1,0.3,0,0,applied,clear_constant_wind,1.225,0
2026-01-24T14:02:04.558675,-175.4934235,-76.93487549,-4.838767529,-0.002910483,0.000665496,-2.101080529,-0.928153217,2.147867203,0.065252826,4.49E-05,0.000125102,-4.12E-09,0.012470935,0.025157582,-9.80668354,4.49E-05,0.000125102,-4.12E-09,128.3578186,0.139697728,-0.947517439,2.165599144,0.062294333,0.945853226,1,0.3,0,0,applied,clear_constant_wind,1.225,0
2026-01-24T14:02:04.667647,-175.5575867,-76.78659821,-4.834265709,-0.00291297,0.000660829,-2.101080525,-0.928562462,2.147631407,0.065237425,0.000100441,0.000110975,4.76E-09,0.012462816,0.025162192,-9.806758881,0.000100441,0.000110975,4.76E-09,127.7213516,8.788707768,-0.947943359,2.165354117,0.062280973,0.945831612,1,0.3,0,0,applied,clear_constant_wind,1.225,0
2026-01-24T14:02:04.776286,-175.6246033,-76.63205719,-4.829573631,-0.002914653,0.000657406,-2.101080522,-0.928992212,2.147384167,0.065222584,0.000102383,0.000140998,7.78E-09,0.012456082,0.025168495,-9.806728363,0.000102383,0.000140998,7.78E-09,128.566452,8.785946388,-0.948385908,2.165099406,0.062267042,0.945809152,1,0.3,0,0,applied,clear_constant_wind,1.225,0
2026-01-24T14:02:04.885738,-175.6916199,-76.47751617,-4.824881554,-0.00291617,0.000654716,-2.101080519,-0.929423392,2.147135973,0.065208457,9.85E-05,0.000150516,9.63E-09,0.012448596,0.025175206,-9.806725502,9.85E-05,0.000150516,9.63E-09,128.2204895,8.785946388,-0.948829992,2.164843691,0.062253059,0.945786615,1,0.3,0,0,applied,clear_constant_wind,1.225,0
2026-01-24T14:02:04.995234,-175.7865601,-76.25858307,-4.818234444,-0.002915867,0.000656718,-2.101080522,-0.930036008,2.146781445,0.065192118,9.27E-05,0.000163898,1.61E-08,0.012437932,0.02518506,-9.806660652,9.27E-05,0.000163898,1.61E-08,128.4449768,8.785946388,-0.949461754,2.164479697,0.062233158,0.945754551,1,0.3,0,0,applied,clear_constant_wind,1.225,0
2026-01-24T14:02:05.103335,-175.8535767,-76.10404205,-4.813542366,-0.0029174,0.000652906,-2.101080518,-0.930466592,2.146533012,0.065175705,0.000109719,0.000149376,1.76E-08,0.012429775,0.025190728,-9.80674839,0.000109719,0.000149376,1.76E-08,128.2759552,8.7826931,-0.949909579,2.164221531,0.062219047,0.945731823,1,0.3,0,0,applied,clear_constant_wind,1.225,0
2026-01-24T14:02:05.214241,-175.926178,-75.93662262,-4.808459282,-0.00291864,0.000650821,-2.101080516,-0.930935085,2.146261692,0.06516014,7.19E-05,0.000159462,1.43E-08,0.012421712,0.025198966,-9.806717873,7.19E-05,0.000159462,1.43E-08,128.3551788,8.7826931,-0.950396487,2.163940694,0.062203699,0.94570711,1,0.3,0,0,applied,clear_constant_wind,1.225,0
2026-01-24T14:02:05.324065,-175.9931946,-75.7820816,-4.803767204,-0.002920549,0.000647884,-2.101080514,-0.931368053,2.146009922,0.06514544,9.19E-05,0.000150244,1.46E-08,0.012413437,0.025205063,-9.806736946,9.19E-05,0.000150244,1.46E-08,127.874527,8.769862655,-0.950847576,2.163680385,0.062189475,0.945684214,1,0.3,0,0,applied,clear_constant_wind,1.225,0
2026-01-24T14:02:05.429513,-176.0713806,-75.60178375,-4.798293114,-0.002921093,0.00064736,-2.101080514,-0.931874752,2.14571619,0.06512966,5.79E-05,0.000160968,3.92E-09,0.012404827,0.025213735,-9.80670166,5.79E-05,0.000160968,3.92E-09,128.9044952,8.75235429,-0.951375843,2.163375381,0.062172813,0.9456574,1,0.3,0,0,applied,clear_constant_wind,1.225,0
2026-01-24T14:02:05.538360,-176.1607361,-75.39572906,-4.79203701,-0.002921867,0.000647086,-2.101080515,-0.932454288,2.145380497,0.06511201,6.14E-05,0.000138696,6.92E-09,0.012393573,0.025222732,-9.806676865,6.14E-05,0.000138696,6.92E-09,128.1174927,8.75235429,-0.951982226,2.163025064,0.062153679,0.945626621,1,0.3,0,0,applied,clear_constant_wind,1.225,0
2026-01-24T14:02:05.647526,-176.230545,-75.23474884,-4.787149429,-0.002923409,0.000643691,-2.101080512,-0.932906032,2.145118237,0.065095544,0.000105363,0.000149426,2.87E-09,0.012385677,0.025228022,-9.806742668,0.000105363,0.000149426,2.87E-09,128.2944336,8.75235429,-0.95245794,2.162750077,0.062138662,0.945602473,1,0.3,0,0,applied,clear_constant_wind,1.225,0
2026-01-24T14:02:05.758625,-176.3003998,-75.07393646,-4.782268047,-0.002925319,0.000640283,-2.101080509,-0.933359802,2.144855976,0.065079741,8.28E-05,0.000150449,1.14E-08,0.012377563,0.025235578,-9.806727409,8.28E-05,0.000150449,1.14E-08,127.742485,0.139989661,-0.952932484,2.162475628,0.062123672,0.945578385,1,0.3,0,0,applied,clear_constant_wind,1.225,0
2026-01-24T14:02:05.866341,-176.3677826,-74.91957855,-4.777587414,-0.002927386,0.000636762,-2.101080506,-0.933796942,2.144604206,0.06506487,9.22E-05,0.000145418,6.16E-09,0.012369471,0.025242545,-9.806723595,8.34E-05,0.000153696,5.77E-09,128.5162811,0.139989661,-0.953382845,2.162215035,0.062109471,0.945555523,1,0.3,0,0,applied,clear_constant_wind,1.225,0
2026-01-24T14:02:05.975244,-176.4520111,-74.72663116,-4.771736622,-0.002927215,0.000637406,-2.101080507,-0.934344709,2.144287586,0.065049224,5.88E-05,0.000160262,-4.13E-09,0.012360252,0.025251437,-9.806693077,5.88E-05,0.000160262,-4.13E-09,128.2574615,0.139989661,-0.953948037,2.16188782,0.062091642,0.945526831,1,0.3,0,0,applied,clear_constant_wind,1.225,0
2026-01-24T14:02:06.086508,-176.5362396,-74.53368378,-4.76588583,-0.002928306,0.000635735,-2.101080505,-0.934892476,2.143970013,0.065031409,4.32E-05,0.000132113,-9.35E-09,0.012349134,0.025260556,-9.806689262,4.67E-05,0.000131763,-1.05E-08,128.2970734,8.723979371,-0.954515735,2.161558956,0.062073728,0.945498011,1,0.3,0,0,applied,clear_constant_wind,1.225,0
2026-01-24T14:02:06.196758,-176.6064301,-74.37289429,-4.76101017,-0.002929728,0.000632871,-2.101080503,-0.935347974,2.143706083,0.065015621,0.000109686,0.000143978,-5.55E-09,0.012341421,0.025265265,-9.80674839,0.000109686,0.000143978,-5.55E-09,128.3393402,8.705344632,-0.954990743,2.161283634,0.062058733,0.945473896,1,0.3,0,0,applied,clear_constant_wind,1.225,0
2026-01-24T14:02:06.304366,-176.6766205,-74.2121048,-4.75613451,-0.00293129,0.0006297,-2.1010805,-0.93580538,2.143440723,0.064999714,8.99E-05,0.000154636,-1.31E-08,0.012333607,0.025272649,-9.806731224,8.99E-05,0.000154636,-1.31E-08,127.964325,8.705344632,-0.955467512,2.161007151,0.062043678,0.945449691,1,0.3,0,0,applied,clear_constant_wind,1.225,0
2026-01-24T14:02:06.413312,-176.7468109,-74.05131531,-4.75125885,-0.002933024,0.000626855,-2.101080375,-0.936264277,2.143172979,0.064984374,8.44E-05,0.000158439,-5.79E-09,0.012325431,0.025279826,-9.806727409,8.44E-05,0.000158439,-5.79E-09,128.2759552,8.691118894,-0.955946052,2.1607295,0.062028562,0.945425396,1,0.3,0,0,applied,clear_constant_wind,1.225,0
2026-01-24T14:02:06.521278,-176.833847,-73.85193634,-4.745213032,-0.002933439,0.00062714,-2.101080376,-0.936834693,2.142840385,0.064967476,5.09E-05,0.000147219,-3.57E-09,0.012314896,0.025289671,-9.80668354,5.09E-05,0.000147219,-3.57E-09,127.9854507,8.691118894,-0.956541916,2.160383579,0.062009733,0.945395143,1,0.3,0,0,applied,clear_constant_wind,1.225,0
2026-01-24T14:02:06.632125,-176.9180756,-73.65900421,-4.73936224,-0.002934644,0.000625106,-2.101080375,-0.937386692,2.14251852,0.06494911,4.09E-05,0.000130507,9.20E-09,0.012304447,0.025298299,-9.806694984,4.09E-05,0.000130507,9.20E-09,127.7662506,8.691118894,-0.957120999,2.160047189,0.061991412,0.945365741,1,0.3,0,0,applied,clear_constant_wind,1.225,0
2026-01-24T14:02:06.741068,-176.9854584,-73.50482941,-4.734681606,-0.002937064,0.000620704,-2.101080371,-0.937828481,2.142261028,0.064932965,9.88E-05,0.000135549,1.22E-08,0.012296378,0.025303276,-9.806750298,9.88E-05,0.000135549,1.22E-08,128.0409088,8.677106713,-0.957584076,2.159778043,0.061976589,0.945342228,1,0.3,0,0,applied,clear_constant_wind,1.225,0
2026-01-24T14:02:06.850154,-177.0500336,-73.35707855,-4.730203152,-0.002939334,0.00061657,-2.101080367,-0.938253999,2.142014265,0.064918019,0.000106108,0.000129667,7.01E-09,0.012288722,0.025309907,-9.806734085,0.000100534,0.000146135,5.83E-09,127.7636108,8.658383514,-0.958029416,2.159519075,0.061962528,0.945319616,1,0.3,0,0,applied,clear_constant_wind,1.225,0
2026-01-24T14:02:06.958630,-177.1204834,-73.1964798,-4.725339413,-0.002940612,0.000614022,-2.101080365,-0.938718438,2.141744137,0.064902872,9.27E-05,0.000162737,-9.35E-10,0.012281273,0.025316883,-9.806720734,9.27E-05,0.000162737,-9.35E-10,128.0594025,8.658383514,-0.95850983,2.159239572,0.061947389,0.945295222,1,0.3,0,0,applied,clear_constant_wind,1.225,0
2026-01-24T14:02:07.068667,-177.2164612,-72.97806549,-4.718724728,-0.002940615,0.000615394,-2.101080367,-0.939351857,2.141374826,0.064885303,9.30E-05,0.000165255,8.76E-10,0.012269858,0.025326941,-9.806665421,9.30E-05,0.000165255,8.76E-10,127.9722443,8.658383514,-0.959162634,2.158859545,0.06192676,0.945262073,1,0.3,0,0,applied,clear_constant_wind,1.225,0
2026-01-24T14:02:07.177453,-177.289856,-72.81104279,-4.713666439,-0.002941722,0.000612162,-2.101080363,-0.939834595,2.141093254,0.064867362,8.28E-05,0.00015716,3.44E-09,0.01226113,0.02533409,-9.806734085,8.28E-05,0.00015716,3.44E-09,127.9062195,8.645370551,-0.959664097,2.158567442,0.061910906,0.945236609,1,0.3,0,0,applied,clear_constant_wind,1.225,0
2026-01-24T14:02:07.288380,-177.3604279,-72.65044403,-4.7088027,-0.002943691,0.000608876,-2.101080361,-0.940300226,2.140821695,0.064851321,8.22E-05,0.000155759,2.94E-09,0.012252386,0.025341872,-9.806724548,7.23E-05,0.000158472,1.76E-09,128.2363434,8.630216358,-0.96014813,2.158285344,0.061895599,0.945212029,1,0.3,0,0,applied,clear_constant_wind,1.225,0
2026-01-24T14:02:07.406445,-177.4140625,-72.52838898,-4.705106258,-0.00294652,0.000605284,-2.101080359,-0.940654337,2.14061451,0.064838782,2.07E-05,-4.65E-05,-1.06E-09,0.012240741,0.025348444,-9.806786537,5.05E-05,4.00E-06,-1.06E-09,127.8349152,8.630216358,-0.960517219,2.158070138,0.061883923,0.945193286,1,0.3,0,0,applied,clear_constant_wind,1.225,0
2026-01-24T14:02:07.521077,-177.5043945,-72.32282257,-4.698880672,-0.002945117,0.0006072,-2.10108036,-0.941253901,2.140263557,0.064821891,6.07E-05,0.000178604,6.65E-09,0.012236143,0.025356572,-9.806674957,6.07E-05,0.000178604,6.65E-09,128.2627411,8.630216358,-0.961141248,2.157706091,0.061864175,0.945161595,1,0.3,0,0,applied,clear_constant_wind,1.225,0
2026-01-24T14:02:07.629587,-177.5947266,-72.1173172,-4.692655087,-0.00294609,0.000606219,-2.10108036,-0.941852093,2.139912844,0.064802609,5.08E-05,0.000133064,7.67E-09,0.012223927,0.025366073,-9.80668354,5.08E-05,0.000133064,7.67E-09,128.1227722,8.612643721,-0.961767563,2.15734047,0.061844286,0.945129787,1,0.3,0,0,applied,clear_constant_wind,1.225,0
2026-01-24T14:02:07.738604,-177.6652985,-71.95690918,-4.687791348,-0.002948023,0.000602057,-2.101080356,-0.942318976,2.139639139,0.064785197,0.000103002,0.000148465,5.17E-09,0.012215894,0.02537135,-9.806747437,0.000103002,0.000148465,5.17E-09,128.1993713,8.612643721,-0.962257234,2.15705445,0.061828589,0.945104918,1,0.3,0,0,applied,clear_constant_wind,1.225,0
2026-01-24T14:02:07.847620,-177.7302246,-71.8093338,-4.683316708,-0.002950725,0.000597391,-2.101080352,-0.942750514,2.139386892,0.064769685,0.000101352,0.000128538,2.70E-09,0.012207612,0.02537844,-9.806738853,9.48E-05,0.000144823,2.69E-09,127.8375549,8.599804244,-0.962709379,2.156790218,0.061814089,0.945081954,1,0.3,0,0,applied,clear_constant_wind,1.225,0
2026-01-24T14:02:07.956761,-177.8007965,-71.64892578,-4.678463936,-0.002952074,0.000594987,-2.10108035,-0.943221748,2.139112711,0.064754322,9.89E-05,0.000158978,-1.03E-08,0.012199906,0.025385238,-9.806729317,9.89E-05,0.000158978,-1.03E-08,127.8005829,8.583346791,-0.963202639,2.156501804,0.061798577,0.945056901,1,0.3,0,0,applied,clear_constant_wind,1.225,0
2026-01-24T14:02:08.066766,-177.8885651,-71.45001984,-4.672447681,-0.002952525,0.000594991,-2.101080351,-0.943807721,2.138770103,0.064736798,4.80E-05,0.000148203,-6.17E-09,0.012189258,0.025395837,-9.806689262,4.80E-05,0.000148203,-6.17E-09,127.7213516,8.583346791,-0.963811411,2.156145641,0.061779377,0.945025981,1,0.3,0,0,applied,clear_constant_wind,1.225,0
2026-01-24T14:02:08.174231,-177.970871,-71.26394653,-4.666819572,-0.002953845,0.000592273,-2.101080348,-0.944355905,2.138448715,0.064718232,4.67E-05,0.000136539,-1.62E-09,0.012179079,0.025404073,-9.806706429,4.67E-05,0.000136539,-1.62E-09,128.3551788,8.583346791,-0.964379292,2.155813196,0.061761397,0.944997137,1,0.3,0,0,applied,clear_constant_wind,1.225,0
2026-01-24T14:02:08.283748,-178.0389862,-71.10995483,-4.662161827,-0.002956068,0.000588001,-2.101080344,-0.944809973,2.138183117,0.064701997,0.000100321,0.000142432,2.31E-10,0.012170817,0.025409425,-9.806749344,0.000100321,0.000142432,2.31E-10,128.1729584,8.567051748,-0.964851179,2.155536794,0.061746452,0.944973167,1,0.3,0,0,applied,clear_constant_wind,1.225,0
2026-01-24T14:02:08.392706,-178.1099396,-70.94954681,-4.657310009,-0.002957571,0.000585125,-2.101080341,-0.945284843,2.137902975,0.064685993,9.28E-05,0.000165316,3.63E-09,0.012163029,0.025416717,-9.806729317,9.28E-05,0.000165316,3.63E-09,128.1307068,8.567051748,-0.965344586,2.155247639,0.061730819,0.944948104,1,0.3,0,0,applied,clear_constant_wind,1.225,0
2026-01-24T14:02:08.502371,-178.1808929,-70.78913879,-4.652458191,-0.002959133,0.000582629,-2.10108034,-0.945761025,2.137622833,0.06467025,9.02E-05,0.000169536,-1.28E-11,0.01215458,0.025424046,-9.806729317,9.02E-05,0.000169536,-1.28E-11,127.7477646,8.554170639,-0.9658399,2.154957213,0.06171512,0.944922944,1,0.3,0,0,applied,clear_constant_wind,1.225,0
2026-01-24T14:02:08.610399,-178.2745514,-70.57753754,-4.646053791,-0.002958999,0.000584238,-2.101080342,-0.946390867,2.137253046,0.064652413,7.09E-05,0.000159679,2.37E-10,0.012142962,0.0254345,-9.806672096,7.09E-05,0.000159679,2.37E-10,127.9431915,8.554170639,-0.966494927,2.15457291,0.061694213,0.944889669,1,0.3,0,0,applied,clear_constant_wind,1.225,0
2026-01-24T14:02:08.721480,-178.351181,-70.40450287,-4.640813828,-0.002960424,0.000580885,-2.101080339,-0.946905017,2.136950493,0.064633861,6.35E-05,0.000151167,-4.24E-09,0.012133603,0.025442123,-9.806723595,6.35E-05,0.000151167,-4.24E-09,128.0990143,8.536525215,-0.967032175,2.15425751,0.061676963,0.944862377,1,0.3,0,0,applied,clear_constant_wind,1.225,0
2026-01-24T14:02:08.830547,-178.4192963,-70.25069427,-4.636156082,-0.002962897,0.000576554,-2.101080335,-0.947363436,2.136681557,0.064617366,9.23E-05,0.000146057,2.30E-09,0.012124969,0.025448842,-9.806743622,8.53E-05,0.000154992,2.30E-09,128.2653961,8.536525215,-0.967511622,2.153975891,0.061661564,0.94483802,1,0.3,0,0,applied,clear_constant_wind,1.225,0
2026-01-24T14:02:08.939794,-178.4874115,-70.09688568,-4.631504536,-0.002964547,0.000573575,-2.101080332,-0.947823167,2.136412621,0.064601734,0.000107977,0.000144851,4.55E-09,0.012116554,0.025454972,-9.806746483,0.000107977,0.000144851,4.55E-09,127.8586807,8.52154838,-0.967992857,2.153693072,0.061646281,0.944813572,1,0.3,0,0,applied,clear_constant_wind,1.225,0
2026-01-24T14:02:09.049719,-178.5640411,-69.92385101,-4.626277447,-0.002965368,0.000571855,-2.101080331,-0.948342264,2.136107206,0.064584911,7.00E-05,0.000171427,6.75E-09,0.012108337,0.025463823,-9.806716919,7.00E-05,0.000171427,6.75E-09,127.6843796,8.52154838,-0.968536398,2.153373458,0.061629184,0.944785958,1,0.3,0,0,applied,clear_constant_wind,1.225,0
2026-01-24T14:02:09.160437,-178.6608734,-69.70595551,-4.619695187,-0.00296592,0.000572094,-2.101080332,-0.948997319,2.135721207,0.064565957,9.19E-05,0.000163343,1.29E-08,0.012096081,0.025473531,-9.806670189,9.19E-05,0.000163343,1.29E-08,128.3842316,8.52154838,-0.969216881,2.152973062,0.061607665,0.944751385,1,0.3,0,0,applied,clear_constant_wind,1.225,0
2026-01-24T14:02:09.269680,-178.7293549,-69.55214691,-4.615048885,-0.002968005,0.000567097,-2.101080327,-0.949458539,2.135449886,0.064547934,0.000110923,0.000152118,1.35E-08,0.012087427,0.025480222,-9.80674839,9.70E-05,0.00015746,1.35E-08,128.2944336,8.50846114,-0.969696613,2.152690614,0.061592447,0.944727011,1,0.3,0,0,applied,clear_constant_wind,1.225,0
2026-01-24T14:02:09.378760,-178.8006897,-69.39192963,-4.610208988,-0.002969596,0.000564272,-2.101080324,-0.949940801,2.135164261,0.064531729,9.63E-05,0.000160441,5.91E-09,0.012079026,0.025487363,-9.806740761,9.63E-05,0.000160441,5.91E-09,127.9458389,8.489863132,-0.97019826,2.152395111,0.061576528,0.944701523,1,0.3,0,0,applied,clear_constant_wind,1.225,0
2026-01-24T14:02:09.488589,-178.8720245,-69.23173523,-4.605369091,-0.00297129,0.000561365,-2.101080322,-0.950424612,2.134878159,0.064515419,9.07E-05,0.000169642,6.17E-09,0.012070667,0.02549482,-9.806733131,9.07E-05,0.000169642,6.17E-09,128.3551788,8.489863132,-0.97070159,2.152098458,0.061560527,0.944675948,1,0.3,0,0,applied,clear_constant_wind,1.225,0
2026-01-24T14:02:09.595346,-178.9519196,-69.05250549,-4.599948406,-0.002972224,0.00056025,-2.101080321,-0.950968087,2.134557724,0.064498566,6.05E-05,0.00016843,9.51E-10,0.012061013,0.025503986,-9.806704521,6.05E-05,0.00016843,9.51E-10,127.8454819,8.476022258,-0.971265267,2.151766055,0.061542407,0.944647307,1,0.3,0,0,applied,clear_constant_wind,1.225,0
2026-01-24T14:02:09.707515,-179.0460815,-68.84127045,-4.593559742,-0.002972834,0.00056015,-2.101080322,-0.951609552,2.134180069,0.064479299,7.68E-05,0.000155559,2.36E-09,0.01204892,0.025513588,-9.806681633,7.68E-05,0.000155559,2.36E-09,128.0171356,8.476022258,-0.971932805,2.151372147,0.061520939,0.944613387,1,0.3,0,0,applied,clear_constant_wind,1.225,0
2026-01-24T14:02:09.817619,-179.1174164,-68.6812439,-4.588719845,-0.002974307,0.000556391,-2.101080318,-0.952093899,2.133893967,0.064461052,0.000113983,0.000161602,1.02E-09,0.012040392,0.025519481,-9.806759834,0.000113983,0.000161602,1.02E-09,127.9696045,8.461839619,-0.97244084,2.151072173,0.061504595,0.944587571,1,0.3,0,0,applied,clear_constant_wind,1.225,0
2026-01-24T14:02:09.925679,-179.1887512,-68.52121735,-4.58388567,-0.002976322,0.000552566,-2.101080314,-0.952580452,2.133606195,0.064443707,8.74E-05,0.000161525,5.96E-09,0.012031694,0.025527608,-9.806743622,8.74E-05,0.000161525,5.96E-09,127.7768173,8.461839619,-0.97295089,2.150770842,0.061488348,0.944561652,1,0.3,0,0,applied,clear_constant_wind,1.225,0
2026-01-24T14:02:10.034514,-179.2543793,-68.37399292,-4.579443932,-0.002978878,0.000548202,-2.101080311,-0.953029573,2.133340836,0.064427912,0.000101312,0.000139891,1.05E-08,0.012023024,0.025534533,-9.80674839,9.62E-05,0.000156726,8.58E-09,127.8507614,8.443611438,-0.973421925,2.150492411,0.061473507,0.944537715,1,0.3,0,0,applied,clear_constant_wind,1.225,0
2026-01-24T14:02:10.141339,-179.3399811,-68.18196106,-4.57365036,-0.002978793,0.000548807,-2.101080312,-0.953617454,2.132991791,0.064410582,5.91E-05,0.000173845,-2.51E-09,0.012013553,0.025544278,-9.806698799,5.91E-05,0.000173845,-2.51E-09,127.7768173,8.443611438,-0.974038914,2.150127495,0.061454061,0.94450636,1,0.3,0,0,applied,clear_constant_wind,1.225,0
2026-01-24T14:02:10.252334,-179.4317474,-67.97712708,-4.567470551,-0.002980082,0.000547249,-2.101080311,-0.954245031,2.132619619,0.064390682,5.62E-05,0.000140003,-9.33E-09,0.012001129,0.025554094,-9.806687355,5.62E-05,0.000140003,-9.33E-09,128.1940765,8.443611438,-0.974690231,2.14974202,0.061433377,0.944473259,1,0.3,0,0,applied,clear_constant_wind,1.225,0
2026-01-24T14:02:10.361318,-179.5005951,-67.82351685,-4.562835693,-0.002982264,0.000542583,-2.101080306,-0.954715133,2.132340908,0.064373098,0.000115938,0.000145601,-7.53E-09,0.011992666,0.025559252,-9.80676651,0.000115938,0.000145601,-7.53E-09,127.742485,8.430684717,-0.97518021,2.149451858,0.061417787,0.944448357,1,0.3,0,0,applied,clear_constant_wind,1.225,0
2026-01-24T14:02:10.471182,-179.5694427,-67.67007446,-4.558200836,-0.002984378,0.000538567,-2.101080303,-0.955187678,2.132060528,0.064356439,0.000103906,0.000157438,-7.67E-09,0.011984564,0.025566664,-9.806746483,0.000103906,0.000157438,-7.67E-09,127.6025162,0.141429972,-0.975669881,2.149161731,0.061402025,0.94442347,1,0.3,0,0,applied,clear_constant_wind,1.225,0
2026-01-24T14:02:10.579876,-179.6440277,-67.50384521,-4.553179741,-0.002985686,0.000536349,-2.101080301,-0.95570159,2.131756783,0.064339809,8.07E-05,0.000178059,-1.15E-09,0.011976141,0.02557509,-9.806722641,8.07E-05,0.000178059,-1.15E-09,127.9537582,0.141429972,-0.976202493,2.148845991,0.061384876,0.9443964,1,0.3,0,0,applied,clear_constant_wind,1.225,0
2026-01-24T14:02:10.689819,-179.7300873,-67.31204224,-4.547386169,-0.002986188,0.000536181,-2.101080302,-0.956295729,2.131404877,0.064321518,5.65E-05,0.000162598,-2.08E-09,0.011965087,0.025584996,-9.806698799,5.65E-05,0.000162598,-2.08E-09,127.9775238,0.141429972,-0.97681982,2.148479808,0.061364991,0.944365023,1,0.3,0,0,applied,clear_constant_wind,1.225,0
2026-01-24T14:02:10.799358,-179.8161469,-67.12023926,-4.541592598,-0.002987257,0.000534231,-2.1010803,-0.956889689,2.131052017,0.064301491,4.84E-05,0.000144779,8.98E-10,0.011953869,0.025594251,-9.806706429,4.84E-05,0.000144779,8.98E-10,127.742485,8.398193254,-0.977440142,2.148111607,0.061345,0.944333493,1,0.3,0,0,applied,clear_constant_wind,1.225,0
2026-01-24T14:02:10.906685,-179.8849945,-66.96679688,-4.536963463,-0.002989488,0.000529724,-2.101080296,-0.957364738,2.13076973,0.064283803,0.000109021,0.000149838,1.94E-09,0.011945233,0.025599616,-9.806769371,0.000109021,0.000149838,1.94E-09,127.6949463,8.398193254,-0.977938568,2.147815578,0.061329104,0.944308158,1,0.3,0,0,applied,clear_constant_wind,1.225,0
2026-01-24T14:02:11.017781,-179.9538422,-66.81335449,-4.53234005,-0.002991465,0.000525846,-2.101080292,-0.957841873,2.130485773,0.064266846,0.000107691,0.000160557,-1.72E-09,0.011937053,0.025607355,-9.806742668,9.67E-05,0.000170604,-2.12E-09,128.1069336,8.385388629,-0.978438932,2.147518236,0.061313313,0.944282724,1,0.3,0,0,applied,clear_constant_wind,1.225,0
2026-01-24T14:02:11.125668,-180.0226898,-66.65991211,-4.527716637,-0.002993141,0.000523073,-2.10108029,-0.95832032,2.130199671,0.064250953,0.000110398,0.000156382,-1.28E-08,0.011928163,0.025614023,-9.806753159,0.000110398,0.000156382,-1.28E-08,127.9220657,8.368713221,-0.97894125,2.147219575,0.061297455,0.94425719,1,0.3,0,0,applied,clear_constant_wind,1.225,0
2026-01-24T14:02:11.236885,-180.1204224,-66.44255829,-4.521166801,-0.0029933,0.000524344,-2.101080292,-0.959000885,2.129794359,0.064231552,9.19E-05,0.000174323,-1.73E-08,0.011916614,0.025625177,-9.806670189,9.19E-05,0.000174323,-1.73E-08,127.8164291,8.368713221,-0.979651488,2.146797022,0.061274934,0.944221085,1,0.3,0,0,applied,clear_constant_wind,1.225,0
2026-01-24T14:02:11.345246,-180.1954041,-66.2765274,-4.516158104,-0.00299486,0.000520195,-2.101080287,-0.959520042,2.129484415,0.064211912,8.40E-05,0.000164894,-4.96E-09,0.011906751,0.025633551,-9.806735039,6.64E-05,0.000159668,-6.14E-09,127.7556839,8.368713221,-0.980189365,2.14647681,0.061257599,0.944193741,1,0.3,0,0,applied,clear_constant_wind,1.225,0
2026-01-24T14:02:11.454246,-180.2675018,-66.11688232,-4.511342049,-0.00299688,0.000516889,-2.101080285,-0.960020244,2.129186392,0.064194836,9.86E-05,0.000161719,-1.06E-08,0.011897902,0.025640026,-9.80674839,9.86E-05,0.000161719,-1.06E-08,128.0805206,8.352969278,-0.980708717,2.146167454,0.061240854,0.944167339,1,0.3,0,0,applied,clear_constant_wind,1.225,0
2026-01-24T14:02:11.562684,-180.3424835,-65.95085144,-4.506333351,-0.002998299,0.000514152,-2.101080282,-0.96054256,2.128875256,0.064177133,8.43E-05,0.000177292,-1.15E-08,0.011889176,0.02564824,-9.806731224,8.43E-05,0.000177292,-1.15E-08,127.8428421,8.352969278,-0.981251104,2.145844195,0.06122336,0.944139764,1,0.3,0,0,applied,clear_constant_wind,1.225,0
2026-01-24T14:02:11.671307,-180.4145813,-65.79120636,-4.501517296,-0.003000117,0.000510963,-2.10108028,-0.961045802,2.128574848,0.064159885,9.37E-05,0.000174996,-9.66E-09,0.011879999,0.025655616,-9.806740761,9.37E-05,0.000174996,-9.66E-09,127.8692474,0.141469179,-0.981774817,2.145531889,0.061206462,0.944113138,1,0.3,0,0,applied,clear_constant_wind,1.225,0
2026-01-24T14:02:11.782160,-180.5126343,-65.57408905,-4.494967461,-0.003000324,0.000512039,-2.101080282,-0.961732626,2.128164053,0.06413997,9.84E-05,0.00017846,8.56E-09,0.01186767,0.025666289,-9.806674004,9.84E-05,0.00017846,8.56E-09,127.7398453,0.141469179,-0.982490535,2.145104805,0.061183359,0.944076749,1,0.3,0,0,applied,clear_constant_wind,1.225,0
2026-01-24T14:02:11.892960,-180.5847321,-65.41444397,-4.490159512,-0.003002056,0.000507494,-2.101080277,-0.962236166,2.127863407,0.064120233,0.000103348,0.000168836,1.38E-08,0.011858199,0.025674041,-9.806750298,8.55E-05,0.000167935,1.42E-08,127.4651871,8.32229066,-0.98301936,2.144789028,0.06116653,0.944049862,1,0.3,0,0,applied,clear_constant_wind,1.225,0
2026-01-24T14:02:12.001570,-180.6568298,-65.25479889,-4.485355377,-0.003004014,0.000504186,-2.101080274,-0.962741256,2.127560854,0.064102806,9.75E-05,0.000165205,1.06E-08,0.01184918,0.025681708,-9.806743622,8.89E-05,0.000174251,1.10E-08,127.8692474,8.32229066,-0.983550375,2.144471763,0.061149743,0.944022862,1,0.3,0,0,applied,clear_constant_wind,1.225,0
2026-01-24T14:02:12.113397,-180.7289276,-65.09516907,-4.480551243,-0.003005719,0.000501246,-2.101080272,-0.963247716,2.12725687,0.064085707,0.000104232,0.000170276,3.40E-09,0.01184021,0.025688635,-9.806750298,0.000104232,0.000170276,3.40E-09,127.8005829,0,-0.984083385,2.144153127,0.06113287,0.94399576,1,0.3,0,0,applied,clear_constant_wind,1.225,0
2026-01-24T14:02:12.219902,-180.8067932,-64.92295837,-4.475362778,-0.003007149,0.000498835,-2.10108027,-0.963796854,2.126928568,0.064067572,6.83E-05,0.000176781,2.85E-09,0.011830807,0.025697915,-9.806725502,6.83E-05,0.000176781,2.85E-09,127.6077957,0,-0.984658942,2.14380886,0.061114438,0.943966494,1,0.3,0,0,applied,clear_constant_wind,1.225,0
2026-01-24T14:02:12.328678,-180.9053497,-64.70610046,-4.468829155,-0.003008055,0.000498561,-2.101080271,-0.964490473,2.126513481,0.064047068,9.36E-05,0.000170648,5.81E-09,0.011817944,0.025708092,-9.806674004,9.36E-05,0.000170648,5.81E-09,127.9009399,0,-0.985375908,2.143379721,0.061091296,0.943930036,1,0.3,0,0,applied,clear_constant_wind,1.225,0
2026-01-24T14:02:12.439917,-180.977829,-64.54664612,-4.464025021,-0.003009978,0.000493669,-2.101080265,-0.964999497,2.126209497,0.064027429,0.000102929,0.00016754,4.82E-09,0.011808893,0.025715012,-9.806755066,0.000102929,0.00016754,4.82E-09,128.0594025,0.141124752,-0.985905434,2.143062565,0.061074192,0.943903109,1,0.3,0,0,applied,clear_constant_wind,1.225,0
2026-01-24T14:02:12.549411,-181.0503082,-64.38719177,-4.459220886,-0.003012138,0.00048972,-2.101080262,-0.965510726,2.12590313,0.064009592,8.92E-05,0.000171049,7.59E-10,0.011799778,0.02572321,-9.806742668,8.92E-05,0.000171049,7.59E-10,127.7477646,0.141693788,-0.986437179,2.142743901,0.061057011,0.943876068,1,0.3,0,0,applied,clear_constant_wind,1.225,0
2026-01-24T14:02:12.658923,-181.1256866,-64.22135925,-4.454224586,-0.003013675,0.000487046,-2.10108026,-0.966044366,2.125582457,0.063991748,8.42E-05,0.00018253,9.62E-09,0.011790616,0.025731415,-9.806732178,8.42E-05,0.00018253,9.62E-09,127.7319183,0.141693788,-0.986992563,2.14241088,0.061039059,0.943847824,1,0.3,0,0,applied,clear_constant_wind,1.225,0
2026-01-24T14:02:12.765268,-181.2010651,-64.05552673,-4.449228764,-0.003015149,0.000484529,-2.101080258,-0.966578901,2.125260115,0.06397377,8.61E-05,0.000184692,1.54E-08,0.011781077,0.025739424,-9.806735992,8.61E-05,0.000184692,1.54E-08,128.1439056,8.262584899,-0.987550377,2.142076203,0.061021036,0.943819455,1,0.3,0,0,applied,clear_constant_wind,1.225,0
2026-01-24T14:02:12.878877,-181.2996368,-63.83876801,-4.442711353,-0.003015531,0.000485362,-2.10108026,-0.967279911,2.124838591,0.063953131,9.80E-05,0.000180506,1.47E-09,0.011768212,0.025750089,-9.806676865,9.80E-05,0.000180506,1.47E-09,127.9775238,8.262584899,-0.988282141,2.14163685,0.060997762,0.943782239,1,0.3,0,0,applied,clear_constant_wind,1.225,0
2026-01-24T14:02:12.998645,-181.3808136,-63.66028595,-4.437344074,-0.003016742,0.000482104,-2.101080256,-0.967855692,2.124491453,0.063931979,5.11E-05,0.000158105,5.55E-09,0.011756908,0.025760403,-9.806722641,3.89E-05,0.000150472,5.16E-09,127.2275009,8.248168303,-0.988887582,2.141273086,0.06097847,0.943751446,1,0.3,0,0,applied,clear_constant_wind,1.225,0
2026-01-24T14:02:13.110557,-181.456192,-63.49455261,-4.432360172,-0.003018899,0.000478444,-2.101080253,-0.968391061,2.124169111,0.063913405,9.65E-05,0.000169375,9.34E-09,0.01174787,0.025767028,-9.806743622,8.85E-05,0.000173695,9.33E-09,127.2116547,8.248168303,-0.989452349,2.140933549,0.060960466,0.943722721,1,0.3,0,0,applied,clear_constant_wind,1.225,0
2026-01-24T14:02:13.217628,-181.5257721,-63.34164047,-4.427759647,-0.003021292,0.000474069,-2.101080249,-0.968886614,2.123871565,0.063895889,0.000109686,0.000146113,1.04E-08,0.011738243,0.025773704,-9.806769371,0.000109686,0.000146113,1.04E-08,127.6738205,0.141273074,-0.989974874,2.14061923,0.060943722,0.943696144,1,0.3,0,0,applied,clear_constant_wind,1.225,0
2026-01-24T14:02:13.327565,-181.601532,-63.17600632,-4.422775745,-0.003023024,0.000470567,-2.101080246,-0.969426453,2.1235466,0.063877672,8.20E-05,0.000178426,5.90E-09,0.011729835,0.025782462,-9.806731224,8.20E-05,0.000178426,5.90E-09,128.1782379,0.141273074,-0.990534196,2.140282588,0.060925637,0.943667694,1,0.3,0,0,applied,clear_constant_wind,1.225,0
2026-01-24T14:02:13.436764,-181.6947937,-62.9721489,-4.416641712,-0.00302376,0.000470534,-2.101080247,-0.970092893,2.123144388,0.063857883,6.34E-05,0.000163565,-2.09E-09,0.011717439,0.025793388,-9.806690216,6.34E-05,0.000163565,-2.09E-09,127.5417709,0.141273074,-0.991225565,2.139866195,0.060903266,0.943632527,1,0.3,0,0,applied,clear_constant_wind,1.225,0
2026-01-24T14:02:13.549370,-181.7793121,-62.78741837,-4.411082745,-0.003025209,0.000467362,-2.101080244,-0.970696568,2.122780323,0.063836597,4.63E-05,0.000151206,-3.30E-10,0.011705834,0.025803277,-9.806710243,4.23E-05,0.000147008,-3.32E-10,128.2125702,8.217577138,-0.991855178,2.139486732,0.060882867,0.9436005,1,0.3,0,0,applied,clear_constant_wind,1.225,0
2026-01-24T14:02:13.658653,-181.8492584,-62.63461685,-4.40648222,-0.003027643,0.000462976,-2.10108024,-0.971196294,2.122478485,0.063818544,0.000110039,0.000142193,5.81E-09,0.011696705,0.025808599,-9.806777954,0.000110039,0.000142193,5.81E-09,127.8718872,8.20198962,-0.992377492,2.139171748,0.060865849,0.94357393,1,0.3,0,0,applied,clear_constant_wind,1.225,0
2026-01-24T14:02:13.766748,-181.9221191,-62.47544861,-4.401699543,-0.003029437,0.000459229,-2.101080236,-0.971719503,2.12216258,0.063799866,0.000102623,0.000179405,5.25E-09,0.01168868,0.025816437,-9.806746483,0.000102623,0.000179405,5.25E-09,127.5232849,8.20198962,-0.992923858,2.138842064,0.060848346,0.943546135,1,0.3,0,0,applied,clear_constant_wind,1.225,0
2026-01-24T14:02:13.874225,-181.9920654,-62.32264709,-4.397110462,-0.003031641,0.000455268,-2.101080233,-0.97222352,2.121859312,0.063782506,0.000106174,0.000173456,1.41E-08,0.011679405,0.025824022,-9.806752205,0.000106174,0.000173456,1.41E-08,127.7873764,8.185414618,-0.993450582,2.138524051,0.060831539,0.94351934,1,0.3,0,0,applied,clear_constant_wind,1.225,0
2026-01-24T14:02:13.984893,-182.091156,-62.10622025,-4.390609264,-0.003031748,0.00045649,-2.101080235,-0.972940445,2.121425867,0.063762307,9.95E-05,0.000187356,3.35E-09,0.011666997,0.025835434,-9.806672096,9.95E-05,0.000187356,3.35E-09,127.9669647,8.185414618,-0.994199917,2.138071331,0.060807571,0.943481218,1,0.3,0,0,applied,clear_constant_wind,1.225,0
2026-01-24T14:02:14.093322,-182.17276,-61.92805862,-4.385255337,-0.003032885,0.000453124,-2.101080231,-0.973529279,2.121069193,0.063740738,5.32E-05,0.000161792,8.19E-09,0.011656011,0.02584517,-9.806735039,5.32E-05,0.000161792,8.19E-09,127.2539063,8.185414618,-0.994819297,2.137696856,0.060787668,0.943449706,1,0.3,0,0,applied,clear_constant_wind,1.225,0
2026-01-24T14:02:14.202421,-182.2398071,-61.78171158,-4.380857468,-0.00303622,0.000447205,-2.101080226,-0.974014163,2.120776176,0.063722715,9.76E-05,0.000137668,4.54E-09,0.011646146,0.025851406,-9.806775093,9.76E-05,0.000137668,4.54E-09,127.9352722,8.172667555,-0.995329964,2.137387925,0.060771248,0.943423724,1,0.3,0,0,applied,clear_constant_wind,1.225,0
2026-01-24T14:02:14.311443,-182.3101196,-61.62900162,-4.376268387,-0.00303835,0.000442984,-2.101080222,-0.974522948,2.120467186,0.063705139,0.0001126,0.000171332,2.82E-09,0.01163821,0.025859047,-9.806744576,0.000101578,0.000182713,2.82E-09,127.974884,8.155897191,-0.995856715,2.137069092,0.060754179,0.943396924,1,0.3,0,0,applied,clear_constant_wind,1.225,0
2026-01-24T14:02:14.419623,-182.3892212,-61.4572525,-4.371105671,-0.003039013,0.000441957,-2.101080221,-0.975096822,2.120119572,0.063687131,9.07E-05,0.000201227,-6.20E-11,0.011628967,0.025867701,-9.806731224,9.07E-05,0.000201227,-6.20E-11,127.9854507,8.155897191,-0.996451234,2.136709029,0.060734851,0.943366674,1,0.3,0,0,applied,clear_constant_wind,1.225,0
2026-01-24T14:02:14.531399,-182.4888306,-61.24104309,-4.364604473,-0.003039438,0.000442656,-2.101080223,-0.975820661,2.119681835,0.063665584,0.000100567,0.000183436,-4.95E-09,0.011615323,0.025878768,-9.806677818,0.000100567,0.000183436,-4.95E-09,127.5391312,8.155897191,-0.997202913,2.136253463,0.060710325,0.943328427,1,0.3,0,0,applied,clear_constant_wind,1.225,0
2026-01-24T14:02:14.639533,-182.550354,-61.10750198,-4.360594273,-0.003042822,0.00043586,-2.101080217,-0.976266325,2.119411469,0.063646682,0.000120062,9.65E-05,-4.67E-10,0.011604383,0.025884889,-9.806816101,0.000120062,9.65E-05,-4.67E-10,127.7900162,0.13656324,-0.99766942,2.135970543,0.060695268,0.943304689,1,0.3,0,0,applied,clear_constant_wind,1.225,0
2026-01-24T14:02:14.750391,-182.6265259,-60.94216537,-4.355635166,-0.003043586,0.00043323,-2.101080213,-0.976821959,2.119074106,0.063627817,9.62E-05,0.000193988,-4.94E-09,0.011597876,0.025893465,-9.806731224,9.62E-05,0.000193988,-4.94E-09,127.7741776,0.13656324,-0.998249384,2.135618616,0.060676736,0.943275177,1,0.3,0,0,applied,clear_constant_wind,1.225,0
2026-01-24T14:02:14.858560,-182.6997681,-60.78326797,-4.350866795,-0.003045462,0.000430036,-2.101080211,-0.977357209,2.118748903,0.063609831,9.84E-05,0.000190424,-1.02E-08,0.011588152,0.02590155,-9.806746483,9.84E-05,0.000190424,-1.02E-08,127.7292786,8.127736494,-0.998808379,2.135279211,0.060658774,0.943246731,1,0.3,0,0,applied,clear_constant_wind,1.225,0
2026-01-24T14:02:14.965360,-182.7876587,-60.59260941,-4.345144749,-0.003046009,0.000429886,-2.101080089,-0.978001118,2.118356466,0.06359002,5.70E-05,0.000178821,-8.78E-09,0.011576423,0.02591257,-9.80670166,5.70E-05,0.000178821,-8.78E-09,127.9880905,8.127736494,-0.999482161,2.134869845,0.060637094,0.943212443,1,0.3,0,0,applied,clear_constant_wind,1.225,0
2026-01-24T14:02:15.076900,-182.8755493,-60.40195084,-4.339422703,-0.003047395,0.000427571,-2.101080087,-0.978645205,2.117964029,0.063568443,5.01E-05,0.000157044,-5.45E-09,0.011564231,0.025922488,-9.806711197,5.01E-05,0.000157044,-5.45E-09,127.5655365,8.109755563,-1.000159519,2.134458014,0.060615289,0.943177972,1,0.3,0,0,applied,clear_constant_wind,1.225,0
2026-01-24T14:02:15.186526,-182.9459229,-60.24945068,-4.334845066,-0.003050017,0.000422396,-2.101080082,-0.979160428,2.117649317,0.063549362,0.000114642,0.000162853,-8.73E-09,0.011554874,0.025928242,-9.806773186,0.000114642,0.000162853,-8.73E-09,127.8111496,8.109755563,-1.000702137,2.134127893,0.060597761,0.943150356,1,0.3,0,0,applied,clear_constant_wind,1.225,0
2026-01-24T14:02:15.294581,-183.0195465,-60.09066391,-4.330076694,-0.003051974,0.00041846,-2.101080079,-0.97969991,2.117321491,0.063530691,0.000102071,0.000184959,-3.04E-09,0.011546037,0.025936581,-9.806751251,0.000102071,0.000184959,-3.04E-09,128.0461884,8.095733871,-1.001261159,2.1337876,0.060579503,0.943121906,1,0.3,0,0,applied,clear_constant_wind,1.225,0
2026-01-24T14:02:15.403588,-183.0931702,-59.93187714,-4.325308323,-0.003053857,0.000415095,-2.101080076,-0.980241239,2.11699152,0.063512266,9.87E-05,0.000191092,4.64E-09,0.011536557,0.025944853,-9.806751251,9.87E-05,0.000191092,4.64E-09,128.0567474,8.095733871,-1.001822672,2.133445588,0.060561156,0.943093327,1,0.3,0,0,applied,clear_constant_wind,1.225,0
2026-01-24T14:02:15.512487,-183.1874084,-59.72863007,-4.319211483,-0.003053983,0.000416143,-2.101080078,-0.980935693,2.11656785,0.063491546,6.73E-05,0.000180161,1.23E-08,0.011523872,0.025956523,-9.80669117,6.73E-05,0.000180161,1.23E-08,127.893013,8.095733871,-1.002545068,2.13300528,0.060537763,0.943056559,1,0.3,0,0,applied,clear_constant_wind,1.225,0
2026-01-24T14:02:15.622617,-183.266922,-59.55721664,-4.314074516,-0.003055589,0.000412237,-2.101080074,-0.98152107,2.116210461,0.063470036,7.16E-05,0.000175091,1.36E-08,0.011512813,0.025965575,-9.806731224,5.88E-05,0.000168469,1.44E-08,127.5576172,8.0821762,-1.003156677,2.132632231,0.060518101,0.943025429,1,0.3,0,0,applied,clear_constant_wind,1.225,0
2026-01-24T14:02:15.730799,-183.3376007,-59.40487289,-4.309508324,-0.003057979,0.000408089,-2.10108007,-0.982042015,2.11589241,0.063451722,0.000110065,0.000157083,1.59E-08,0.011503103,0.025971767,-9.806777954,0.000110065,0.000157083,1.59E-08,127.5206451,8.063844679,-1.003702465,2.132299128,0.060500521,0.942997648,1,0.3,0,0,applied,clear_constant_wind,1.225,0
2026-01-24T14:02:15.840014,-183.4112244,-59.24618149,-4.304751873,-0.003059695,0.000404539,-2.101080067,-0.982587159,2.115558624,0.063432775,0.000106121,0.000192004,1.45E-08,0.011494618,0.025979849,-9.806750298,0.000106121,0.000192004,1.45E-08,127.4070816,8.063844679,-1.0042735,2.13195041,0.06048212,0.942968581,1,0.3,0,0,applied,clear_constant_wind,1.225,0
2026-01-24T14:02:15.948464,-183.487793,-59.08114243,-4.299805164,-0.003061334,0.000401738,-2.101080064,-0.983155668,2.115211487,0.063413799,8.78E-05,0.000197224,1.79E-08,0.011484737,0.025988955,-9.806740761,8.78E-05,0.000197224,1.79E-08,127.2090149,8.050909176,-1.004870106,2.131585852,0.060462887,0.942938211,1,0.3,0,0,applied,clear_constant_wind,1.225,0
2026-01-24T14:02:16.059538,-183.5879211,-58.865448,-4.293336391,-0.003061854,0.000402239,-2.101080066,-0.983901203,2.114755392,0.063392058,0.000101359,0.000191247,5.94E-09,0.011471047,0.026000207,-9.806674957,0.000101359,0.000191247,5.94E-09,127.8375549,8.050909176,-1.005652628,2.131107347,0.0604375,0.942898376,1,0.3,0,0,applied,clear_constant_wind,1.225,0
2026-01-24T14:02:16.168998,-183.6617432,-58.70685196,-4.288579941,-0.003063995,0.000396733,-2.10108006,-0.984448195,2.114420414,0.063370667,0.000106214,0.000180862,3.34E-09,0.011461128,0.026007717,-9.806769371,0.000106214,0.000180862,3.34E-09,127.7160721,8.036295326,-1.006226173,2.13075638,0.060418807,0.942869178,1,0.3,0,0,applied,clear_constant_wind,1.225,0
2026-01-24T14:02:16.277977,-183.7357483,-58.54825592,-4.28382349,-0.003066507,0.000392134,-2.101080056,-0.984997869,2.114084005,0.063351095,9.13E-05,0.000183019,-3.09E-09,0.011451114,0.026017202,-9.806749344,7.89E-05,0.000186177,-5.05E-09,127.5919495,8.036295326,-1.006797818,2.130406367,0.0604001,0.942840076,1,0.3,0,0,applied,clear_constant_wind,1.225,0
2026-01-24T14:02:16.387552,-183.8097534,-58.38971329,-4.279071808,-0.003068271,0.000389072,-2.101080053,-0.985548973,2.113745928,0.06333252,0.000111263,0.000188073,-5.58E-09,0.011441537,0.0260248,-9.806755066,0.000103255,0.000198347,-5.19E-09,127.4810257,0.137078649,-1.007371259,2.13005504,0.060381424,0.942810882,1,0.3,0,0,applied,clear_constant_wind,1.225,0
2026-01-24T14:02:16.494428,-183.889679,-58.21853256,-4.273947716,-0.003069083,0.000387603,-2.101080052,-0.986145377,2.113379002,0.063312903,9.37E-05,0.000207265,5.21E-09,0.011431612,0.026033638,-9.806744576,9.37E-05,0.000207265,5.21E-09,127.6289215,0.137078649,-1.007992826,2.129673982,0.060361382,0.942779236,1,0.3,0,0,applied,clear_constant_wind,1.225,0
2026-01-24T14:02:16.604009,-183.9903259,-58.00297165,-4.267495155,-0.003069866,0.000387761,-2.101080054,-0.986898422,2.112916946,0.063290261,0.000100075,0.00018795,1.13E-08,0.011417408,0.026045201,-9.806680679,0.000100075,0.00018795,1.13E-08,127.327858,0.137078649,-1.008779914,2.129191092,0.060335989,0.942739162,1,0.3,0,0,applied,clear_constant_wind,1.225,0
2026-01-24T14:02:16.714213,-184.0643311,-57.84449387,-4.262750626,-0.003072123,0.000382148,-2.101080047,-0.987450898,2.1125772,0.063268438,0.000106081,0.000182496,6.70E-09,0.011407552,0.026052782,-9.806773186,0.000106081,0.000182496,6.70E-09,127.3384171,8.006281384,-1.009361441,2.128834059,0.060317192,0.942709553,1,0.3,0,0,applied,clear_constant_wind,1.225,0
2026-01-24T14:02:16.823502,-184.1383362,-57.68608856,-4.258006096,-0.003074722,0.000377389,-2.101080043,-0.988006413,2.112235785,0.063248716,9.35E-05,0.000183714,3.79E-09,0.011397619,0.02606158,-9.806757927,9.35E-05,0.000183714,3.79E-09,127.4519806,7.99052406,-1.009944535,2.128475848,0.06029825,0.942679863,1,0.3,0,0,applied,clear_constant_wind,1.225,0
2026-01-24T14:02:16.933546,-184.2123413,-57.52768326,-4.253261566,-0.003076903,0.000373303,-2.10108004,-0.988563895,2.111893415,0.063229471,9.91E-05,0.000191981,4.41E-09,0.011387908,0.026069785,-9.80675602,9.91E-05,0.000191981,4.41E-09,127.6447678,7.99052406,-1.010530316,2.128115765,0.060279212,0.942650036,1,0.3,0,0,applied,clear_constant_wind,1.225,0
2026-01-24T14:02:17.039885,-184.2922668,-57.35660553,-4.248137474,-0.003078375,0.00037081,-2.101080038,-0.989168048,2.111521244,0.063209504,7.70E-05,0.000198464,1.88E-09,0.011377467,0.026079474,-9.806735039,7.70E-05,0.000198464,1.88E-09,127.1799622,7.974424438,-1.011165999,2.127724754,0.060258544,0.942617666,1,0.3,0,0,applied,clear_constant_wind,1.225,0
2026-01-24T14:02:17.152861,-184.3933716,-57.14126587,-4.241684914,-0.003079144,0.000370749,-2.101080039,-0.989930809,2.111051083,0.063186973,9.94E-05,0.000191625,3.23E-09,0.011363376,0.026090676,-9.806678772,9.94E-05,0.000191625,3.23E-09,127.560257,7.974424438,-1.011958132,2.127237154,0.060232492,0.942577328,1,0.3,0,0,applied,clear_constant_wind,1.225,0
2026-01-24T14:02:17.258932,-184.4677582,-56.98295593,-4.23694849,-0.003081338,0.000365261,-2.101080033,-0.990490675,2.110705853,0.063164741,0.000107498,0.000187039,7.28E-09,0.011353427,0.026098277,-9.806774139,0.000107498,0.000187039,7.28E-09,127.3067245,7.974424438,-1.012542214,2.126877352,0.060213503,0.942547584,1,0.3,0,0,applied,clear_constant_wind,1.225,0
2026-01-24T14:02:17.368681,-184.5361938,-56.83731079,-4.23259449,-0.003084358,0.000359715,-2.101080028,-0.991007805,2.110387802,0.063145712,0.000112985,0.00016118,1.38E-08,0.011343438,0.026106566,-9.806768417,0.000105363,0.000180195,1.34E-08,127.6077957,7.961733914,-1.013081973,2.126544654,0.06019607,0.942520096,1,0.3,0,0,applied,clear_constant_wind,1.225,0
2026-01-24T14:02:17.478654,-184.607605,-56.68535233,-4.228051186,-0.00308607,0.000356505,-2.101080025,-0.991549432,2.110054016,0.063127592,0.000125091,0.000179149,1.44E-08,0.011334317,0.026114307,-9.80675602,0.000119158,0.00019882,1.52E-08,127.6738205,7.944769928,-1.013647377,2.126195947,0.060177778,0.942491301,1,0.3,0,0,applied,clear_constant_wind,1.225,0
2026-01-24T14:02:17.586751,-184.6968689,-56.49549484,-4.222372055,-0.003085771,0.000357458,-2.101080026,-0.992227972,2.109634399,0.063106991,6.63E-05,0.000205814,3.27E-09,0.011323145,0.02612574,-9.806716919,6.63E-05,0.000205814,3.27E-09,127.642128,7.944769928,-1.014356292,2.125758441,0.060154722,0.942455196,1,0.3,0,0,applied,clear_constant_wind,1.225,0
2026-01-24T14:02:17.695507,-184.7891083,-56.29930878,-4.21650362,-0.003087273,0.000355237,-2.101080025,-0.992929399,2.109200716,0.063083559,5.45E-05,0.000162326,7.35E-09,0.011308887,0.026136896,-9.806703568,6.39E-05,0.000165945,7.74E-09,127.3172913,7.944769928,-1.015093034,2.125303415,0.060130749,0.942417672,1,0.3,0,0,applied,clear_constant_wind,1.225,0
2026-01-24T14:02:17.806973,-184.8634949,-56.14109421,-4.211771011,-0.003089249,0.000350841,-2.10108002,-0.993494213,2.10885191,0.063062832,0.000134715,0.000177532,4.81E-09,0.011299358,0.026142713,-9.806791306,0.000134715,0.000177532,4.81E-09,127.5444107,7.929934607,-1.015690314,2.124934265,0.060111306,0.94238725,1,0.3,0,0,applied,clear_constant_wind,1.225,0
2026-01-24T14:02:17.916585,-184.9378815,-55.98297501,-4.207038403,-0.003091643,0.00034583,-2.101080015,-0.994061887,2.108500242,0.063042045,0.00010209,0.000189557,1.46E-09,0.011289766,0.026151974,-9.80676651,0.00010209,0.000189557,1.46E-09,127.3569031,7.929934607,-1.016288909,2.124564072,0.060091693,0.942356761,1,0.3,0,0,applied,clear_constant_wind,1.225,0
2026-01-24T14:02:18.024799,-185.0124664,-55.8248558,-4.202305794,-0.003094238,0.000341208,-2.101080011,-0.994632363,2.108146906,0.063022181,9.47E-05,0.000193082,-6.74E-10,0.011279701,0.026160773,-9.806757927,9.47E-05,0.000193082,-6.74E-10,127.8111496,0.13692389,-1.016885276,2.124195028,0.060072069,0.942326384,1,0.3,0,0,applied,clear_constant_wind,1.225,0
2026-01-24T14:02:18.132622,-185.1021881,-55.63511276,-4.196639061,-0.003095257,0.000340155,-2.101080011,-0.995319307,2.10772109,0.063000672,5.64E-05,0.000185326,4.22E-09,0.011267396,0.02617234,-9.806710243,5.64E-05,0.000185326,4.22E-09,127.6025162,0.13692389,-1.017599028,2.123753029,0.060048922,0.942290026,1,0.3,0,0,applied,clear_constant_wind,1.225,0
2026-01-24T14:02:18.242573,-185.1919098,-55.44544601,-4.190974236,-0.003096852,0.000337416,-2.101080009,-0.996006966,2.107294798,0.062977597,5.11E-05,0.000167819,8.32E-09,0.011254598,0.026182804,-9.806714058,5.11E-05,0.000167819,8.32E-09,127.7688904,0.137697916,-1.018315645,2.123308923,0.060025644,0.942253521,1,0.3,0,0,applied,clear_constant_wind,1.225,0
2026-01-24T14:02:18.353806,-185.2666779,-55.28742218,-4.186253548,-0.003099175,0.000332525,-2.101080004,-0.996580303,2.106939554,0.062956572,0.000114415,0.000189908,4.61E-09,0.011244869,0.026189383,-9.806776047,0.000114415,0.000189908,4.61E-09,127.4414139,0.137697916,-1.018915454,2.12293695,0.060006112,0.942222965,1,0.3,0,0,applied,clear_constant_wind,1.225,0
2026-01-24T14:02:18.462762,-185.3384552,-55.1357193,-4.181721687,-0.003101623,0.000327679,-2.101079999,-0.997132778,2.106596231,0.062936708,0.000113717,0.00018809,-2.61E-09,0.011234884,0.026197648,-9.806772232,0.000113717,0.00018809,-2.61E-09,127.7583313,7.885499533,-1.019493968,2.12257796,0.059987266,0.942193493,1,0.3,0,0,applied,clear_constant_wind,1.225,0
2026-01-24T14:02:18.569894,-185.4072418,-54.99034882,-4.177378654,-0.003104199,0.000322958,-2.101079995,-0.997664332,2.10626626,0.062917918,0.000126827,0.000174829,-4.35E-09,0.011224876,0.026205301,-9.806779861,0.000126827,0.000174829,-4.35E-09,127.2803192,7.871762637,-1.020050692,2.122232286,0.059969107,0.942165131,1,0.3,0,0,applied,clear_constant_wind,1.225,0
2026-01-24T14:02:18.679899,-185.5089264,-54.7755661,-4.170958519,-0.003103974,0.000324951,-2.101079998,-0.998453677,2.105776072,0.062895574,0.000105476,0.000213192,-7.32E-09,0.011212142,0.026218105,-9.806679726,0.000105476,0.000213192,-7.32E-09,128.0726013,7.871762637,-1.02087637,2.121719249,0.059942022,0.942123064,1,0.3,0,0,applied,clear_constant_wind,1.225,0
2026-01-24T14:02:18.789627,-185.5896759,-54.60500336,-4.165860176,-0.003105317,0.000320786,-2.101079993,-0.999078453,2.105386972,0.062871687,7.88E-05,0.000190586,1.79E-09,0.011200021,0.026228562,-9.806750298,6.00E-05,0.000181907,1.00E-09,127.4519806,7.871762637,-1.021535909,2.121309122,0.059920376,0.942089461,1,0.3,0,0,applied,clear_constant_wind,1.225,0
2026-01-24T14:02:18.897043,-185.6585846,-54.45970917,-4.161522388,-0.003108557,0.000315213,-2.101079989,-0.999611437,2.105055571,0.062851988,0.000105077,0.00013242,7.89E-11,0.011189464,0.026235316,-9.806792259,0.000110052,0.000163187,7.50E-11,127.6104355,7.853951324,-1.022097278,2.120959813,0.059902085,0.942060859,1,0.3,0,0,applied,clear_constant_wind,1.225,0
2026-01-24T14:02:19.008011,-185.7367401,-54.29555511,-4.156625271,-0.003110122,0.000311632,-2.101079985,-1.000217557,2.104677439,0.062831156,0.000101492,0.000208483,1.83E-09,0.01118075,0.026243998,-9.806751251,0.000101492,0.000208483,1.83E-09,127.7451248,7.853951324,-1.022726659,2.120567939,0.059881585,0.94202879,1,0.3,0,0,applied,clear_constant_wind,1.225,0
2026-01-24T14:02:19.116826,-185.8148956,-54.13140869,-4.151728153,-0.003112033,0.00030834,-2.101079982,-1.000825405,2.104299307,0.062810726,9.26E-05,0.000210045,6.34E-09,0.011170024,0.026253399,-9.806755066,9.26E-05,0.000210045,6.34E-09,127.4493408,7.841062581,-1.023359095,2.120173901,0.059860967,0.941996564,1,0.3,0,0,applied,clear_constant_wind,1.225,0
2026-01-24T14:02:19.227611,-185.917099,-53.91675568,-4.14532423,-0.003112482,0.00030898,-2.101079984,-1.001622796,2.103802204,0.06278722,0.000109493,0.000207888,8.46E-09,0.011155558,0.026265297,-9.806682587,0.000109493,0.000207888,8.46E-09,127.7134323,7.841062581,-1.024190965,2.119655208,0.059833834,0.941954175,1,0.3,0,0,applied,clear_constant_wind,1.225,0
2026-01-24T14:02:19.333904,-185.9892426,-53.76531601,-4.140803814,-0.003114934,0.000302709,-2.101079977,-1.002183676,2.10345149,0.06276457,0.000132247,0.000191336,5.45E-09,0.011145147,0.026272485,-9.806796074,0.000132247,0.000191336,5.45E-09,127.4493408,0,-1.024780183,2.119287544,0.059814504,0.941924149,1,0.3,0,0,applied,clear_constant_wind,1.225,0
2026-01-24T14:02:19.444300,-186.0643921,-53.60757828,-4.136095047,-0.003117233,0.000298227,-2.101079973,-1.002771139,2.103084803,0.062743597,0.000101166,0.000202706,1.73E-09,0.011135094,0.02628218,-9.806765556,0.000101166,0.000202706,1.73E-09,127.4546204,0,-1.0253967,2.118902601,0.059794254,0.941892731,1,0.3,0,0,applied,clear_constant_wind,1.225,0
2026-01-24T14:02:19.551892,-186.1335297,-53.46245956,-4.131762981,-0.00312015,0.000293083,-2.101079969,-1.00331378,2.102745056,0.062724158,0.000119357,0.00017717,-3.53E-09,0.011124739,0.02629032,-9.806777,0.000114468,0.000197936,-3.14E-09,127.5576172,7.809614723,-1.025966567,2.118546565,0.059775529,0.941863689,1,0.3,0,0,applied,clear_constant_wind,1.225,0
2026-01-24T14:02:19.660080,-186.2237091,-53.27322388,-4.126112938,-0.003119955,0.000293984,-2.10107997,-1.004023433,2.102301598,0.062702559,6.84E-05,0.000216272,-9.89E-10,0.0111134,0.026301939,-9.806716919,6.84E-05,0.000216272,-9.89E-10,127.1878815,7.809614723,-1.026712929,2.118079939,0.059750947,0.941825652,1,0.3,0,0,applied,clear_constant_wind,1.225,0
2026-01-24T14:02:19.770791,-186.3170471,-53.07774734,-4.120288849,-0.003121663,0.000291455,-2.101079968,-1.004757404,2.101843357,0.062677726,5.59E-05,0.000168364,-7.88E-09,0.011098858,0.026313471,-9.806713104,5.59E-05,0.000168364,-7.88E-09,127.4783859,7.809614723,-1.027483656,2.117597685,0.059725926,0.941786371,1,0.3,0,0,applied,clear_constant_wind,1.225,0
2026-01-24T14:02:19.880008,-186.3895569,-52.92641068,-4.115779877,-0.003124443,0.000285243,-2.101079962,-1.005325556,2.101487398,0.06265603,0.000128842,0.000176359,9.12E-10,0.011088719,0.026319653,-9.806798935,0.000128842,0.000176359,9.12E-10,127.0822449,7.79685331,-1.028077014,2.11722615,0.059706557,0.941756129,1,0.3,0,0,applied,clear_constant_wind,1.225,0
2026-01-24T14:02:19.989998,-186.4650879,-52.76879501,-4.111083031,-0.003126518,0.000280622,-2.101079957,-1.005920649,2.101114988,0.062635213,0.000110065,0.000204786,8.53E-09,0.011079158,0.026328869,-9.806761742,0.000110065,0.000204786,8.53E-09,127.4678268,7.780932853,-1.028697658,2.116837283,0.059686254,0.941724495,1,0.3,0,0,applied,clear_constant_wind,1.225,0
2026-01-24T14:02:20.098893,-186.5406189,-52.61124802,-4.106386185,-0.003128672,0.000276626,-2.101079954,-1.006517529,2.100740194,0.062614821,0.000105549,0.000212252,7.56E-09,0.011068771,0.026337925,-9.806762695,0.000105549,0.000212252,7.56E-09,127.6051559,7.780932853,-1.029320242,2.116446949,0.059665789,0.941692761,1,0.3,0,0,applied,clear_constant_wind,1.225,0
2026-01-24T14:02:20.209783,-186.6342773,-52.41588974,-4.100562096,-0.003129178,0.000276864,-2.101079955,-1.007259965,2.100274563,0.062592022,6.55E-05,0.000197463,-6.75E-09,0.011055287,0.026350452,-9.806711197,6.55E-05,0.000197463,-6.75E-09,127.1561966,7.780932853,-1.030096562,2.115959871,0.059640259,0.94165319,1,0.3,0,0,applied,clear_constant_wind,1.225,0
2026-01-24T14:02:20.321615,-186.7249146,-52.22686386,-4.09492588,-0.003130666,0.000273917,-2.101079952,-1.007978559,2.099823952,0.062567055,5.17E-05,0.000174251,8.34E-10,0.011041869,0.026361488,-9.806728363,5.17E-05,0.000174251,8.34E-10,127.1588364,0.140118902,-1.030851912,2.11548557,0.059615365,0.941614686,1,0.3,0,0,applied,clear_constant_wind,1.225,0
2026-01-24T14:02:20.430944,-186.8004456,-52.06941223,-4.090229034,-0.003133245,0.000268277,-2.101079947,-1.008577466,2.099447727,0.06254454,0.000118971,0.000194917,2.98E-09,0.011031652,0.026368303,-9.806791306,0.000118971,0.000194917,2.98E-09,127.0267868,0.140118902,-1.031483663,2.115088593,0.059594442,0.941582481,1,0.3,0,0,applied,clear_constant_wind,1.225,0
2026-01-24T14:02:20.540085,-186.8729553,-51.91825867,-4.08573103,-0.003135992,0.000262617,-2.101079941,-1.009155154,2.099084854,0.062523186,0.000120248,0.00019207,-2.71E-09,0.011021266,0.02637752,-9.806776047,0.000107804,0.000204007,-2.71E-09,127.0796051,7.752739308,-1.032093126,2.114705361,0.059574661,0.941551411,1,0.3,0,0,applied,clear_constant_wind,1.225,0
2026-01-24T14:02:20.649251,-186.9455414,-51.7671051,-4.081233501,-0.003138263,0.000258448,-2.101079937,-1.009734869,2.098719597,0.062503278,0.000126068,0.000187194,6.42E-10,0.011010963,0.026385861,-9.806777,0.000120255,0.000208188,1.42E-09,127.2142944,0.13507449,-1.03270348,2.114321323,0.059554829,0.941520295,1,0.3,0,0,applied,clear_constant_wind,1.225,0
2026-01-24T14:02:20.757903,-187.0457458,-51.55938339,-4.0750494,-0.003137862,0.000260511,-2.10107994,-1.01053381,2.098216057,0.062479865,7.24E-05,0.000205336,1.29E-08,0.010997325,0.02639907,-9.806699753,7.24E-05,0.000205336,1.29E-08,127.4176483,0.13507449,-1.033534826,2.113797849,0.059527494,0.941477911,1,0.3,0,0,applied,clear_constant_wind,1.225,0
2026-01-24T14:02:20.867770,-187.1338043,-51.37685013,-4.069614887,-0.003139862,0.000256091,-2.101079936,-1.011235595,2.097773552,0.062454309,4.79E-05,0.000172161,3.38E-08,0.010984012,0.026409943,-9.806739807,4.79E-05,0.000172161,3.38E-08,127.6553345,0.13507449,-1.034269829,2.113334659,0.0595033,0.941440437,1,0.3,0,0,applied,clear_constant_wind,1.225,0
2026-01-24T14:02:20.980819,-187.2066803,-51.22578812,-4.065117359,-0.003143224,0.000249403,-2.10107993,-1.011817694,2.097406149,0.062432375,0.00011675,0.000179461,1.29E-08,0.010973523,0.026416641,-9.806798935,0.00011675,0.000179461,1.29E-08,127.4044418,0,-1.034881389,2.112948989,0.05948316,0.941409256,1,0.3,0,0,applied,clear_constant_wind,1.225,0
2026-01-24T14:02:21.088649,-187.2825928,-51.06852722,-4.060432434,-0.003145481,0.000244565,-2.101079925,-1.01242733,2.097021818,0.062410731,0.000110923,0.000209728,1.03E-08,0.010963746,0.026425738,-9.806770325,0.000110923,0.000209728,1.03E-08,127.346344,0,-1.035519975,2.112546016,0.059461993,0.941376695,1,0.3,0,0,applied,clear_constant_wind,1.225,0
2026-01-24T14:02:21.197069,-187.3554688,-50.91755676,-4.055934906,-0.003148063,0.000239706,-2.10107992,-1.013014317,2.096650124,0.062389895,0.000119949,0.000205631,1.05E-08,0.010953075,0.026434263,-9.806782722,0.000119949,0.000205631,1.05E-08,127.4519806,7.70852005,-1.036136089,2.112156967,0.059441562,0.94134528,1,0.3,0,0,applied,clear_constant_wind,1.225,0
2026-01-24T14:02:21.319002,-187.4587097,-50.70368576,-4.049576759,-0.00314835,0.00024101,-2.101079923,-1.013849616,2.096122026,0.062365469,0.000112859,0.000221554,-7.28E-10,0.010938741,0.026447332,-9.806680679,0.000112859,0.000221554,-7.28E-10,126.8683319,7.70852005,-1.037014037,2.111602133,0.05941294,0.941300511,1,0.3,0,0,applied,clear_constant_wind,1.225,0
2026-01-24T14:02:21.430058,-187.5498047,-50.51508713,-4.043969154,-0.003149557,0.000237801,-2.101079919,-1.014585137,2.09565711,0.062338877,3.61E-05,0.000173056,-5.37E-09,0.01092398,0.02646064,-9.80673027,3.58E-05,0.000169275,-4.59E-09,127.3727493,0.139186596,-1.037791867,2.111110145,0.059387515,0.941260846,1,0.3,0,0,applied,clear_constant_wind,1.225,0
2026-01-24T14:02:21.538878,-187.6290894,-50.35163498,-4.03910923,-0.003152069,0.000232597,-2.101079914,-1.015223026,2.095254183,0.062315527,0.000122696,0.000200855,1.47E-09,0.010913866,0.026467044,-9.806794167,0.000122696,0.000200855,1.47E-09,127.560257,0.139186596,-1.038460642,2.110686819,0.059365506,0.941226741,1,0.3,0,0,applied,clear_constant_wind,1.225,0
2026-01-24T14:02:21.646813,-187.7023315,-50.20075607,-4.034623146,-0.003155264,0.000225927,-2.101079908,-1.0158149,2.094879866,0.062293291,0.00011971,0.000189296,5.53E-09,0.010902937,0.026475895,-9.806797028,0.00011971,0.000189296,5.53E-09,127.3040848,0.142352517,-1.039079615,2.110294753,0.059345104,0.941195175,1,0.3,0,0,applied,clear_constant_wind,1.225,0
2026-01-24T14:02:21.755681,-187.7755737,-50.0499649,-4.030137062,-0.003158058,0.000220493,-2.101079903,-1.016409755,2.094502211,0.06227221,0.000120341,0.000202967,1.51E-08,0.010892853,0.026485387,-9.806773186,0.000108043,0.000215393,1.43E-08,127.3938751,7.663345125,-1.039700134,2.109901455,0.059324522,0.941163528,1,0.3,0,0,applied,clear_constant_wind,1.225,0
2026-01-24T14:02:21.863987,-187.87323,-49.8489151,-4.024155617,-0.003157843,0.000222155,-2.101079905,-1.017204762,2.093998671,0.062248703,7.23E-05,0.000214298,1.02E-08,0.010879307,0.02649815,-9.806704521,7.23E-05,0.000214298,1.02E-08,127.7345581,7.663345125,-1.040532227,2.109373657,0.059296902,0.94112109,1,0.3,0,0,applied,clear_constant_wind,1.225,0
2026-01-24T14:02:21.975404,-187.961731,-49.66672516,-4.01873827,-0.003159868,0.000217786,-2.101079901,-1.017925143,2.093540907,0.062222529,5.06E-05,0.000179349,1.15E-08,0.01086559,0.026509298,-9.806744576,5.06E-05,0.000179349,1.15E-08,127.1245041,7.663345125,-1.04129091,2.108892018,0.059271819,0.941082394,1,0.3,0,0,applied,clear_constant_wind,1.225,0
2026-01-24T14:02:22.083754,-188.0349731,-49.51602936,-4.01426363,-0.003163242,0.000210935,-2.101079895,-1.018522739,2.093161345,0.062199757,0.000121984,0.000185593,1.83E-08,0.010854808,0.026516112,-9.806806564,0.000121984,0.000185593,1.83E-08,127.0135803,7.646037122,-1.041920811,2.108491838,0.059251211,0.941050265,1,0.3,0,0,applied,clear_constant_wind,1.225,0
2026-01-24T14:02:22.191671,-188.1112671,-49.35905457,-4.009602547,-0.003165581,0.000205912,-2.10107989,-1.019148588,2.092763662,0.06217749,0.000112054,0.000215655,9.87E-09,0.010844762,0.026525531,-9.806775093,0.000112054,0.000215655,9.87E-09,127.4995193,7.646037122,-1.04258033,2.108072558,0.059229624,0.941016625,1,0.3,0,0,applied,clear_constant_wind,1.225,0
2026-01-24T14:02:22.300103,-188.1845093,-49.20835876,-4.005127907,-0.003168357,0.00020067,-2.101079885,-1.019751668,2.092380285,0.062156234,0.000120721,0.000209378,1.08E-08,0.010833764,0.026534313,-9.806786537,0.000120721,0.000209378,1.08E-08,127.1720352,7.633245205,-1.043216731,2.1076677,0.059208784,0.940984162,1,0.3,0,0,applied,clear_constant_wind,1.225,0
2026-01-24T14:02:22.411732,-188.2887726,-48.99498749,-3.998788834,-0.003168782,0.000201577,-2.101079887,-1.020610094,2.09183383,0.062131252,0.000113191,0.000225512,8.60E-09,0.010819065,0.026547724,-9.806684494,0.000113191,0.000225512,8.60E-09,127.2486267,7.633245205,-1.044107634,2.107100493,0.059179227,0.940938716,1,0.3,0,0,applied,clear_constant_wind,1.225,0
2026-01-24T14:02:22.520137,-188.368515,-48.83183289,-3.993941784,-0.003170567,0.000196186,-2.101079881,-1.021264434,2.091416121,0.062105551,0.000104372,0.000215205,-2.68E-09,0.010807458,0.026557025,-9.806783676,0.000104372,0.000215205,-2.68E-09,127.1878815,0.137901803,-1.044792706,2.106663971,0.059156483,0.940903768,1,0.3,0,0,applied,clear_constant_wind,1.225,0
2026-01-24T14:02:22.628137,-188.4421234,-48.68123245,-3.989472866,-0.003173736,0.000190177,-2.101079875,-1.021870852,2.091029882,0.062083054,0.000115719,0.000202384,-4.84E-09,0.010796072,0.026566517,-9.806782722,0.000104811,0.000214226,-4.07E-09,127.1429901,0.137901803,-1.045428368,2.106258647,0.059135574,0.940871339,1,0.3,0,0,applied,clear_constant_wind,1.225,0
2026-01-24T14:02:22.738174,-188.5187988,-48.52444839,-3.984817743,-0.003175566,0.000186691,-2.101079872,-1.022504926,2.090624571,0.062061377,0.000126334,0.000223021,2.01E-09,0.010785451,0.026575588,-9.806771278,0.000116231,0.000235092,1.22E-09,127.5866699,7.602139149,-1.046092321,2.105835,0.059113598,0.940837466,1,0.3,0,0,applied,clear_constant_wind,1.225,0
2026-01-24T14:02:22.846711,-188.6016083,-48.35512161,-3.979790211,-0.003176966,0.000184067,-2.101079748,-1.023191333,2.090186834,0.062038328,8.75E-05,0.000232712,-2.15E-09,0.01077386,0.02658614,-9.806752205,8.75E-05,0.000232712,-2.15E-09,126.942276,7.602139149,-1.046813371,2.105374586,0.059089721,0.940800678,1,0.3,0,0,applied,clear_constant_wind,1.225,0
2026-01-24T14:02:22.968103,-188.7058868,-48.14192963,-3.973464966,-0.003177858,0.000184006,-2.101079749,-1.024058342,2.089632511,0.062011957,0.000114202,0.000222832,-6.33E-09,0.010757913,0.026598729,-9.806694984,0.000114202,0.000222832,-6.33E-09,127.282959,7.602139149,-1.047726666,2.104790914,0.05905964,0.940754081,1,0.3,0,0,applied,clear_constant_wind,1.225,0
2026-01-24T14:02:23.083471,-188.7978973,-47.9539032,-3.967885971,-0.003179432,0.000180026,-2.101079744,-1.024822116,2.089143276,0.061983772,3.52E-05,0.000176197,-9.83E-09,0.010743347,0.026611989,-9.806744576,3.52E-05,0.000176197,-9.83E-09,127.5549774,7.589463261,-1.04853652,2.104272883,0.059032917,0.940712759,1,0.3,0,0,applied,clear_constant_wind,1.225,0
2026-01-24T14:02:23.204172,-188.8841858,-47.77841187,-3.962678909,-0.003182085,0.000174497,-2.101079739,-1.025536537,2.088685989,0.061957691,7.79E-05,0.000198041,-1.09E-08,0.01073136,0.026621176,-9.806765556,7.79E-05,0.000198041,-1.09E-08,127.1826019,7.573390909,-1.049285329,2.103793515,0.059008018,0.94067455,1,0.3,0,0,applied,clear_constant_wind,1.225,0
2026-01-24T14:02:23.315205,-188.964325,-47.61551285,-3.957847595,-0.003185211,0.000168249,-2.101079733,-1.026202917,2.088259459,0.061933156,9.36E-05,0.000208349,-9.15E-09,0.010719773,0.026630569,-9.80678463,9.36E-05,0.000208349,-9.15E-09,127.2723923,7.573390909,-1.049983255,2.103346381,0.058984865,0.940638936,1,0.3,0,0,applied,clear_constant_wind,1.225,0
2026-01-24T14:02:23.426687,-189.0382996,-47.46518326,-3.953390121,-0.003188538,0.0001617,-2.101079727,-1.02682066,2.087862968,0.061910417,0.000118453,0.000202356,-8.98E-09,0.010708419,0.026639052,-9.806799889,0.000118453,0.000202356,-8.98E-09,127.3727493,7.558353725,-1.050630274,2.102931567,0.058963425,0.940605918,1,0.3,0,0,applied,clear_constant_wind,1.225,0
2026-01-24T14:02:23.534595,-189.1246033,-47.28979874,-3.948189735,-0.00318996,0.000159154,-2.101079725,-1.027544856,2.087398529,0.061886538,7.26E-05,0.000226891,-9.22E-09,0.010696698,0.026651066,-9.806745529,7.26E-05,0.000226891,-9.22E-09,127.2961655,7.558353725,-1.051389401,2.102444522,0.058938259,0.940567179,1,0.3,0,0,applied,clear_constant_wind,1.225,0
2026-01-24T14:02:23.644932,-189.2263184,-47.08318329,-3.942064524,-0.003191244,0.000157983,-2.101079725,-1.028400302,2.086849451,0.061859708,9.48E-05,0.000208727,-8.32E-09,0.010680766,0.026663486,-9.80670166,9.48E-05,0.000208727,-8.32E-09,127.4546204,7.558353725,-1.052288413,2.101867227,0.058908467,0.940521298,1,0.3,0,0,applied,clear_constant_wind,1.225,0
2026-01-24T14:02:23.754089,-189.300293,-46.93294525,-3.937612772,-0.003193934,0.00015132,-2.101079718,-1.029021025,2.086451054,0.06183527,0.000153671,0.000199081,-6.68E-09,0.010669343,0.026670573,-9.806824684,0.000153671,0.000199081,-6.68E-09,126.7653351,7.545755195,-1.052945799,2.101444745,0.058886752,0.940487748,1,0.3,0,0,applied,clear_constant_wind,1.225,0
2026-01-24T14:02:23.862639,-189.3742676,-46.78270721,-3.93316102,-0.003196931,0.000144912,-2.101079711,-1.029645324,2.08604908,0.06181195,0.000128316,0.000208043,-6.85E-10,0.01065873,0.026681218,-9.806783676,0.000112041,0.000221604,-6.92E-10,127.3569031,7.528571711,-1.053606647,2.101019744,0.058864912,0.940454019,1,0.3,0,0,applied,clear_constant_wind,1.225,0
2026-01-24T14:02:23.970025,-189.4515228,-46.62628555,-3.928523779,-0.00319918,0.000140672,-2.101079708,-1.030298233,2.085629225,0.061789561,0.000122936,0.000224161,-3.63E-09,0.010647616,0.026690304,-9.806788445,0.000122936,0.000224161,-3.63E-09,126.9079437,7.528571711,-1.054291538,2.100578978,0.05884207,0.940419062,1,0.3,0,0,applied,clear_constant_wind,1.225,0
2026-01-24T14:02:24.078184,-189.5444489,-46.43860245,-3.922966003,-0.003200307,0.00013944,-2.101079707,-1.031084895,2.085122585,0.061764151,5.81E-05,0.000215082,-3.12E-09,0.010633793,0.026703954,-9.806727409,5.81E-05,0.000215082,-3.12E-09,126.7574081,7.528571711,-1.05511155,2.100050833,0.058814862,0.940377207,1,0.3,0,0,applied,clear_constant_wind,1.225,0
2026-01-24T14:02:24.188732,-189.6311798,-46.26343918,-3.917778969,-0.003202585,0.000134702,-2.101079703,-1.031819582,2.084648848,0.06173772,6.68E-05,0.000203507,-5.74E-09,0.010619801,0.026715081,-9.806742668,5.95E-05,0.000196535,-5.75E-09,127.3146515,7.514585044,-1.05588167,2.099554409,0.058789293,0.940337897,1,0.3,0,0,applied,clear_constant_wind,1.225,0
2026-01-24T14:02:24.309250,-189.7241058,-46.07587051,-3.912221432,-0.003203297,0.000133288,-2.101079701,-1.032607675,2.084141016,0.061711758,8.15E-05,0.000225568,-8.91E-10,0.010606579,0.026726283,-9.8067379,7.50E-05,0.000220119,-8.96E-10,127.0954514,7.514585044,-1.056710107,2.099019952,0.058761618,0.940295608,1,0.3,0,0,applied,clear_constant_wind,1.225,0
2026-01-24T14:02:24.420272,-189.8015442,-45.91956329,-3.907594919,-0.003206101,0.000127444,-2.101079696,-1.033264279,2.083716869,0.061686985,0.000133331,0.000207054,7.86E-09,0.010594682,0.026733864,-9.806824684,0.000133331,0.000207054,7.86E-09,127.2961655,7.501703739,-1.057404701,2.098571479,0.0587386,0.940260149,1,0.3,0,0,applied,clear_constant_wind,1.225,0
2026-01-24T14:02:24.528190,-189.875885,-45.76953125,-3.903154612,-0.003209416,0.000120463,-2.101079689,-1.033898115,2.083307981,0.061662901,0.000128715,0.000206943,-1.41E-09,0.010583518,0.026743269,-9.806809425,0.000128715,0.000206943,-1.41E-09,127.1667557,7.483884256,-1.058074726,2.098138562,0.058716401,0.940225944,1,0.3,0,0,applied,clear_constant_wind,1.225,0
2026-01-24T14:02:24.635264,-189.9657135,-45.5883255,-3.89778924,-0.003211124,0.000117867,-2.101079687,-1.034668684,2.082810163,0.061637692,5.99E-05,0.000220286,-5.21E-09,0.010570715,0.026756736,-9.806741714,5.99E-05,0.000220286,-5.21E-09,126.8524857,7.483884256,-1.05888756,2.097612967,0.058689334,0.940184447,1,0.3,0,0,applied,clear_constant_wind,1.225,0
2026-01-24T14:02:24.744708,-190.0619965,-45.3946228,-3.892059326,-0.003213223,0.000114305,-2.101079684,-1.035494089,2.082275629,0.06161014,6.29E-05,0.000191269,-3.15E-09,0.01055514,0.026769005,-9.806721687,6.29E-05,0.000191269,-3.15E-09,127.7688904,7.483884256,-1.059754614,2.097051818,0.058660558,0.940140179,1,0.3,0,0,applied,clear_constant_wind,1.225,0
2026-01-24T14:02:24.853780,-190.1335907,-45.25096512,-3.887809515,-0.003216826,0.000106519,-2.101079677,-1.036106586,2.081879139,0.061586156,0.000141313,0.000171393,-3.41E-09,0.010543257,0.026775721,-9.806845665,0.000141313,0.000171393,-3.41E-09,127.301445,7.471072499,-1.060396015,2.096636385,0.058639164,0.940107431,1,0.3,0,0,applied,clear_constant_wind,1.225,0
2026-01-24T14:02:24.962476,-190.2051849,-45.10733795,-3.883559704,-0.00321977,0.000100069,-2.10107967,-1.036722779,2.081479788,0.061563104,0.000150784,0.000194021,2.99E-09,0.010533589,0.02678488,-9.806801796,0.000141898,0.000220742,3.37E-09,127.0109406,7.45706568,-1.061040165,2.096218892,0.058617624,0.940074542,1,0.3,0,0,applied,clear_constant_wind,1.225,0
2026-01-24T14:02:25.068832,-190.2830048,-44.95122147,-3.878943205,-0.003221238,9.69E-05,-2.101079667,-1.037394881,2.081044674,0.061540447,0.000136617,0.000243893,-2.32E-09,0.010522937,0.026794581,-9.806793213,0.000136617,0.000243893,-2.32E-09,127.1984482,7.45706568,-1.061744142,2.095762299,0.058594193,0.940038596,1,0.3,0,0,applied,clear_constant_wind,1.225,0
2026-01-24T14:02:25.191978,-190.3888397,-44.7389946,-3.872668982,-0.003221594,9.83E-05,-2.10107967,-1.038312078,2.080449581,0.061513044,0.000120847,0.000242964,8.77E-10,0.010506772,0.026809068,-9.806692123,0.000120847,0.000242964,8.77E-10,127.2222137,7.45706568,-1.062706199,2.095137772,0.058562197,0.939989471,1,0.3,0,0,applied,clear_constant_wind,1.225,0
2026-01-24T14:02:25.304310,-190.4853363,-44.54552841,-3.866948366,-0.003222785,9.51E-05,-2.101079666,-1.039146304,2.079907179,0.06148288,3.91E-05,0.000188606,3.21E-09,0.010490732,0.02682345,-9.806738853,3.91E-05,0.000188606,3.21E-09,127.2459869,7.440218816,-1.063589205,2.094564011,0.058532759,0.939944379,1,0.3,0,0,applied,clear_constant_wind,1.225,0
2026-01-24T14:02:25.415244,-190.5662689,-44.38329697,-3.862154007,-0.003225807,8.82E-05,-2.101079659,-1.039846659,2.079451799,0.061455797,0.000114981,0.000219658,1.36E-09,0.010479244,0.02683126,-9.806804657,0.000114981,0.000219658,1.36E-09,126.9369965,7.440218816,-1.064334028,2.094079624,0.058508022,0.939906343,1,0.3,0,0,applied,clear_constant_wind,1.225,0
2026-01-24T14:02:25.522995,-190.6411896,-44.23360825,-3.857730865,-0.003229641,8.03E-05,-2.101079652,-1.040496469,2.079029322,0.061431058,0.000121931,0.000206031,-2.43E-09,0.010467232,0.026841404,-9.806799889,0.000108881,0.000219485,-3.22E-09,127.2882385,7.427675936,-1.065017799,2.093634612,0.058485212,0.939871423,1,0.3,0,0,applied,clear_constant_wind,1.225,0
2026-01-24T14:02:25.632144,-190.7193909,-44.0776825,-3.853123426,-0.003232123,7.54E-05,-2.101079647,-1.041176438,2.07858634,0.061407436,0.000129427,0.000229598,9.47E-09,0.010455932,0.026851157,-9.80678463,0.000118033,0.000242925,8.29E-09,127.0848846,7.412506866,-1.065729267,2.093171239,0.058461394,0.939835087,1,0.3,0,0,applied,clear_constant_wind,1.225,0
2026-01-24T14:02:25.741920,-190.8132324,-43.89062881,-3.847598076,-0.003232742,7.49E-05,-2.101079647,-1.041995287,2.078052759,0.061381571,7.33E-05,0.000239662,1.11E-08,0.010442124,0.026864208,-9.806739807,7.33E-05,0.000239662,1.11E-08,126.9977341,7.412506866,-1.066587329,2.09261193,0.05843272,0.939791262,1,0.3,0,0,applied,clear_constant_wind,1.225,0
2026-01-24T14:02:25.851711,-190.910202,-43.69739914,-3.841892242,-0.003235058,7.09E-05,-2.101079644,-1.042842984,2.07750082,0.061352324,5.81E-05,0.000192743,1.04E-08,0.010425704,0.026877351,-9.806735992,5.81E-05,0.000192743,1.04E-08,127.1218643,7.412506866,-1.067479098,2.092030117,0.058402972,0.939745714,1,0.3,0,0,applied,clear_constant_wind,1.225,0
2026-01-24T14:02:25.960992,-190.9821472,-43.55403519,-3.837658882,-0.003238857,6.26E-05,-2.101079636,-1.043472052,2.07709074,0.061327223,0.000142816,0.000173906,1.88E-08,0.010414161,0.026884288,-9.806838989,0.000144792,0.000204379,1.76E-08,127.6500473,7.396830218,-1.068144895,2.09159538,0.05838075,0.939711706,1,0.3,0,0,applied,clear_constant_wind,1.225,0
2026-01-24T14:02:26.071058,-191.0634766,-43.39206314,-3.832876205,-0.003240477,5.83E-05,-2.101079631,-1.044187546,2.076623678,0.061302073,0.000125802,0.000247062,1.54E-08,0.010403528,0.026894763,-9.806791306,0.000125802,0.000247062,1.54E-08,126.9845352,7.396830218,-1.068900005,2.091101961,0.05835552,0.939673134,1,0.3,0,0,applied,clear_constant_wind,1.225,0
2026-01-24T14:02:26.180841,-191.1416779,-43.23632813,-3.828280687,-0.003243402,5.24E-05,-2.101079625,-1.044877648,2.076173067,0.06127698,0.000116317,0.000239979,1.74E-08,0.010390953,0.026906079,-9.806790352,1.00E-04,0.00024421,1.78E-08,127.3965225,7.384268705,-1.06963026,2.090624409,0.058331237,0.939635831,1,0.3,0,0,applied,clear_constant_wind,1.225,0
2026-01-24T14:02:26.289199,-191.2389374,-43.04325485,-3.822582245,-0.003244117,5.21E-05,-2.101079626,-1.045735717,2.075611353,0.061249975,7.32E-05,0.000233085,1.36E-08,0.010376089,0.026919298,-9.806735992,7.32E-05,0.000233085,1.36E-08,127.0373535,7.384268705,-1.070532025,2.0900342,0.058301041,0.939589765,1,0.3,0,0,applied,clear_constant_wind,1.225,0
2026-01-24T14:02:26.398238,-191.3269501,-42.86893845,-3.817438602,-0.003246992,4.59E-05,-2.10107962,-1.046512246,2.075102091,0.061220918,6.15E-05,0.000205786,1.72E-08,0.010360925,0.026931614,-9.806760788,5.24E-05,0.000197697,1.80E-08,127.4070816,7.368014935,-1.071345611,2.089501229,0.058273739,0.939548201,1,0.3,0,0,applied,clear_constant_wind,1.225,0
2026-01-24T14:02:26.507553,-191.4086761,-42.70707321,-3.812665462,-0.003249512,4.06E-05,-2.101079615,-1.047234535,2.074628592,0.061194967,0.000130305,0.000237404,2.11E-09,0.010349604,0.026939465,-9.806808472,0.000130305,0.000237404,2.11E-09,127.1429901,7.368014935,-1.072105914,2.08900275,0.058248348,0.939509357,1,0.3,0,0,applied,clear_constant_wind,1.225,0
2026-01-24T14:02:26.617807,-191.4809723,-42.56394958,-3.808443069,-0.003253249,3.29E-05,-2.101079607,-1.047876,2.074208498,0.061170459,0.000141466,0.000197485,-9.16E-10,0.01033682,0.026948638,-9.80683136,0.000141466,0.000197485,-9.16E-10,126.7257156,7.353538856,-1.072781079,2.088559762,0.058225689,0.939474862,1,0.3,0,0,applied,clear_constant_wind,1.225,0
2026-01-24T14:02:26.725758,-191.5595551,-42.4084053,-3.803855658,-0.003255514,2.79E-05,-2.101079602,-1.048577309,2.073747873,0.061145943,0.000127418,0.000252794,4.28E-09,0.010326258,0.026960064,-9.806779861,0.000109121,0.000258593,3.10E-09,127.5761032,7.353538856,-1.073518637,2.088075477,0.05820098,0.939437178,1,0.3,0,0,applied,clear_constant_wind,1.225,0
2026-01-24T14:02:26.835289,-191.6664276,-42.19689178,-3.797621965,-0.003254974,3.09E-05,-2.101079607,-1.04953289,2.073120594,0.06111804,0.00010229,0.000250326,9.86E-09,0.010309625,0.026974365,-9.80670929,0.00010229,0.000250326,9.86E-09,127.3516235,7.353538856,-1.074528238,2.087411959,0.058167327,0.939385591,1,0.3,0,0,applied,clear_constant_wind,1.225,0
2026-01-24T14:02:26.943983,-191.7481537,-42.03522491,-3.792855024,-0.00325808,2.29E-05,-2.101079598,-1.05026269,2.072640657,0.061088234,0.000100155,0.000224578,-1.90E-09,0.010296249,0.026984569,-9.80681324,0.000100155,0.000224578,-1.90E-09,127.3965225,7.341031135,-1.075304211,2.08690151,0.058141322,0.93934594,1,0.3,0,0,applied,clear_constant_wind,1.225,0
2026-01-24T14:02:27.053902,-191.8271027,-41.879776,-3.788274527,-0.003261919,1.52E-05,-2.101079591,-1.050968289,2.072177172,0.061061677,0.000107904,0.000227308,6.82E-09,0.010283738,0.026994821,-9.806810379,0.000107904,0.000227308,6.82E-09,127.2935257,7.323777597,-1.076043396,2.086414878,0.058116501,0.939308168,1,0.3,0,0,applied,clear_constant_wind,1.225,0
2026-01-24T14:02:27.164618,-191.9060669,-41.72438049,-3.78369689,-0.003264901,8.99E-06,-2.101079585,-1.051677465,2.07171011,0.061036155,0.00011959,0.00024476,-3.62E-09,0.010271785,0.027004864,-9.806800842,0.00011959,0.00024476,-3.62E-09,126.92379,7.323777597,-1.076785451,2.085925978,0.058091608,0.939270247,1,0.3,0,0,applied,clear_constant_wind,1.225,0
2026-01-24T14:02:27.271136,-191.9881897,-41.56281281,-3.778936148,-0.003267095,4.52E-06,-2.101079581,-1.052417874,2.071222782,0.061010409,0.00010797,0.000260133,-1.45E-08,0.010259368,0.027016051,-9.806786537,0.00010797,0.000260133,-1.45E-08,127.2142944,7.310262556,-1.077561044,2.085414579,0.058065508,0.939230611,1,0.3,0,0,applied,clear_constant_wind,1.225,0
2026-01-24T14:02:27.383579,-192.0955811,-41.35155487,-3.772715569,-0.003267833,4.85E-06,-2.101079582,-1.053389072,2.07058239,0.060980953,0.000127977,0.000256519,-1.13E-08,0.010241947,0.027030226,-9.806697845,0.000127977,0.000256519,-1.13E-08,126.9449158,7.310262556,-1.078582197,2.084740629,0.058031313,0.939178422,1,0.3,0,0,applied,clear_constant_wind,1.225,0
2026-01-24T14:02:27.492772,-192.1713867,-41.20250702,-3.768326759,-0.003270959,-3.56E-06,-2.101079573,-1.054073215,2.070131779,0.060952339,0.000153624,0.000235359,-2.31E-09,0.010229299,0.027039828,-9.806827545,0.00013405,0.000243281,-7.55E-10,127.0003738,7.297177992,-1.079306521,2.084262149,0.058007023,0.939141403,1,0.3,0,0,applied,clear_constant_wind,1.225,0
2026-01-24T14:02:27.601758,-192.2535095,-41.04103851,-3.763572216,-0.003273156,-8.28E-06,-2.101079568,-1.054817557,2.069639683,0.060925882,0.00011794,0.000254334,5.24E-09,0.010216977,0.027050886,-9.806799889,0.00011794,0.000254334,5.24E-09,127.1007309,7.297177992,-1.080096003,2.083740215,0.057980534,0.939101051,1,0.3,0,0,applied,clear_constant_wind,1.225,0
2026-01-24T14:02:27.711780,-192.3325653,-40.88583374,-3.759004116,-0.003276271,-1.46E-05,-2.101079562,-1.055535913,2.069164991,0.060899742,0.000120029,0.000248997,8.47E-09,0.010204202,0.027061317,-9.806807518,0.000120029,0.000248997,8.47E-09,126.9185104,0.139083646,-1.080855804,2.083237495,0.05795506,0.939062215,1,0.3,0,0,applied,clear_constant_wind,1.225,0
2026-01-24T14:02:27.821086,-192.4182587,-40.7182579,-3.754073143,-0.003278545,-1.91E-05,-2.101079558,-1.056315064,2.068648577,0.060872842,9.11E-05,0.000256753,3.46E-09,0.010190952,0.027073551,-9.806777,9.11E-05,0.000256753,3.46E-09,127.1139374,0.139083646,-1.08167063,2.082697928,0.057927621,0.939020564,1,0.3,0,0,applied,clear_constant_wind,1.225,0
2026-01-24T14:02:27.933777,-192.5261688,-40.507267,-3.74786377,-0.003279695,-1.96E-05,-2.101079436,-1.057299972,2.067996264,0.06084238,0.0001238,0.000254429,-5.10E-09,0.010173256,0.027087534,-9.806708336,0.0001238,0.000254429,-5.10E-09,127.0928116,0.139083646,-1.082703799,2.08201312,0.057892758,0.93896775,1,0.3,0,0,applied,clear_constant_wind,1.225,0
2026-01-24T14:02:28.042694,-192.6055145,-40.35219955,-3.743302345,-0.003282596,-2.77E-05,-2.101079427,-1.058022976,2.067516804,0.060812462,0.000133112,0.000245033,-4.76E-09,0.010160541,0.027097162,-9.806836128,0.000133112,0.000245033,-4.76E-09,127.2908783,7.26724405,-1.083467476,2.081506461,0.057867052,0.93892871,1,0.3,0,0,applied,clear_constant_wind,1.225,0
2026-01-24T14:02:28.152975,-192.6816864,-40.20333481,-3.73892498,-0.003286328,-3.52E-05,-2.10107942,-1.058720946,2.06705451,0.060786128,0.000127857,0.000234224,-1.13E-08,0.010147809,0.027108468,-9.806814194,0.00011391,0.000247862,-1.05E-08,126.8392792,7.25311021,-1.084205075,2.081016718,0.057842286,0.938891002,1,0.3,0,0,applied,clear_constant_wind,1.225,0
2026-01-24T14:02:28.264148,-192.7642059,-40.04212952,-3.734182835,-0.003288287,-3.92E-05,-2.101079417,-1.059480071,2.066550255,0.060760103,0.000127112,0.00026924,-6.49E-09,0.010135384,0.027119579,-9.806789398,0.000113224,0.000274121,-6.50E-09,127.1799622,7.25311021,-1.085007726,2.080483357,0.057815216,0.938849966,1,0.3,0,0,applied,clear_constant_wind,1.225,0
2026-01-24T14:02:28.371126,-192.8498993,-39.87475967,-3.729263306,-0.003289969,-4.26E-05,-2.101079413,-1.060269833,2.066025734,0.060732678,0.00011661,0.000271125,2.59E-10,0.010121978,0.027130581,-9.806797981,0.00011661,0.000271125,2.59E-10,127.0505524,7.236768397,-1.085846002,2.079925842,0.057787104,0.938807107,1,0.3,0,0,applied,clear_constant_wind,1.225,0
2026-01-24T14:02:28.480255,-192.9550323,-39.67024231,-3.723252296,-0.003292078,-4.51E-05,-2.101079412,-1.061239243,2.065382004,0.060701147,9.73E-05,0.000227058,-6.00E-09,0.010103512,0.027145855,-9.806716919,9.73E-05,0.000227058,-6.00E-09,127.2169342,7.236768397,-1.086864322,2.079247934,0.057752743,0.93875504,1,0.3,0,0,applied,clear_constant_wind,1.225,0
2026-01-24T14:02:28.592760,-193.0347595,-39.5153656,-3.718699694,-0.003294761,-5.28E-05,-2.101079404,-1.061972857,2.064894676,0.06067203,0.000157628,0.000243298,1.80E-09,0.010091154,0.027154218,-9.806843758,0.000157628,0.000243298,1.80E-09,127.4414139,7.236768397,-1.087637446,2.078732778,0.057726556,0.938715508,1,0.3,0,0,applied,clear_constant_wind,1.225,0
2026-01-24T14:02:28.702109,-193.1112976,-39.36668396,-3.714333773,-0.003298448,-6.08E-05,-2.101079396,-1.062680721,2.064423084,0.060644936,0.000134908,0.00023527,9.29E-09,0.010078434,0.027165238,-9.806833267,0.000134908,0.00023527,9.29E-09,127.1482697,7.224351732,-1.088384247,2.078234762,0.057701463,0.938677321,1,0.3,0,0,applied,clear_constant_wind,1.225,0
2026-01-24T14:02:28.812206,-193.1878357,-39.21807861,-3.709967852,-0.003301742,-6.76E-05,-2.101079389,-1.063392401,2.063948393,0.060619052,0.000136943,0.000248157,2.35E-09,0.010066338,0.027175587,-9.80682373,0.000136943,0.000248157,2.35E-09,127.1403503,7.209082256,-1.08913392,2.077734443,0.057676134,0.938638985,1,0.3,0,0,applied,clear_constant_wind,1.225,0
2026-01-24T14:02:28.920956,-193.2835083,-39.032341,-3.704513073,-0.003302815,-6.87E-05,-2.101079389,-1.064285994,2.063351631,0.060590446,6.75E-05,0.000254356,-3.08E-09,0.010051279,0.027190829,-9.806744576,6.75E-05,0.000254356,-3.08E-09,126.9396362,7.209082256,-1.090077038,2.077104465,0.057644344,0.938590754,1,0.3,0,0,applied,clear_constant_wind,1.225,0
2026-01-24T14:02:29.031865,-193.3855591,-38.83428955,-3.698699474,-0.003304563,-7.18E-05,-2.101079386,-1.065240383,2.0627141,0.06055811,7.80E-05,0.000224211,5.16E-09,0.010033488,0.02720461,-9.806733131,7.80E-05,0.000224211,5.16E-09,126.7970276,7.209082256,-1.091089481,2.076427487,0.057610311,0.938538976,1,0.3,0,0,applied,clear_constant_wind,1.225,0
2026-01-24T14:02:29.138902,-193.4623108,-38.68579102,-3.694339275,-0.003308165,-8.05E-05,-2.101079377,-1.065955639,2.062236786,0.060529172,0.000160714,0.000224095,8.70E-09,0.010020697,0.027212353,-9.806866646,0.000160714,0.000224095,8.70E-09,126.8524857,7.193909621,-1.091846268,2.075920993,0.057584681,0.938500271,1,0.3,0,0,applied,clear_constant_wind,1.225,0
2026-01-24T14:02:29.248792,-193.5424194,-38.53111649,-3.689800978,-0.003311213,-8.76E-05,-2.10107937,-1.066705346,2.0617342,0.060501006,0.000126806,0.000257309,1.03E-08,0.010008811,0.027224034,-9.806818008,0.000126806,0.000257309,1.03E-08,127.0637589,7.193909621,-1.092634003,2.075393361,0.05755806,0.938459981,1,0.3,0,0,applied,clear_constant_wind,1.225,0
2026-01-24T14:02:29.358053,-193.6225281,-38.37652588,-3.685265064,-0.003314296,-9.38E-05,-2.101079242,-1.06745851,2.061230421,0.060473979,0.000123667,0.00026755,1.77E-09,0.009995963,0.027235137,-9.806812286,0.000123667,0.00026755,1.77E-09,126.9528427,7.181498201,-1.093424945,2.074863145,0.057531291,0.938419525,1,0.3,0,0,applied,clear_constant_wind,1.225,0
2026-01-24T14:02:29.466131,-193.7186584,-38.19101715,-3.679821968,-0.003315598,-9.53E-05,-2.101079241,-1.068365693,2.060622454,0.060444519,7.23E-05,0.000253027,1.04E-09,0.009979905,0.027250059,-9.80674839,7.23E-05,0.000253027,1.04E-09,127.3146515,7.181498201,-1.09438085,2.074221762,0.057498917,0.93837063,1,0.3,0,0,applied,clear_constant_wind,1.225,0
2026-01-24T14:02:29.577301,-193.8115845,-38.0117836,-3.674565792,-0.003318005,-0.000100547,-2.101079236,-1.06924367,2.060032368,0.060412746,6.42E-05,0.000228881,-3.25E-09,0.009963103,0.027263582,-9.806756973,6.18E-05,0.000223177,-3.65E-09,126.8868179,7.165118662,-1.095309916,2.073597772,0.057467544,0.938323104,1,0.3,0,0,applied,clear_constant_wind,1.225,0
2026-01-24T14:02:29.686973,-193.8916931,-37.85728836,-3.670035839,-0.003320941,-0.000107088,-2.10107923,-1.070000887,2.059523821,0.060384762,0.000154682,0.00024575,-1.37E-08,0.009950644,0.027271345,-9.806846619,0.000154682,0.00024575,-1.37E-08,127.1218643,7.165118662,-1.096116109,2.073055817,0.057440335,0.938281863,1,0.3,0,0,applied,clear_constant_wind,1.225,0
2026-01-24T14:02:29.793790,-193.9686432,-37.70901489,-3.665687561,-0.003324455,-0.000115038,-2.101079222,-1.07073164,2.059033394,0.060356725,0.00014833,0.000245689,-5.48E-09,0.009937913,0.027282022,-9.806838989,0.00014833,0.000245689,-5.48E-09,126.6993103,7.151155296,-1.096892514,2.072533457,0.057414045,0.938242143,1,0.3,0,0,applied,clear_constant_wind,1.225,0
2026-01-24T14:02:29.899305,-194.0459137,-37.56079102,-3.661344528,-0.003327865,-0.000122312,-2.101079215,-1.071466088,2.058539391,0.060329691,0.000143009,0.000252983,-4.63E-09,0.009925311,0.027292848,-9.806830406,0.000143009,0.000252983,-4.63E-09,127.024147,7.151155296,-1.097661793,2.072015476,0.05738799,0.938202786,1,0.3,0,0,applied,clear_constant_wind,1.225,0
2026-01-24T14:02:30.013860,-194.1553802,-37.35083389,-3.655191898,-0.003328488,-0.000121441,-2.101079217,-1.072512031,2.057835579,0.060298506,0.0001351,0.00028002,2.40E-09,0.009907891,0.027308844,-9.806699753,0.0001351,0.00028002,2.40E-09,126.8234329,7.151155296,-1.098759346,2.071275738,0.057350746,0.938146632,1,0.3,0,0,applied,clear_constant_wind,1.225,0
2026-01-24T14:02:30.122244,-194.2358704,-37.19652939,-3.650670528,-0.003331257,-0.000129665,-2.101079207,-1.073279619,2.057319641,0.060266808,0.00014265,0.000266304,2.69E-09,0.009893899,0.027320202,-9.806829453,0.000117215,0.000264636,4.25E-09,126.8392792,7.1387879,-1.099570933,2.070728194,0.057323186,0.938105106,1,0.3,0,0,applied,clear_constant_wind,1.225,0
2026-01-24T14:02:30.230265,-194.3163605,-37.04222488,-3.646152496,-0.00333427,-0.000135804,-2.101079202,-1.074050069,2.056799412,0.060238525,0.000136032,0.000259115,3.58E-09,0.00988044,0.027330631,-9.806837082,0.000136032,0.000259115,3.58E-09,127.1086578,7.121431018,-1.100387916,2.070176538,0.057295594,0.938063303,1,0.3,0,0,applied,clear_constant_wind,1.225,0
2026-01-24T14:02:30.342689,-194.3968506,-36.88800049,-3.641634464,-0.003337306,-0.000142465,-2.101079195,-1.074823976,2.056277752,0.060209934,0.000130983,0.000271197,1.07E-08,0.009867451,0.027341906,-9.80682373,0.000130983,0.000271197,1.07E-08,126.7758942,7.121431018,-1.101208485,2.069621992,0.057267724,0.938021314,1,0.3,0,0,applied,clear_constant_wind,1.225,0
2026-01-24T14:02:30.450608,-194.4837799,-36.72145462,-3.636759281,-0.003339681,-0.000147218,-2.101079191,-1.07566309,2.055710316,0.060180563,9.66E-05,0.000279142,9.14E-09,0.009853279,0.027355094,-9.806791306,9.66E-05,0.000279142,9.14E-09,127.7002258,7.108409837,-1.102100479,2.069018633,0.057237597,0.937975668,1,0.3,0,0,applied,clear_constant_wind,1.225,0
2026-01-24T14:02:30.563130,-194.5937347,-36.5118103,-3.630622864,-0.003341265,-0.000148708,-2.10107919,-1.076723814,2.054992914,0.060147241,0.000130172,0.000270263,1.03E-08,0.009834122,0.027370077,-9.806708336,0.000130172,0.000270263,1.03E-08,126.6940308,7.108409837,-1.103214141,2.068264555,0.057199698,0.937918676,1,0.3,0,0,applied,clear_constant_wind,1.225,0
2026-01-24T14:02:30.670296,-194.6713715,-36.36386108,-3.626292467,-0.003344964,-0.000158698,-2.10107918,-1.077471972,2.05448699,0.060115699,0.000160628,0.000253022,-3.85E-10,0.009820671,0.027379408,-9.806872368,0.000160628,0.000253022,-3.85E-10,126.7626953,7.095201022,-1.104004839,2.06772863,0.057172758,0.937878209,1,0.3,0,0,applied,clear_constant_wind,1.225,0
2026-01-24T14:02:30.779303,-194.752243,-36.20978546,-3.621786356,-0.003348259,-0.000165989,-2.101079172,-1.07825613,2.05395484,0.060086425,0.000124339,0.000272248,-1.29E-08,0.009807638,0.027391801,-9.80682373,0.000124339,0.000272248,-1.29E-08,126.6887436,7.095201022,-1.104833048,2.067166803,0.057144696,0.937835821,1,0.3,0,0,applied,clear_constant_wind,1.225,0
2026-01-24T14:02:30.891076,-194.8363495,-36.04960632,-3.6171,-0.003350993,-0.000171597,-2.101079167,-1.079075098,2.053400278,0.060057361,0.000112419,0.000286403,-5.00E-09,0.009793936,0.027404042,-9.806806564,0.000112419,0.000286403,-5.00E-09,126.564621,7.078446162,-1.105698943,2.066578895,0.057115234,0.937791502,1,0.3,0,0,applied,clear_constant_wind,1.225,0
2026-01-24T14:02:30.999872,-194.9236908,-35.88328171,-3.612236738,-0.003353323,-0.0001764,-2.101079163,-1.07992816,2.052822113,0.060027301,0.000104418,0.000284207,4.43E-09,0.009779116,0.027416673,-9.806803703,0.000104418,0.000284207,4.43E-09,127.1165771,7.078446162,-1.106604279,2.065963639,0.057084555,0.937745162,1,0.3,0,0,applied,clear_constant_wind,1.225,0
2026-01-24T14:02:31.110697,-195.0337677,-35.67394638,-3.606116533,-0.003354808,-0.00017777,-2.101079162,-1.081006289,2.052089214,0.05999307,0.000131815,0.000277096,4.00E-09,0.009759728,0.027432058,-9.806715012,0.000131815,0.000277096,4.00E-09,127.0215073,7.078446162,-1.107747984,2.06518556,0.057045723,0.937686618,1,0.3,0,0,applied,clear_constant_wind,1.225,0
2026-01-24T14:02:31.219262,-195.1117706,-35.52619171,-3.601796627,-0.00335873,-0.000188385,-2.101079151,-1.081766605,2.051572084,0.059960455,0.000161333,0.000253889,3.08E-09,0.00974589,0.027441548,-9.806880951,0.000161333,0.000253889,3.08E-09,127.1773224,7.065950956,-1.108550815,2.064638834,0.057018277,0.93764552,1,0.3,0,0,applied,clear_constant_wind,1.225,0
2026-01-24T14:02:31.328974,-195.1897736,-35.37851715,-3.597482204,-0.003362623,-0.000196921,-2.101079142,-1.08253181,2.051051378,0.059931181,0.000142623,0.000257575,1.09E-08,0.009732588,0.027453221,-9.80684948,0.000142623,0.000257575,1.09E-08,126.7838211,7.051704442,-1.10935703,2.06408934,0.056990838,0.937604248,1,0.3,0,0,applied,clear_constant_wind,1.225,0
2026-01-24T14:02:31.436866,-195.2710266,-35.22468948,-3.592988014,-0.003365564,-0.000203214,-2.101079136,-1.083332777,2.050506353,0.059902478,0.000134269,0.000289633,1.68E-08,0.009719765,0.027465008,-9.806827545,0.000134269,0.000289633,1.68E-08,127.2671127,7.051704442,-1.11020254,2.063512569,0.056962046,0.937560961,1,0.3,0,0,applied,clear_constant_wind,1.225,0
2026-01-24T14:02:31.542110,-195.3652802,-35.04633331,-3.587777853,-0.003367065,-0.000205582,-2.101079134,-1.084265351,2.049871445,0.059871502,7.98E-05,0.000280009,7.07E-09,0.009703565,0.027480226,-9.80676651,7.98E-05,0.000280009,7.07E-09,126.4616241,7.051704442,-1.111188652,2.062839242,0.056928452,0.937510474,1,0.3,0,0,applied,clear_constant_wind,1.225,0
2026-01-24T14:02:31.654347,-195.4660339,-34.85570526,-3.582212448,-0.003369327,-0.000209623,-2.101079131,-1.085264325,2.049189091,0.059837244,7.32E-05,0.000240957,1.29E-08,0.009684874,0.027495079,-9.806753159,7.32E-05,0.000240957,1.29E-08,126.8656921,7.035870203,-1.112250903,2.06211315,0.0568924,0.937456086,1,0.3,0,0,applied,clear_constant_wind,1.225,0
2026-01-24T14:02:31.764731,-195.5506287,-34.69590378,-3.577544689,-0.003372126,-0.000217419,-2.101079122,-1.086102366,2.048616409,0.059804711,0.000140548,0.000278513,1.13E-08,0.00967139,0.027504776,-9.806847572,0.000140548,0.000278513,1.13E-08,126.7019501,7.035870203,-1.113143682,2.061502282,0.056861883,0.937410373,1,0.3,0,0,applied,clear_constant_wind,1.225,0
2026-01-24T14:02:31.871920,-195.6322632,-34.54226685,-3.573061466,-0.003376099,-0.000226069,-2.101079114,-1.086912036,2.048063993,0.059773616,0.00012531,0.000272125,-2.39E-09,0.009657055,0.027516946,-9.806846619,0.00012531,0.000272125,-2.39E-09,126.8075867,7.023636685,-1.113997256,2.060917707,0.056832756,0.937366664,1,0.3,0,0,applied,clear_constant_wind,1.225,0
2026-01-24T14:02:31.980877,-195.7106323,-34.39482498,-3.568758488,-0.003379989,-0.000234418,-2.101079106,-1.087693334,2.047529697,0.059744362,0.000144891,0.000267967,-1.57E-09,0.009643169,0.027527753,-9.806854248,0.000144891,0.000267967,-1.57E-09,126.8128738,7.008254878,-1.114821131,2.060352981,0.056804583,0.937324475,1,0.3,0,0,applied,clear_constant_wind,1.225,0
2026-01-24T14:02:32.089347,-195.8085938,-34.2105751,-3.563383102,-0.003381218,-0.000236164,-2.101079105,-1.088674664,2.046858549,0.059712287,7.31E-05,0.000278297,-3.16E-09,0.009626891,0.027544163,-9.806757927,7.31E-05,0.000278297,-3.16E-09,127.0030212,7.008254878,-1.115857557,2.059641871,0.056769199,0.937271399,1,0.3,0,0,applied,clear_constant_wind,1.225,0
2026-01-24T14:02:32.195854,-195.9065552,-34.02638626,-3.558011532,-0.003383684,-0.000241442,-2.1010791,-1.089657187,2.046183825,0.059677143,6.66E-05,0.000242342,-1.64E-09,0.009608703,0.02755853,-9.806770325,6.66E-05,0.000242342,-1.64E-09,127.024147,7.008254878,-1.116901309,2.058924956,0.056733629,0.937217944,1,0.3,0,0,applied,clear_constant_wind,1.225,0
2026-01-24T14:02:32.306183,-195.9849243,-33.87907791,-3.553714275,-0.003387749,-0.000251116,-2.10107909,-1.090444446,2.045643806,0.059645783,0.000162297,0.000250392,4.24E-09,0.00959482,0.027567005,-9.806883812,0.000162297,0.000250392,4.24E-09,126.4748306,6.993597277,-1.117741681,2.058347172,0.056704891,0.937174903,1,0.3,0,0,applied,clear_constant_wind,1.225,0
2026-01-24T14:02:32.413992,-196.0666962,-33.72566223,-3.549242973,-0.003390912,-0.000258952,-2.101079082,-1.091269135,2.045077085,0.059614714,0.000139124,0.000286797,6.17E-09,0.009581809,0.027579317,-9.806838989,0.000139124,0.000286797,6.17E-09,127.0584793,6.993597277,-1.118617416,2.057744534,0.056675061,0.937130049,1,0.3,0,0,applied,clear_constant_wind,1.225,0
2026-01-24T14:02:32.523475,-196.1487122,-33.5723114,-3.544772625,-0.003394317,-0.000266249,-2.101079075,-1.092097521,2.044508219,0.059584517,0.000133245,0.000293836,8.53E-09,0.009567676,0.027591469,-9.806838036,0.000133245,0.000293836,8.53E-09,127.0452728,6.981337298,-1.11948884,2.057144321,0.056645154,0.937085413,1,0.3,0,0,applied,clear_constant_wind,1.225,0
2026-01-24T14:02:32.634333,-196.2536926,-33.37606049,-3.539054632,-0.00339535,-0.000266624,-2.101078953,-1.093162298,2.043775558,0.059550975,9.22E-05,0.000276367,-6.38E-09,0.009548788,0.027608402,-9.806736946,9.22E-05,0.000276367,-6.38E-09,127.0637589,6.981337298,-1.120612493,2.056369574,0.056606711,0.937027855,1,0.3,0,0,applied,clear_constant_wind,1.225,0
2026-01-24T14:02:32.743691,-196.3455505,-33.20441437,-3.534054518,-0.003398073,-0.000274037,-2.101078945,-1.094094276,2.043133259,0.059515044,7.52E-05,0.000258671,1.73E-09,0.009532327,0.027621862,-9.806810379,7.52E-05,0.000258671,1.73E-09,126.6781845,6.964905755,-1.12160238,2.055686305,0.05657285,0.936977146,1,0.3,0,0,applied,clear_constant_wind,1.225,0
2026-01-24T14:02:32.853938,-196.4308472,-33.0450592,-3.52941227,-0.003401789,-0.000282438,-2.101078937,-1.094962835,2.042535305,0.05948199,0.000122782,0.000282856,5.67E-10,0.009517796,0.027632993,-9.806840897,0.000122782,0.000282856,5.67E-10,127.0188675,6.964905755,-1.122528014,2.055046751,0.056541146,0.936929726,1,0.3,0,0,applied,clear_constant_wind,1.225,0
2026-01-24T14:02:32.962382,-196.5095825,-32.89802551,-3.525132179,-0.003405986,-0.000291942,-2.101078927,-1.095767856,2.041979074,0.059450936,0.000149534,0.00026919,4.87E-09,0.009503114,0.027643841,-9.806869507,0.000149534,0.00026919,4.87E-09,126.7521286,6.951447816,-1.123387057,2.054452651,0.056511862,0.936885715,1,0.3,0,0,applied,clear_constant_wind,1.225,0
2026-01-24T14:02:33.069218,-196.5918427,-32.74487305,-3.520673752,-0.003409241,-0.000299468,-2.10107892,-1.096610665,2.041397572,0.059419952,0.000139304,0.000299357,-2.58E-09,0.009489595,0.027656153,-9.806839943,0.000139304,0.000299357,-2.58E-09,126.5144424,6.951447816,-1.124279006,2.053835236,0.056481285,0.936840016,1,0.3,0,0,applied,clear_constant_wind,1.225,0
2026-01-24T14:02:33.179036,-196.7006073,-32.54282761,-3.514793873,-0.003410206,-0.000299346,-2.101078921,-1.097728133,2.04062438,0.059385218,0.000104771,0.000287415,6.36E-09,0.009469911,0.027673755,-9.806731224,0.000104771,0.000287415,6.36E-09,126.6544113,6.951447816,-1.125456637,2.053019193,0.056440848,0.936779677,1,0.3,0,0,applied,clear_constant_wind,1.225,0
2026-01-24T14:02:33.290271,-196.7928925,-32.37142944,-3.50980711,-0.003412967,-0.000307242,-2.101078912,-1.098676085,2.03996706,0.059347868,7.52E-05,0.000261823,1.88E-09,0.009453073,0.027687646,-9.806818962,7.52E-05,0.000261823,1.88E-09,127.1958084,6.939020031,-1.12646398,2.052320356,0.056406289,0.93672806,1,0.3,0,0,applied,clear_constant_wind,1.225,0
2026-01-24T14:02:33.399143,-196.871994,-32.22457886,-3.505534887,-0.003417814,-0.00031794,-2.101078902,-1.099491477,2.039403439,0.05931548,0.000143787,0.000256224,5.80E-09,0.009438407,0.027698215,-9.806865692,0.000134229,0.000275055,6.19E-09,126.7019501,6.921838958,-1.127332463,2.051717264,0.056376473,0.936683556,1,0.3,0,0,applied,clear_constant_wind,1.225,0
2026-01-24T14:02:33.510883,-196.9609833,-32.05939484,-3.50073266,-0.003419964,-0.000323194,-2.101078896,-1.100413442,2.038763523,0.05928288,0.000126726,0.000313051,9.31E-09,0.009424327,0.027711064,-9.806824684,0.000126726,0.000313051,9.31E-09,127.1773224,6.921838958,-1.128316343,2.051033376,0.056342854,0.936633136,1,0.3,0,0,applied,clear_constant_wind,1.225,0
2026-01-24T14:02:33.622029,-197.0434265,-31.90652084,-3.496286154,-0.003424012,-0.000332176,-2.101078888,-1.10127008,2.038170099,0.059250582,0.000136657,0.000294464,3.79E-09,0.009408827,0.027723093,-9.806856155,0.000136657,0.000294464,3.79E-09,126.6517715,6.909303828,-1.129230735,2.050397164,0.056311417,0.936586274,1,0.3,0,0,applied,clear_constant_wind,1.225,0
2026-01-24T14:02:33.732087,-197.1493835,-31.710886,-3.490601063,-0.00342587,-0.000334583,-2.101078886,-1.102372169,2.037403822,0.059214629,8.14E-05,0.000270997,3.70E-09,0.009389181,0.027740952,-9.80674839,8.14E-05,0.000270997,3.70E-09,126.5302887,6.909303828,-1.130393612,2.049587188,0.056271435,0.936526675,1,0.3,0,0,applied,clear_constant_wind,1.225,0
2026-01-24T14:02:33.842346,-197.2454071,-31.53365707,-3.485450029,-0.00342889,-0.000342534,-2.101078878,-1.103372693,2.036708593,0.059176382,6.23E-05,0.000248591,5.89E-09,0.009371457,0.027755506,-9.806806564,6.23E-05,0.000248591,5.89E-09,126.7785416,6.895941546,-1.131455462,2.048846726,0.05623483,0.93647225,1,0.3,0,0,applied,clear_constant_wind,1.225,0
2026-01-24T14:02:33.954010,-197.328186,-31.38092422,-3.481013536,-0.003433293,-0.00035293,-2.101078867,-1.104238033,2.036105633,0.059142206,0.000145869,0.000279759,9.39E-09,0.009357052,0.027765403,-9.806875229,0.000145869,0.000279759,9.39E-09,127.1746826,6.895941546,-1.132376996,2.048203443,0.056203171,0.936425015,1,0.3,0,0,applied,clear_constant_wind,1.225,0
2026-01-24T14:02:34.061147,-197.410965,-31.22823715,-3.476578951,-0.003437127,-0.000362005,-2.101078858,-1.105108142,2.035500288,0.059109204,0.000140029,0.000297928,1.21E-08,0.009342604,0.027777933,-9.806857109,0.000140029,0.000297928,1.21E-08,126.7389221,6.879814998,-1.133304321,2.047555496,0.05617131,0.93637748,1,0.3,0,0,applied,clear_constant_wind,1.225,0
2026-01-24T14:02:34.170396,-197.4937439,-31.07559586,-3.472146749,-0.003440807,-0.00037032,-2.10107885,-1.10598278,2.034889936,0.059076756,0.000138133,0.000309131,4.20E-09,0.009327845,0.027790518,-9.806852341,0.000138133,0.000309131,4.20E-09,126.7706146,6.879814998,-1.1342375,2.046902825,0.056139271,0.936329643,1,0.3,0,0,applied,clear_constant_wind,1.225,0
2026-01-24T14:02:34.279974,-197.6000824,-30.88027954,-3.466478109,-0.003442331,-0.000371906,-2.101078849,-1.107106924,2.034105778,0.059040595,8.81E-05,0.000283006,3.32E-09,0.009307808,0.027808551,-9.806753159,8.81E-05,0.000283006,3.32E-09,126.7389221,6.879814998,-1.135425833,2.046070784,0.056098353,0.936268722,1,0.3,0,0,applied,clear_constant_wind,1.225,0
2026-01-24T14:02:34.390282,-197.6965485,-30.70334244,-3.461342573,-0.003445212,-0.000379827,-2.101078841,-1.108126998,2.033392429,0.059001587,6.60E-05,0.000257409,-7.71E-10,0.009289644,0.027823407,-9.806812286,6.60E-05,0.000257409,-7.71E-10,126.3718338,6.867391215,-1.136507266,2.0453127,0.056060986,0.936213278,1,0.3,0,0,applied,clear_constant_wind,1.225,0
2026-01-24T14:02:34.501389,-197.7797089,-30.55085754,-3.456919909,-0.003449567,-0.000390273,-2.10107883,-1.109008908,2.032775879,0.058966696,0.000147053,0.000286731,5.46E-09,0.009274952,0.027833607,-9.806884766,0.000147053,0.000286731,5.46E-09,126.968689,6.853079296,-1.137446054,2.044653914,0.056028694,0.936165145,1,0.3,0,0,applied,clear_constant_wind,1.225,0
2026-01-24T14:02:34.610678,-197.8661957,-30.39232254,-3.452320337,-0.003453011,-0.000398505,-2.101078822,-1.109931231,2.032128811,0.058932371,0.000121439,0.00031071,1.46E-09,0.009259933,0.027847372,-9.806839943,0.000121439,0.00031071,1.46E-09,126.7732544,6.853079296,-1.138428791,2.043963601,0.055994766,0.936114756,1,0.3,0,0,applied,clear_constant_wind,1.225,0
2026-01-24T14:02:34.721421,-197.9460297,-30.24602699,-3.448079109,-0.003457425,-0.000408311,-2.101078812,-1.1107862,2.03153038,0.05889995,0.000153218,0.00029055,1.03E-09,0.00924424,0.027858797,-9.806880951,0.000153218,0.00029055,1.03E-09,127.0426331,6.837827187,-1.139341788,2.043321637,0.0559634,0.93606794,1,0.3,0,0,applied,clear_constant_wind,1.225,0
2026-01-24T14:02:34.831254,-198.0527344,-30.05103683,-3.442425728,-0.003458714,-0.000409647,-2.101078812,-1.111932278,2.030725479,0.058863103,8.71E-05,0.000293814,2.47E-09,0.009224916,0.027877459,-9.806755066,8.71E-05,0.000293814,2.47E-09,126.6332855,6.837827187,-1.140557578,2.042465829,0.055921393,0.936005594,1,0.3,0,0,applied,clear_constant_wind,1.225,0
2026-01-24T14:02:34.940324,-198.1496429,-29.87439156,-3.437307119,-0.003461779,-0.000417787,-2.101078803,-1.11297214,2.029995441,0.058823187,6.65E-05,0.000260539,7.36E-09,0.009205315,0.027893338,-9.806798935,6.02E-05,0.000252305,6.18E-09,126.628006,6.837827187,-1.141659936,2.04168893,0.055883299,0.935949062,1,0.3,0,0,applied,clear_constant_wind,1.225,0
2026-01-24T14:02:35.049692,-198.2298431,-29.7282505,-3.433072805,-0.003466265,-0.000428058,-2.101078793,-1.113834023,2.029389381,0.05878941,0.000167798,0.000243404,4.61E-09,0.009190056,0.027902093,-9.806928635,0.000167798,0.000243404,4.61E-09,127.1165771,6.825721134,-1.142578545,2.041040849,0.055851537,0.93590195,1,0.3,0,0,applied,clear_constant_wind,1.225,0
2026-01-24T14:02:35.159329,-198.3067017,-29.58823967,-3.429017305,-0.003470791,-0.000439124,-2.101078659,-1.114665151,2.028805256,0.058756158,0.000183043,0.000252666,1.37E-09,0.00917601,0.027913302,-9.806911469,0.000183043,0.000252666,1.37E-09,126.9079437,6.810344884,-1.143464305,2.040415355,0.055820949,0.93585652,1,0.3,0,0,applied,clear_constant_wind,1.225,0
2026-01-24T14:02:35.265113,-198.3935852,-29.43001556,-3.424436331,-0.003473426,-0.000445979,-2.101078652,-1.1156106,2.028139114,0.058722183,0.000130691,0.00033837,-8.91E-09,0.009162938,0.027928028,-9.806835175,0.000130691,0.00033837,-8.91E-09,126.6068802,6.810344884,-1.144472044,2.03970302,0.055786234,0.935804832,1,0.3,0,0,applied,clear_constant_wind,1.225,0
2026-01-24T14:02:35.375512,-198.5073853,-29.22318268,-3.418448448,-0.00347518,-0.000447436,-2.101078652,-1.116852522,2.027262211,0.058683116,0.00015115,0.000323948,-8.71E-10,0.009140808,0.027945865,-9.806728363,0.00015115,0.000323948,-8.71E-10,126.9264297,6.810344884,-1.145792999,2.038768156,0.055740579,0.935737074,1,0.3,0,0,applied,clear_constant_wind,1.225,0
2026-01-24T14:02:35.484045,-198.5913086,-29.07115936,-3.414049625,-0.003479062,-0.00045923,-2.101078639,-1.117764831,2.026617527,0.058643967,0.000157928,0.000307586,-1.06E-08,0.009124958,0.027957806,-9.806905746,0.000157928,0.000307586,-1.06E-08,126.5514145,6.796113701,-1.146761813,2.038081692,0.055707034,0.935687376,1,0.3,0,0,applied,clear_constant_wind,1.225,0
2026-01-24T14:02:35.595372,-198.6785889,-28.91310501,-3.409475565,-0.003483106,-0.000468316,-2.10107863,-1.118719459,2.025942564,0.05860794,0.000112719,0.000317655,-1.97E-08,0.009108883,0.027972803,-9.806850433,0.000112719,0.000317655,-1.97E-08,126.5619812,6.796113701,-1.147776273,2.037362145,0.055671822,0.935635334,1,0.3,0,0,applied,clear_constant_wind,1.225,0
2026-01-24T14:02:35.703593,-198.7591553,-28.76725769,-3.405258417,-0.00348769,-0.000478598,-2.10107862,-1.119604588,2.025316477,0.058574166,0.000159191,0.000303716,-1.94E-08,0.009093027,0.027984999,-9.806877136,0.000146654,0.000322658,-1.90E-08,127.0848846,6.784156473,-1.148718894,2.036692867,0.055639286,0.935586974,1,0.3,0,0,applied,clear_constant_wind,1.225,0
2026-01-24T14:02:35.811726,-198.8497925,-28.60322952,-3.400514126,-0.003489612,-0.000483415,-2.101078615,-1.120604277,2.024606943,0.058539189,0.000139517,0.000355467,-2.53E-08,0.009077596,0.02799879,-9.806844711,0.000139517,0.000355467,-2.53E-08,127.024147,6.767598668,-1.149786725,2.035933898,0.055602295,0.935532188,1,0.3,0,0,applied,clear_constant_wind,1.225,0
2026-01-24T14:02:35.923557,-198.9607086,-28.40283775,-3.394721985,-0.00349222,-0.000487045,-2.101078613,-1.121831656,2.023736477,0.058498226,0.000118286,0.000294798,-2.55E-08,0.009054482,0.028017517,-9.806747437,0.000118286,0.000294798,-2.55E-08,126.7996674,6.767598668,-1.151096502,2.035001808,0.055557009,0.935464984,1,0.3,0,0,applied,clear_constant_wind,1.225,0
2026-01-24T14:02:36.043562,-199.05513,-28.23287201,-3.389808655,-0.003494528,-0.000495304,-2.101078603,-1.12287271,2.022998571,0.058457155,0.000106786,0.000308536,-2.16E-08,0.009037492,0.02803183,-9.806862831,0.000106786,0.000308536,-2.16E-08,126.6966705,6.767598668,-1.152204297,2.034212473,0.055518418,0.935408139,1,0.3,0,0,applied,clear_constant_wind,1.225,0
2026-01-24T14:02:36.155764,-199.1394348,-28.08116913,-3.385426283,-0.003499999,-0.000507668,-2.101078591,-1.123806477,2.022334337,0.05841944,0.00013238,0.000297728,-8.00E-09,0.009020781,0.02804449,-9.806901932,0.00013238,0.000297728,-8.00E-09,126.8023071,6.754642522,-1.15320055,2.033501833,0.055483855,0.935357016,1,0.3,0,0,applied,clear_constant_wind,1.225,0
2026-01-24T14:02:36.263167,-199.2203674,-27.93558121,-3.381220579,-0.003504977,-0.000519305,-2.101078579,-1.124708652,2.021691561,0.058384236,0.000157728,0.000297378,-1.28E-08,0.009005073,0.028056584,-9.806902885,0.000157728,0.000297378,-1.28E-08,127.1535492,6.742228574,-1.154163363,2.032814346,0.055450413,0.935307606,1,0.3,0,0,applied,clear_constant_wind,1.225,0
2026-01-24T14:02:36.371315,-199.3080444,-27.77791214,-3.376668453,-0.003508312,-0.000527347,-2.101078571,-1.125691891,2.020990849,0.058348365,0.000131728,0.000343708,-3.16E-09,0.008989955,0.028071128,-9.806854248,0.000131728,0.000343708,-3.16E-09,126.8868179,6.742228574,-1.1552136,2.032063646,0.055414053,0.935253706,1,0.3,0,0,applied,clear_constant_wind,1.225,0
2026-01-24T14:02:36.482422,-199.4228668,-27.57181168,-3.370718479,-0.003510338,-0.000529571,-2.10107857,-1.126984119,2.020069838,0.058307245,0.000153471,0.000334662,2.09E-09,0.008967176,0.028089538,-9.806734085,0.000153471,0.000334662,2.09E-09,126.5065231,6.742228574,-1.156591319,2.031077623,0.055366203,0.935182995,1,0.3,0,0,applied,clear_constant_wind,1.225,0
2026-01-24T14:02:36.591448,-199.5075531,-27.42033005,-3.366347313,-0.003514517,-0.000542351,-2.101078556,-1.127933621,2.01939249,0.058266256,0.000161918,0.000318205,2.47E-09,0.00895077,0.028101863,-9.806916237,0.000161918,0.000318205,2.47E-09,126.6596985,6.725469227,-1.157601663,2.030353632,0.055331021,0.935131135,1,0.3,0,0,applied,clear_constant_wind,1.225,0
2026-01-24T14:02:36.701339,-199.5922394,-27.26889801,-3.361978292,-0.003519191,-0.000553303,-2.101078545,-1.128889441,2.018710136,0.058229271,0.000136284,0.000323353,7.02E-09,0.008934445,0.028116286,-9.806887627,0.000136284,0.000323353,7.02E-09,126.4959564,6.725469227,-1.158619077,2.029623804,0.055295594,0.93507891,1,0.3,0,0,applied,clear_constant_wind,1.225,0
2026-01-24T14:02:36.813805,-199.6769257,-27.11751747,-3.35761261,-0.003523292,-0.0005629,-2.101078536,-1.129850388,2.018022299,0.058193211,0.00014954,0.000339182,-1.31E-09,0.008918445,0.028129511,-9.806883812,0.00014954,0.000339182,-1.31E-09,126.5910339,6.713245296,-1.159643588,2.028888101,0.055259994,0.935026318,1,0.3,0,0,applied,clear_constant_wind,1.225,0
2026-01-24T14:02:36.936389,-199.7751617,-26.94198036,-3.35255146,-0.003525598,-0.000567723,-2.101078531,-1.130970001,2.017220259,0.058154445,8.71E-05,0.000328285,-1.01E-08,0.00889932,0.028147291,-9.806809425,8.71E-05,0.000328285,-1.01E-08,126.7468491,6.699698209,-1.160841037,2.028027217,0.055218403,0.934964845,1,0.3,0,0,applied,clear_constant_wind,1.225,0
2026-01-24T14:02:37.045442,-199.8837738,-26.74835968,-3.346971273,-0.003527599,-0.000571805,-2.101078527,-1.132207751,2.016331673,0.058111724,8.68E-05,0.000298807,-1.73E-08,0.008877055,0.02816502,-9.806783676,8.68E-05,0.000298807,-1.73E-08,126.6253662,6.699698209,-1.162164747,2.027074311,0.055172372,0.934896884,1,0.3,0,0,applied,clear_constant_wind,1.225,0
2026-01-24T14:02:37.154292,-199.9790497,-26.57902145,-3.342091322,-0.003532076,-0.000583668,-2.101078393,-1.13329339,2.015552282,0.058067724,7.22E-05,0.000279776,-5.15E-09,0.00885817,0.02818035,-9.806854248,7.22E-05,0.000279776,-5.15E-09,127.0426331,6.699698209,-1.163322196,2.026240021,0.055131925,0.934837456,1,0.3,0,0,applied,clear_constant_wind,1.225,0
2026-01-24T14:02:37.262057,-200.0607147,-26.43392372,-3.337912083,-0.003537858,-0.00059747,-2.101078379,-1.134228468,2.014880419,0.058029775,0.000157715,0.000287526,-7.22E-09,0.00884177,0.0281912,-9.806933403,0.000157715,0.000287526,-7.22E-09,126.3718338,6.684161999,-1.164321727,2.025518746,0.055097092,0.934786133,1,0.3,0,0,applied,clear_constant_wind,1.225,0
2026-01-24T14:02:37.372502,-200.1457825,-26.28283119,-3.333560944,-0.003541993,-0.000607985,-2.101078368,-1.135209084,2.014174461,0.057992414,0.000155726,0.00033966,-7.79E-09,0.00882653,0.028206032,-9.806867599,0.00013365,0.000347405,-6.63E-09,126.9660416,6.684161999,-1.165370217,2.024761335,0.055060557,0.934732293,1,0.3,0,0,applied,clear_constant_wind,1.225,0
2026-01-24T14:02:37.479153,-200.2308502,-26.13179207,-3.329212904,-0.003545609,-0.000616458,-2.10107836,-1.136193514,2.013464928,0.057956319,0.000171583,0.000341817,2.69E-09,0.008809825,0.028218405,-9.8069067,0.000171583,0.000341817,2.69E-09,126.1605606,6.671947521,-1.166426215,2.023997662,0.055023815,0.934678064,1,0.3,0,0,applied,clear_constant_wind,1.225,0
2026-01-24T14:02:37.593602,-200.3468475,-25.92645836,-3.323303461,-0.003547645,-0.000618832,-2.101078359,-1.13754034,2.012493372,0.0579128,0.000150052,0.000345025,-1.17E-09,0.008786959,0.028238636,-9.806736946,0.000150052,0.000345025,-1.17E-09,126.4853897,6.671947521,-1.167861438,2.0229584,0.054973708,0.934604356,1,0.3,0,0,applied,clear_constant_wind,1.225,0
2026-01-24T14:02:37.699231,-200.4322968,-25.77554703,-3.318961859,-0.003552048,-0.000632576,-2.101078343,-1.138530612,2.011778593,0.05786996,0.000166661,0.000329097,-4.37E-09,0.008769928,0.028251152,-9.806929588,0.000166661,0.000329097,-4.37E-09,126.6491318,6.657536362,-1.168918676,2.02219185,0.054936737,0.934550056,1,0.3,0,0,applied,clear_constant_wind,1.225,0
2026-01-24T14:02:37.809462,-200.517746,-25.6246891,-3.314622641,-0.003557008,-0.000644358,-2.101078332,-1.139526963,2.011057854,0.057831045,0.00014094,0.000336474,9.12E-10,0.008753018,0.028266065,-9.806902885,0.00014094,0.000336474,9.12E-10,126.1948929,6.657536362,-1.169983619,2.021418859,0.054899504,0.934495357,1,0.3,0,0,applied,clear_constant_wind,1.225,0
2026-01-24T14:02:37.920262,-200.5997772,-25.47991562,-3.310460329,-0.003561892,-0.000655873,-2.10107832,-1.140488863,2.010362864,0.057793949,0.000169122,0.000330131,-1.02E-08,0.008736365,0.028279819,-9.806897163,0.000153544,0.00035128,-9.82E-09,127.1905289,6.642959394,-1.171013309,2.020670639,0.054863585,0.934442466,1,0.3,0,0,applied,clear_constant_wind,1.225,0
2026-01-24T14:02:38.025927,-200.6954803,-25.31107521,-3.30560708,-0.003563762,-0.000660503,-2.101078316,-1.141615987,2.009545565,0.057754893,0.00012517,0.000382771,-3.71E-09,0.008719058,0.028295897,-9.806847572,0.00012517,0.000382771,-3.71E-09,126.9264297,6.642959394,-1.172223831,2.019789991,0.054821367,0.934380282,1,0.3,0,0,applied,clear_constant_wind,1.225,0
2026-01-24T14:02:38.140193,-200.8121185,-25.10614777,-3.299719572,-0.00356655,-0.000665036,-2.101078312,-1.14299047,2.008548498,0.057708792,0.000150398,0.00033812,-6.03E-09,0.008693815,0.028315177,-9.806750298,0.000150398,0.00033812,-6.03E-09,126.4140854,6.642959394,-1.173688094,2.018723269,0.054770132,0.934305059,1,0.3,0,0,applied,clear_constant_wind,1.225,0
2026-01-24T14:02:38.249711,-200.894516,-24.96155548,-3.295565367,-0.00357187,-0.000680745,-2.101078173,-1.143961072,2.007843971,0.057665363,0.000191842,0.000317621,-2.20E-09,0.008676785,0.028326802,-9.806968689,0.000191842,0.000317621,-2.20E-09,126.6068802,6.630980524,-1.174727645,2.017964965,0.054733648,0.93425165,1,0.3,0,0,applied,clear_constant_wind,1.225,0
2026-01-24T14:02:38.359320,-200.9803467,-24.81099129,-3.291242599,-0.003576662,-0.00069276,-2.101078161,-1.144979835,2.007102489,0.057625402,0.000146128,0.000347305,-5.98E-09,0.008660425,0.028342385,-9.806905746,0.000146128,0.000347305,-5.98E-09,126.6940308,6.615557216,-1.175818459,2.01716838,0.054695522,0.934195605,1,0.3,0,0,applied,clear_constant_wind,1.225,0
2026-01-24T14:02:38.469133,-201.0627441,-24.666502,-3.287094116,-0.003581729,-0.000704664,-2.101078149,-1.145963311,2.006386757,0.057587553,0.00016976,0.000338927,-4.98E-09,0.008643195,0.028355632,-9.806923866,0.00016976,0.000338927,-4.98E-09,126.5751877,6.615557216,-1.176873317,2.016397194,0.054658594,0.934141403,1,0.3,0,0,applied,clear_constant_wind,1.225,0
2026-01-24T14:02:38.577448,-201.1623993,-24.49197769,-3.282086611,-0.003584143,-0.000709838,-2.101078144,-1.147158146,2.005516291,0.057546172,8.77E-05,0.000356256,-6.42E-09,0.008624021,0.028374836,-9.806821823,8.77E-05,0.000356256,-6.42E-09,126.3929596,6.615557216,-1.178153997,2.015459771,0.054613863,0.934075595,1,0.3,0,0,applied,clear_constant_wind,1.225,0
2026-01-24T14:02:38.687526,-201.2658539,-24.31152153,-3.276908159,-0.00358791,-0.000718438,-2.101078136,-1.148398638,2.004611015,0.057500929,7.58E-05,0.000300509,3.05E-09,0.008601174,0.028392725,-9.806811333,7.58E-05,0.000300509,3.05E-09,126.5593414,6.601821338,-1.179473865,2.014492364,0.054567382,0.934007767,1,0.3,0,0,applied,clear_constant_wind,1.225,0
2026-01-24T14:02:38.795022,-201.352066,-24.16119957,-3.272597551,-0.003592373,-0.000731014,-2.101078123,-1.149434209,2.00385499,0.057459146,0.000183728,0.000345665,5.16E-09,0.00858456,0.028403763,-9.80694294,0.000183728,0.000345665,5.16E-09,126.2265778,6.601821338,-1.18058307,2.013678331,0.05452848,0.933950762,1,0.3,0,0,applied,clear_constant_wind,1.225,0
2026-01-24T14:02:38.904516,-201.4348297,-24.01694298,-3.268460512,-0.003597326,-0.0007437,-2.10107811,-1.150433898,2.003123999,0.057419278,0.000180748,0.000338804,6.07E-09,0.008567205,0.028417824,-9.806941986,0.000180748,0.000338804,6.07E-09,126.6174393,6.590185668,-1.181655896,2.012890101,0.054490776,0.933895623,1,0.3,0,0,applied,clear_constant_wind,1.225,0
2026-01-24T14:02:39.013319,-201.5175934,-23.87273979,-3.264328957,-0.003601915,-0.000755179,-2.101078098,-1.15143919,2.002388954,0.057380538,0.000180109,0.000354316,-9.03E-09,0.008550592,0.028431892,-9.806932449,0.000180109,0.000354316,-9.03E-09,126.60952,6.573598034,-1.182736582,2.012095201,0.054453025,0.933840076,1,0.3,0,0,applied,clear_constant_wind,1.225,0
2026-01-24T14:02:39.124427,-201.6316833,-23.67455292,-3.258649349,-0.003603211,-0.000755928,-2.101078098,-1.152829051,2.001370192,0.057336207,0.000121931,0.000357835,-9.74E-09,0.008527415,0.028453588,-9.806764603,0.000121931,0.000357835,-9.74E-09,126.8392792,6.573598034,-1.18422191,2.011001213,0.054400752,0.933763726,1,0.3,0,0,applied,clear_constant_wind,1.225,0
2026-01-24T14:02:39.232715,-201.7252045,-23.51247025,-3.254008055,-0.003607172,-0.000768845,-2.101078084,-1.153966904,2.000535011,0.057288744,0.000111395,0.000334417,-1.14E-08,0.008507827,0.028468993,-9.806903839,0.000111395,0.000334417,-1.14E-08,126.7653351,6.573598034,-1.185440472,2.01010244,0.054357932,0.933701084,1,0.3,0,0,applied,clear_constant_wind,1.225,0
2026-01-24T14:02:39.342806,-201.8083344,-23.36845398,-3.249884367,-0.003613254,-0.000783583,-2.10107807,-1.154983044,1.999787807,0.057247378,0.00016561,0.00032347,2.07E-09,0.008489794,0.02848275,-9.806939125,0.000151901,0.000346671,2.05E-09,126.3427811,6.561118638,-1.186532217,2.009296234,0.054319532,0.933644958,1,0.3,0,0,applied,clear_constant_wind,1.225,0
2026-01-24T14:02:39.449952,-201.8914642,-23.22449493,-3.245764494,-0.003617736,-0.000794871,-2.101078058,-1.156004906,1.999036431,0.057208292,0.000193951,0.000322575,-2.81E-09,0.008472747,0.028496064,-9.806934357,0.000185011,0.000363829,-3.22E-09,126.8366394,6.548652778,-1.187632029,2.00848314,0.05428095,0.933588413,1,0.3,0,0,applied,clear_constant_wind,1.225,0
2026-01-24T14:02:39.558205,-201.9850006,-23.0626049,-3.241132259,-0.003620275,-0.000801932,-2.101078051,-1.157160282,1.998185396,0.057166476,0.000152021,0.00040695,-7.53E-10,0.008455615,0.028512381,-9.80688858,0.000152021,0.00040695,-7.53E-10,126.3929596,6.548652778,-1.188878533,2.00756047,0.054237205,0.933524323,1,0.3,0,0,applied,clear_constant_wind,1.225,0
2026-01-24T14:02:39.667385,-202.1032867,-22.85883904,-3.235303879,-0.003623611,-0.000807323,-2.101077924,-1.15862298,1.997106433,0.057117447,0.000155566,0.000357963,5.43E-09,0.008428962,0.028533479,-9.806758881,0.000155566,0.000357963,5.43E-09,126.6544113,6.548652778,-1.190439688,2.006403208,0.054182114,0.933444048,1,0.3,0,0,applied,clear_constant_wind,1.225,0
2026-01-24T14:02:39.774893,-202.1867828,-22.71507263,-3.231193304,-0.003629189,-0.000824563,-2.101077906,-1.159656405,1.996343493,0.057070885,0.000201699,0.000336858,5.21E-09,0.008410978,0.028545624,-9.806991577,0.000201699,0.000336858,5.21E-09,126.501236,6.532511829,-1.191551743,2.005577708,0.054142923,0.933386861,1,0.3,0,0,applied,clear_constant_wind,1.225,0
2026-01-24T14:02:39.885634,-202.2772369,-22.5593853,-3.226742506,-0.003633962,-0.000836855,-2.101077893,-1.160784602,1.995509267,0.057027325,0.000127431,0.000375577,5.63E-09,0.008392643,0.028564837,-9.806884766,0.000102416,0.000371835,6.79E-09,126.3850403,6.532511829,-1.192766167,2.004675123,0.054100107,0.933324407,1,0.3,0,0,applied,clear_constant_wind,1.225,0
2026-01-24T14:02:39.995979,-202.364212,-22.40974617,-3.222467422,-0.003638738,-0.000848326,-2.101077882,-1.161873698,1.994703293,0.05698606,0.00017999,0.000361488,-1.21E-09,0.008374062,0.028577283,-9.806950569,0.00017999,0.000361488,-1.21E-09,126.4484177,0.136344661,-1.193943462,2.003799038,0.054058747,0.933263857,1,0.3,0,0,applied,clear_constant_wind,1.225,0
2026-01-24T14:02:40.103788,-202.4584503,-22.24821091,-3.217851877,-0.003642587,-0.000858675,-2.101077871,-1.16305697,1.993826032,0.056941353,0.000119437,0.000385417,-1.62E-09,0.008355374,0.028595237,-9.806885719,0.000119437,0.000385417,-1.62E-09,126.5725479,6.506931644,-1.19521059,2.00285491,0.054013892,0.933198684,1,0.3,0,0,applied,clear_constant_wind,1.225,0
2026-01-24T14:02:40.215042,-202.5772552,-22.04489136,-3.212047815,-0.003645812,-0.000864307,-2.101077867,-1.164555669,1.99271369,0.056891259,0.000165756,0.000375977,-5.98E-09,0.008329191,0.028615518,-9.806763649,0.000165756,0.000375977,-5.98E-09,126.3876801,6.506931644,-1.196815671,2.001657178,0.053957277,0.933116121,1,0.3,0,0,applied,clear_constant_wind,1.225,0
2026-01-24T14:02:40.322850,-202.6646118,-21.89546776,-3.207782984,-0.003651017,-0.000880981,-2.101077849,-1.165658474,1.991894245,0.056842253,0.000176644,0.000363362,-1.84E-08,0.008310615,0.028629534,-9.806980133,0.000176644,0.000363362,-1.84E-08,126.4669037,6.506931644,-1.198007076,2.00076684,0.05391523,0.933054833,1,0.3,0,0,applied,clear_constant_wind,1.225,0
2026-01-24T14:02:40.432780,-202.7484741,-21.7520752,-3.203691721,-0.003657373,-0.000896809,-2.101077833,-1.166724563,1.991101027,0.056798894,0.000167978,0.000343196,-1.91E-08,0.00829162,0.028644765,-9.806966782,0.000167978,0.000343196,-1.91E-08,126.4008865,6.491940619,-1.199160139,1.999904099,0.053874585,0.932995513,1,0.3,0,0,applied,clear_constant_wind,1.225,0
2026-01-24T14:02:40.541171,-202.8360291,-21.60276604,-3.199433804,-0.003662376,-0.000909676,-2.10107782,-1.167842746,1.990268111,0.056755882,0.000165184,0.000390065,-2.26E-09,0.008274097,0.028661542,-9.806905746,0.000141718,0.000398572,-1.50E-09,126.5936737,6.491940619,-1.200361253,1.999004303,0.053832202,0.932933717,1,0.3,0,0,applied,clear_constant_wind,1.225,0
2026-01-24T14:02:40.649376,-202.9342957,-21.43562317,-3.194667339,-0.003665111,-0.000916509,-2.101077813,-1.169100642,1.989329576,0.056711446,0.000136404,0.000417792,-1.67E-08,0.008254357,0.028678536,-9.806882858,0.000136404,0.000417792,-1.67E-08,126.3005295,6.479929685,-1.201707791,1.99799423,0.053784453,0.932864434,1,0.3,0,0,applied,clear_constant_wind,1.225,0
2026-01-24T14:02:40.759259,-203.0466003,-21.24469376,-3.189226151,-0.003669173,-0.000924744,-2.101077806,-1.17054522,1.988250256,0.056659997,0.000103367,0.000331098,-1.52E-09,0.008226798,0.028700016,-9.806780815,0.000130597,0.000349846,-1.92E-09,126.3348618,6.479929685,-1.203262243,1.996826424,0.053729512,0.932784447,1,0.3,0,0,applied,clear_constant_wind,1.225,0
2026-01-24T14:02:40.867171,-203.1308289,-21.10156822,-3.185147524,-0.003674143,-0.000939309,-2.101077791,-1.171627879,1.987440825,0.056614865,0.000234929,0.000295949,-2.82E-09,0.008207032,0.028710969,-9.807049751,0.000234929,0.000295949,-2.82E-09,126.3137283,6.465553535,-1.204438857,1.995941216,0.053687868,0.932723898,1,0.3,0,0,applied,clear_constant_wind,1.225,0
2026-01-24T14:02:40.978454,-203.222229,-20.94657707,-3.180733919,-0.003678731,-0.000953291,-2.101077531,-1.172810674,1.98655498,0.05656695,0.000144558,0.000390115,2.85E-09,0.0081909,0.028729279,-9.806928635,0.000144558,0.000390115,2.85E-09,126.5857468,6.465553535,-1.205716742,1.994978585,0.053642702,0.932658133,1,0.3,0,0,applied,clear_constant_wind,1.225,0
2026-01-24T14:02:41.087442,-203.3068237,-20.8035717,-3.176662683,-0.003685392,-0.000969552,-2.101077638,-1.173908949,1.985731483,0.056522977,0.000171183,0.00035783,6.02E-09,0.008171247,0.028745007,-9.806952477,0.000154283,0.000382043,6.78E-09,126.7310028,0.136408782,-1.206894841,1.994089988,0.053600907,0.932597499,1,0.3,0,0,applied,clear_constant_wind,1.225,0
2026-01-24T14:02:41.195880,-203.4125671,-20.62489891,-3.171577215,-0.003687538,-0.000974729,-2.101077633,-1.175290227,1.984694481,0.056475569,0.000103899,0.000402308,-6.89E-09,0.008149794,0.028765047,-9.806844711,0.000103899,0.000402308,-6.89E-09,125.9307938,0.136408782,-1.208380943,1.992967517,0.053548189,0.932521008,1,0.3,0,0,applied,clear_constant_wind,1.225,0
2026-01-24T14:02:41.305556,-203.5183105,-20.44632149,-3.166497469,-0.003692594,-0.000987336,-2.10107762,-1.176676869,1.983652115,0.056422304,6.86E-05,0.000314953,-3.55E-09,0.008123832,0.028785363,-9.806850433,6.86E-05,0.000314953,-3.55E-09,126.6834641,0.136408782,-1.209882191,1.991831832,0.053495071,0.93244373,1,0.3,0,0,applied,clear_constant_wind,1.225,0
2026-01-24T14:02:41.414298,-203.6030121,-20.30352402,-3.162436247,-0.003699139,-0.001005546,-2.101077602,-1.177790046,1.982814431,0.056375135,0.000200103,0.000333078,-1.26E-08,0.008104973,0.028796682,-9.807022095,0.000200103,0.000333078,-1.26E-08,126.3559875,6.439821918,-1.211088977,1.990917617,0.053452275,0.932381605,1,0.3,0,0,applied,clear_constant_wind,1.225,0
2026-01-24T14:02:41.522203,-203.684433,-20.16673088,-3.158548355,-0.003705633,-0.001022852,-2.101077584,-1.178864956,1.982004404,0.056330666,0.000210845,0.000317949,-1.42E-08,0.008086211,0.02881114,-9.807010651,0.000210845,0.000317949,-1.42E-08,126.223938,6.424393557,-1.21224216,1.990042934,0.053411333,0.932322237,1,0.3,0,0,applied,clear_constant_wind,1.225,0
2026-01-24T14:02:41.631193,-203.776474,-20.01217079,-3.154156685,-0.003709453,-0.001033946,-2.101077573,-1.180089116,1.981080532,0.056285098,0.000154469,0.000434605,-1.85E-10,0.008069969,0.028829297,-9.806915283,0.000154469,0.000434605,-1.85E-10,126.0522766,6.424393557,-1.2135565,1.989044728,0.053364687,0.932254566,1,0.3,0,0,applied,clear_constant_wind,1.225,0
2026-01-24T14:02:41.741384,-203.8932953,-19.81609726,-3.148586273,-0.003711604,-0.001037078,-2.101077571,-1.181649327,1.979901314,0.056233764,0.000132493,0.000392361,-3.41E-09,0.008042389,0.02885215,-9.806792259,0.000132493,0.000392361,-3.41E-09,126.6623383,6.424393557,-1.21524206,1.987762586,0.053304819,0.932167776,1,0.3,0,0,applied,clear_constant_wind,1.225,0
2026-01-24T14:02:41.850885,-203.9854431,-19.66169739,-3.144202471,-0.003717073,-0.00105485,-2.101077552,-1.182880282,1.978969812,0.056180183,0.000147418,0.000377372,9.23E-10,0.008020611,0.028869361,-9.806946754,0.000114721,0.000363907,1.25E-10,126.5250092,6.411194535,-1.216578238,1.986744598,0.053257402,0.93209897,1,0.3,0,0,applied,clear_constant_wind,1.225,0
2026-01-24T14:02:41.962326,-204.0743256,-19.51330566,-3.139990568,-0.003723091,-0.001070311,-2.101077537,-1.18407023,1.978067756,0.056132939,0.000181114,0.000372102,9.75E-10,0.008001197,0.028884355,-9.806970596,0.000167146,0.000398844,5.65E-10,126.242424,6.411194535,-1.217859913,1.985766803,0.05321173,0.932032965,1,0.3,0,0,applied,clear_constant_wind,1.225,0
2026-01-24T14:02:42.072318,-204.163208,-19.3649826,-3.13578248,-0.00372809,-0.00108405,-2.101077278,-1.18526721,1.977159381,0.056086086,0.00019693,0.000398322,-6.88E-09,0.007981651,0.028899206,-9.806990623,0.00019693,0.000398322,-6.88E-09,126.0126648,6.399714466,-1.219152912,1.984779039,0.053165733,0.931966373,1,0.3,0,0,applied,clear_constant_wind,1.225,0
2026-01-24T14:02:42.183219,-204.2556458,-19.21079636,-3.131409883,-0.003733046,-0.001097712,-2.101077264,-1.186520576,1.976207495,0.056037258,0.000150032,0.000427338,-8.62E-09,0.007962068,0.028917558,-9.806943893,0.000150032,0.000427338,-8.62E-09,126.7996674,6.383217489,-1.220509965,1.983740904,0.053117528,0.931896477,1,0.3,0,0,applied,clear_constant_wind,1.225,0
2026-01-24T14:02:42.295577,-204.3766937,-19.00928307,-3.125696898,-0.003736772,-0.001104659,-2.101077381,-1.188170314,1.974951506,0.05598218,0.000177874,0.000412749,-2.23E-09,0.00793355,0.028940257,-9.806772232,0.000177874,0.000412749,-2.23E-09,126.5567017,6.383217489,-1.222294627,1.982373411,0.053054017,0.931804548,1,0.3,0,0,applied,clear_constant_wind,1.225,0
2026-01-24T14:02:42.402782,-204.4695282,-18.8552742,-3.121332884,-0.003742203,-0.001123387,-2.101077238,-1.189433575,1.973988891,0.055926137,0.000151728,0.000389382,1.10E-09,0.007912433,0.028957156,-9.806992531,0.000151728,0.000389382,1.10E-09,126.7758942,6.383217489,-1.223659635,1.981325757,0.053005309,0.93173423,1,0.3,0,0,applied,clear_constant_wind,1.225,0
2026-01-24T14:02:42.513839,-204.5587921,-18.7072525,-3.117140532,-0.003749157,-0.001141523,-2.10107722,-1.19065702,1.973055601,0.055876061,0.000155899,0.000391889,-1.35E-09,0.007891703,0.028974008,-9.806990623,0.000155899,0.000391889,-1.35E-09,126.5910339,0.137347722,-1.224984596,1.980307405,0.052958122,0.93166597,1,0.3,0,0,applied,clear_constant_wind,1.225,0
2026-01-24T14:02:42.623690,-204.6444855,-18.5652256,-3.113117933,-0.003755647,-0.001158912,-2.101077203,-1.191839576,1.972152114,0.055828493,0.000193478,0.00038991,-6.55E-10,0.007871591,0.028989146,-9.807008743,0.000193478,0.00038991,-6.55E-10,126.4404984,6.358798406,-1.226267604,1.979319955,0.052912345,0.931599866,1,0.3,0,0,applied,clear_constant_wind,1.225,0
2026-01-24T14:02:42.731301,-204.7410431,-18.40551758,-3.108598948,-0.003759833,-0.001170708,-2.101077191,-1.193179369,1.971127033,0.055778444,0.000129886,0.000442655,-6.70E-09,0.007851509,0.029009115,-9.806921005,0.000129886,0.000442655,-6.70E-09,126.1975327,6.358798406,-1.227716429,1.978203288,0.052860816,0.931525213,1,0.3,0,0,applied,clear_constant_wind,1.225,0
2026-01-24T14:02:42.841504,-204.8629608,-18.20452499,-3.102913618,-0.003763377,-0.001177775,-2.101077185,-1.194875717,1.96982646,0.05572141,0.000181905,0.000427705,8.66E-09,0.007822103,0.029031569,-9.806780815,0.000181905,0.000427705,8.66E-09,126.5382156,6.358798406,-1.229543424,1.976792741,0.052795585,0.931431066,1,0.3,0,0,applied,clear_constant_wind,1.225,0
2026-01-24T14:02:42.950494,-204.9526062,-18.05682182,-3.098736048,-0.003769256,-0.001197838,-2.101077164,-1.196124077,1.968868256,0.05566508,0.00019427,0.000409486,1.12E-08,0.007801244,0.029047143,-9.807033539,0.00019427,0.000409486,1.12E-08,126.4510574,6.343243396,-1.230901499,1.975742481,0.05274703,0.931361077,1,0.3,0,0,applied,clear_constant_wind,1.225,0
2026-01-24T14:02:43.062253,-205.0422516,-17.90918922,-3.094563723,-0.003775963,-0.001215926,-2.101077146,-1.197382212,1.967901349,0.055613827,0.000163042,0.000411615,1.45E-08,0.007779845,0.029066747,-9.806969643,0.000137448,0.000419833,1.53E-08,126.4431381,6.343243396,-1.232272339,1.974680829,0.052698219,0.931290425,1,0.3,0,0,applied,clear_constant_wind,1.225,0
2026-01-24T14:02:43.173860,-205.1321564,-17.76163101,-3.090394497,-0.003781563,-0.001231034,-2.101077009,-1.198647261,1.966927648,0.055564903,0.000199431,0.000417325,1.15E-09,0.007759282,0.029082667,-9.806985855,0.000182683,0.000445346,1.12E-09,126.5936737,6.331533346,-1.23364157,1.973618907,0.052649249,0.93121985,1,0.3,0,0,applied,clear_constant_wind,1.225,0
2026-01-24T14:02:43.279306,-205.2293854,-17.60235023,-3.085894823,-0.003786208,-0.001244427,-2.101076995,-1.200022936,1.965867281,0.055512048,0.000130032,0.000447882,7.27E-11,0.00773775,0.029102087,-9.806941032,0.000130032,0.000447882,7.27E-11,125.7961044,6.31793825,-1.235127517,1.972464745,0.052595961,0.931143253,1,0.3,0,0,applied,clear_constant_wind,1.225,0
2026-01-24T14:02:43.391322,-205.3482208,-17.40778923,-3.080402613,-0.003790705,-0.001254072,-2.101076987,-1.201714873,1.964560628,0.055453137,0.000149181,0.000400562,-6.93E-09,0.007707678,0.029125342,-9.806806564,0.000149181,0.000400562,-6.93E-09,126.601593,6.31793825,-1.236964488,1.971035446,0.052530315,0.931048554,1,0.3,0,0,applied,clear_constant_wind,1.225,0
2026-01-24T14:02:43.500534,-205.4346619,-17.26636887,-3.076411963,-0.003797004,-0.001274577,-2.101076965,-1.202945352,1.963609457,0.055398274,0.000253001,0.000375827,1.11E-09,0.007686891,0.029139331,-9.807076454,0.000235076,0.000417164,1.09E-09,126.6068802,6.31793825,-1.238314319,1.969983422,0.052482097,0.930978961,1,0.3,0,0,applied,clear_constant_wind,1.225,0
2026-01-24T14:02:43.609346,-205.5214539,-17.12502289,-3.072424412,-0.003803453,-0.001293112,-2.101076947,-1.204185367,1.962649107,0.055346861,0.000217263,0.000359564,5.54E-09,0.007664908,0.029156148,-9.807060242,0.000217263,0.000359564,5.54E-09,126.2450638,6.303565605,-1.239656445,1.968935936,0.052433859,0.93090976,1,0.3,0,0,applied,clear_constant_wind,1.225,0
2026-01-24T14:02:43.716260,-205.6118622,-16.97785568,-3.068275928,-0.00380944,-0.001310359,-2.10107693,-1.205487609,1.961639285,0.055294815,0.000185437,0.000447381,-2.98E-09,0.007646563,0.029174425,-9.806997299,0.000185437,0.000447381,-2.98E-09,126.5355682,6.303565605,-1.241068014,1.967832656,0.052383338,0.930836973,1,0.3,0,0,applied,clear_constant_wind,1.225,0
2026-01-24T14:02:43.824422,-205.7203522,-16.80135918,-3.063302517,-0.003813655,-0.001320221,-2.101076921,-1.207060456,1.960417509,0.055238873,8.96E-05,0.000415768,4.53E-09,0.007620063,0.029198917,-9.806869507,8.96E-05,0.000415768,4.53E-09,126.1341476,6.303565605,-1.242779893,1.966492461,0.052322109,0.930748693,1,0.3,0,0,applied,clear_constant_wind,1.225,0
2026-01-24T14:02:43.933757,-205.8290405,-16.6249733,-3.058334351,-0.003819248,-0.001336338,-2.101076782,-1.208641291,1.959187984,0.055177394,7.68E-05,0.000355734,-6.19E-10,0.007592028,0.029220616,-9.80688858,7.68E-05,0.000355734,-6.19E-10,126.4853897,6.291847592,-1.244500453,1.965143047,0.052260455,0.930659957,1,0.3,0,0,applied,clear_constant_wind,1.225,0
2026-01-24T14:02:44.043735,-205.9125671,-16.48982048,-3.054528713,-0.00382744,-0.00135971,-2.101076759,-1.209857225,1.958241105,0.055124138,0.000216405,0.000313235,-2.07E-09,0.007569419,0.029233016,-9.807126045,0.000216405,0.000313235,-2.07E-09,126.2582703,6.277502687,-1.245821743,1.964105127,0.052212946,0.930591808,1,0.3,0,0,applied,clear_constant_wind,1.225,0
2026-01-24T14:02:44.153503,-206.0033569,-16.34298515,-3.050396681,-0.003832942,-0.001377609,-2.101076741,-1.211190939,1.957201123,0.05507027,0.000201753,0.000454436,-1.03E-08,0.007552322,0.029250849,-9.807005882,0.000201753,0.000454436,-1.03E-08,126.519722,6.277502687,-1.247271835,1.962964366,0.052160954,0.930517009,1,0.3,0,0,applied,clear_constant_wind,1.225,0
2026-01-24T14:02:44.261279,-206.0905151,-16.20210266,-3.046433449,-0.003839674,-0.001396141,-2.101076723,-1.212479472,1.956194639,0.055018716,0.000206428,0.000438574,-1.44E-08,0.007530285,0.02926822,-9.807043076,0.000206428,0.000438574,-1.44E-08,125.9519196,6.263879515,-1.248677287,1.961857066,0.052110586,0.930444507,1,0.3,0,0,applied,clear_constant_wind,1.225,0
2026-01-24T14:02:44.372840,-206.2143402,-16.00263786,-3.040823936,-0.003842859,-0.001402186,-2.101076595,-1.214318991,1.954755068,0.05495815,0.000195021,0.000476931,-7.93E-09,0.007501089,0.029294159,-9.806782722,0.000195021,0.000476931,-7.93E-09,126.4748306,6.263879515,-1.250671099,1.960283424,0.052038828,0.930341644,1,0.3,0,0,applied,clear_constant_wind,1.225,0
2026-01-24T14:02:44.484365,-206.3128052,-15.84434509,-3.036374807,-0.003847939,-0.001421958,-2.101076574,-1.215781093,1.95360899,0.05489387,0.000129307,0.00042448,-8.45E-09,0.007474756,0.029316425,-9.806981087,9.23E-05,0.000400523,-9.64E-09,126.1605606,6.263879515,-1.252266016,1.959022243,0.051981411,0.930259352,1,0.3,0,0,applied,clear_constant_wind,1.225,0
2026-01-24T14:02:44.592520,-206.4039764,-15.69786167,-3.032259941,-0.003855249,-0.001441966,-2.101076555,-1.217141986,1.952540398,0.054837834,0.000196465,0.000411987,-2.36E-09,0.007452534,0.029331278,-9.807079315,0.000196465,0.000411987,-2.36E-09,126.305809,0.136660264,-1.253758427,1.957840202,0.0519278,0.930182343,1,0.3,0,0,applied,clear_constant_wind,1.225,0
2026-01-24T14:02:44.701203,-206.4915924,-15.55731297,-3.028313398,-0.003862732,-0.00146395,-2.101076533,-1.218458652,1.951505065,0.054782268,0.000214576,0.000418053,-4.39E-09,0.007430971,0.029348221,-9.807072639,0.000214576,0.000418053,-4.39E-09,126.3744736,6.237267609,-1.255200068,1.956696612,0.051875987,0.930107947,1,0.3,0,0,applied,clear_constant_wind,1.225,0
2026-01-24T14:02:44.811220,-206.5868073,-15.40513515,-3.024042368,-0.003868673,-0.0014815,-2.101076516,-1.219896793,1.950372577,0.054726075,0.000159011,0.000483947,-2.48E-09,0.007409889,0.029368948,-9.806996346,0.000159011,0.000483947,-2.48E-09,126.028511,6.237267609,-1.256760026,1.955457219,0.051819744,0.930027439,1,0.3,0,0,applied,clear_constant_wind,1.225,0
2026-01-24T14:02:44.923695,-206.711319,-15.20626926,-3.018464088,-0.003872917,-0.001490727,-2.101076508,-1.221791267,1.94887805,0.054662153,0.000197928,0.000476047,-1.11E-09,0.007377896,0.029394194,-9.806797981,0.000197928,0.000476047,-1.11E-09,126.7072296,6.237267609,-1.258825352,1.953813178,0.051745404,0.929920839,1,0.3,0,0,applied,clear_constant_wind,1.225,0
2026-01-24T14:02:45.030506,-206.7992096,-15.06598473,-3.014530897,-0.003880461,-0.001516772,-2.101076482,-1.223130345,1.947820306,0.054599177,0.000241175,0.00042781,2.21E-09,0.007354602,0.029411392,-9.807098389,0.000206867,0.000445735,1.79E-09,126.1024551,6.224617825,-1.260300981,1.952636359,0.051692351,0.929844668,1,0.3,0,0,applied,clear_constant_wind,1.225,0
2026-01-24T14:02:45.141300,-206.8874359,-14.92577744,-3.010601521,-0.003887867,-0.001537977,-2.101076339,-1.224479795,1.946752906,0.054543547,0.000217423,0.000389464,5.38E-09,0.00733187,0.029429816,-9.807065964,0.000202085,0.00044484,4.58E-09,126.1024551,6.213130355,-1.261770827,1.951462342,0.051639259,0.929768789,1,0.3,0,0,applied,clear_constant_wind,1.225,0
2026-01-24T14:02:45.249752,-206.9793701,-14.77980995,-3.006512642,-0.003893731,-0.001555792,-2.101076321,-1.225895405,1.945631266,0.05448788,0.000222398,0.000470815,-8.48E-10,0.007310663,0.029448655,-9.807026863,0.000199518,0.000504118,-2.44E-09,126.3586273,6.213130355,-1.263315881,1.950226294,0.051583503,0.929689021,1,0.3,0,0,applied,clear_constant_wind,1.225,0
2026-01-24T14:02:45.357609,-207.0860138,-14.61059284,-3.001774788,-0.00389756,-0.001567363,-2.10107631,-1.227547526,1.944319487,0.054426949,0.000123081,0.000497624,-1.46E-08,0.007284878,0.029472239,-9.806947708,0.000123081,0.000497624,-1.46E-08,126.2265778,6.213130355,-1.265128869,1.948773333,0.051518166,0.929595411,1,0.3,0,0,applied,clear_constant_wind,1.225,0
2026-01-24T14:02:45.465702,-207.2002869,-14.42983341,-2.996716976,-0.003904702,-0.001586465,-2.101076292,-1.229325056,1.942906022,0.054358136,8.24E-05,0.000364851,-1.03E-08,0.007250716,0.029497916,-9.806872368,0.000105435,0.000376949,-8.78E-09,126.2635574,6.197244586,-1.267074632,1.947210879,0.05144794,0.929494936,1,0.3,0,0,applied,clear_constant_wind,1.225,0
2026-01-24T14:02:45.575680,-207.2962952,-14.2783308,-2.992479563,-0.003910692,-0.001607886,-2.10107627,-1.230819941,1.94171524,0.054295316,0.000246848,0.00046441,-2.40E-09,0.007229565,0.029512089,-9.807110786,0.000246848,0.00046441,-2.40E-09,126.1684799,6.197244586,-1.268716212,1.945890197,0.051388575,0.929410159,1,0.3,0,0,applied,clear_constant_wind,1.225,0
2026-01-24T14:02:45.685671,-207.3849182,-14.13856411,-2.988572121,-0.003919606,-0.001634522,-2.101076122,-1.232211351,1.940605402,0.054234143,0.000211423,0.000416685,-2.39E-09,0.00720512,0.029531578,-9.807120323,0.000211423,0.000416685,-2.39E-09,126.4220123,0.137415368,-1.270248129,1.944655679,0.051333239,0.929331039,1,0.3,0,0,applied,clear_constant_wind,1.225,0
2026-01-24T14:02:45.794792,-207.4736023,-13.99887753,-2.984669685,-0.003927907,-0.001658836,-2.101076099,-1.233615518,1.939483404,0.05417585,0.000212348,0.000443455,-2.96E-09,0.007182957,0.02955021,-9.807090759,0.000212348,0.000443455,-2.96E-09,126.3823929,6.173167452,-1.271792323,1.943409247,0.051277578,0.929251278,1,0.3,0,0,applied,clear_constant_wind,1.225,0
2026-01-24T14:02:45.902942,-207.5885468,-13.81856918,-2.979634762,-0.00393264,-0.001671072,-2.101076088,-1.235444546,1.938018918,0.054111373,9.33E-05,0.000448209,-6.76E-09,0.007154006,0.029578412,-9.80687809,9.33E-05,0.000448209,-6.76E-09,126.4985962,6.173167452,-1.273785811,1.941797164,0.051205425,0.929148299,1,0.3,0,0,applied,clear_constant_wind,1.225,0
2026-01-24T14:02:46.013477,-207.6997833,-13.64420891,-2.9747684,-0.003939008,-0.00169179,-2.101076068,-1.237223268,1.93659234,0.054040045,7.84E-05,0.000386685,-9.58E-09,0.007123205,0.029602207,-9.806938171,7.84E-05,0.000386685,-9.58E-09,126.3612671,6.173167452,-1.275741183,1.940212608,0.051134726,0.929047279,1,0.3,0,0,applied,clear_constant_wind,1.225,0
2026-01-24T14:02:46.123165,-207.7888184,-13.50481224,-2.970879793,-0.003947976,-0.001719758,-2.101076041,-1.238652825,1.935444117,0.053976569,0.000231344,0.000407984,-6.31E-09,0.007099545,0.029616507,-9.807169914,0.000231344,0.000407984,-6.31E-09,126.4404984,6.158285616,-1.277321558,1.938929545,0.051077613,0.928965624,1,0.3,0,0,applied,clear_constant_wind,1.225,0
2026-01-24T14:02:46.230517,-207.881897,-13.35969639,-2.96683383,-0.003955433,-0.001743998,-2.101075895,-1.240155816,1.934234858,0.053914037,0.00020269,0.000487078,-2.38E-09,0.007077868,0.02963678,-9.8070755,0.00020269,0.000487078,-2.38E-09,126.3639069,6.158285616,-1.2789641,1.937593748,0.051018037,0.928880749,1,0.3,0,0,applied,clear_constant_wind,1.225,0
2026-01-24T14:02:46.339384,-207.9712524,-13.22047138,-2.962954283,-0.003963563,-0.001768146,-2.101075872,-1.241609216,1.933063507,0.053854462,0.000219245,0.00047364,-4.53E-09,0.007053433,0.029655652,-9.807113647,0.000219245,0.00047364,-4.53E-09,126.3295746,6.146714748,-1.280558512,1.936294873,0.050960317,0.928798354,1,0.3,0,0,applied,clear_constant_wind,1.225,0
2026-01-24T14:02:46.449605,-208.0941315,-13.0291748,-2.957626343,-0.003967096,-0.001776807,-2.101075864,-1.243623734,1.931436419,0.053786129,0.000145616,0.000490008,-1.23E-08,0.007021573,0.029685106,-9.806846619,0.000145616,0.000490008,-1.23E-08,126.4193726,6.146714748,-1.282778571,1.934482675,0.050880013,0.928683615,1,0.3,0,0,applied,clear_constant_wind,1.225,0
2026-01-24T14:02:46.558352,-208.1950684,-12.87277794,-2.95327282,-0.003974398,-0.001803835,-2.101075715,-1.245277286,1.930098891,0.053712308,0.000129453,0.000445985,-2.30E-08,0.006994033,0.029706255,-9.807071686,0.000129453,0.000445985,-2.30E-08,126.1235809,6.133282529,-1.284593539,1.932997995,0.050814054,0.928589802,1,0.3,0,0,applied,clear_constant_wind,1.225,0
2026-01-24T14:02:46.672408,-208.2885284,-12.72806454,-2.949246883,-0.003983606,-0.001831653,-2.101075689,-1.246819973,1.928848386,0.053646334,0.00018696,0.000468191,-1.93E-08,0.00696893,0.029725056,-9.807125092,0.00018696,0.000468191,-1.93E-08,125.7776184,6.133282529,-1.286294384,1.931604081,0.050752359,0.928501879,1,0.3,0,0,applied,clear_constant_wind,1.225,0
2026-01-24T14:02:46.794075,-208.3932037,-12.56609631,-2.944743872,-0.003990228,-0.001852355,-2.10107567,-1.248562932,1.927433252,0.053578272,0.000113656,0.000496318,-2.29E-08,0.006942122,0.029750085,-9.80700016,0.000113656,0.000496318,-2.29E-08,126.2133789,6.119545723,-1.28822315,1.930020337,0.05068256,0.928402164,1,0.3,0,0,applied,clear_constant_wind,1.225,0
2026-01-24T14:02:46.904701,-208.4907837,-12.41580486,-2.940567493,-0.003998308,-0.001878218,-2.101075645,-1.25019145,1.926109314,0.053510595,0.000183528,0.000503996,-1.47E-08,0.006914687,0.029770946,-9.807064056,0.00015554,0.000499092,-1.43E-08,126.3427811,6.119545723,-1.290010939,1.928549475,0.050617544,0.928309727,1,0.3,0,0,applied,clear_constant_wind,1.225,0
2026-01-24T14:02:47.012512,-208.6033936,-12.24252033,-2.935754776,-0.004003287,-0.001894285,-2.101075508,-1.252083302,1.924567461,0.053439859,0.000116171,0.000501856,-4.86E-09,0.006885213,0.029796209,-9.806974411,0.000116171,0.000501856,-4.86E-09,126.3269348,6.119545723,-1.29210019,1.926827062,0.050541644,0.928201692,1,0.3,0,0,applied,clear_constant_wind,1.225,0
2026-01-24T14:02:47.123851,-208.7198334,-12.06360722,-2.930788994,-0.004011829,-0.00191981,-2.101075484,-1.254052162,1.922959685,0.053360786,7.71E-05,0.000376922,-3.72E-09,0.006849358,0.02982353,-9.806941986,7.71E-05,0.000376922,-3.72E-09,126.728363,6.108148739,-1.2942855,1.925021376,0.050462325,0.928088677,1,0.3,0,0,applied,clear_constant_wind,1.225,0
2026-01-24T14:02:47.233087,-208.8065186,-11.9309597,-2.92710948,-0.004022606,-0.001954416,-2.101075452,-1.255520105,1.921759129,0.053292561,0.000248052,0.000322197,-7.86E-11,0.006824578,0.029838042,-9.80723381,0.000251744,0.000407156,-1.01E-10,126.4167252,0.132365069,-1.295907715,1.923678267,0.050403242,0.928004773,1,0.3,0,0,applied,clear_constant_wind,1.225,0
2026-01-24T14:02:47.341404,-208.9045105,-11.78111267,-2.922955275,-0.004029121,-0.001978701,-2.101075428,-1.257196546,1.920385361,0.053224526,0.000216119,0.000533974,-1.39E-09,0.006802868,0.029859662,-9.807099342,0.000216119,0.000533974,-1.39E-09,126.2926025,0.132365069,-1.297763422,1.922139006,0.050335779,0.927908784,1,0.3,0,0,applied,clear_constant_wind,1.225,0
2026-01-24T14:02:47.449825,-208.9949646,-11.64288712,-2.919125319,-0.004038845,-0.00200847,-2.101075279,-1.25875628,1.919105291,0.053157978,0.000222325,0.000480973,-8.24E-09,0.006775719,0.029879957,-9.807175636,0.000222325,0.000480973,-8.24E-09,126.4114456,6.080877156,-1.299497554,1.920697846,0.050272827,0.927819074,1,0.3,0,0,applied,clear_constant_wind,1.225,0
2026-01-24T14:02:47.558301,-209.1160431,-11.45873165,-2.91402626,-0.004044434,-0.002024236,-2.101075265,-1.260855913,1.917378187,0.053083196,0.000111049,0.000476024,-1.40E-08,0.006742439,0.029911198,-9.806895256,0.000111049,0.000476024,-1.40E-08,125.9440002,6.080877156,-1.301808113,1.918773532,0.050188647,0.927699532,1,0.3,0,0,applied,clear_constant_wind,1.225,0
2026-01-24T14:02:47.667379,-209.2220001,-11.29773235,-2.909570932,-0.004052496,-0.002054077,-2.101075236,-1.262702703,1.915856361,0.053003095,0.000102516,0.000442794,-6.82E-09,0.006712223,0.029934626,-9.807062149,0.000102516,0.000442794,-6.82E-09,126.2661972,6.080877156,-1.303859327,1.917061253,0.050113989,0.927593394,1,0.3,0,0,applied,clear_constant_wind,1.225,0
2026-01-24T14:02:47.778741,-209.312912,-11.15983486,-2.905757427,-0.004063232,-0.002088155,-2.101074961,-1.264297009,1.914540172,0.052932311,0.000223489,0.00044206,-1.89E-09,0.006685949,0.029953172,-9.807182312,0.000206249,0.000485571,-2.31E-09,125.9492798,6.069978824,-1.30563404,1.915576776,0.050049438,0.927501554,1,0.3,0,0,applied,clear_constant_wind,1.225,0
2026-01-24T14:02:47.889304,-209.4040985,-11.02203274,-2.90194869,-0.004071854,-0.002116439,-2.101075057,-1.265904665,1.91321075,0.052865211,0.000256719,0.000445696,-9.79E-09,0.006660693,0.029972943,-9.807170868,0.000243184,0.000517901,-9.04E-09,126.028511,0,-1.307410439,1.91408809,0.049984639,0.927409617,1,0.3,0,0,applied,clear_constant_wind,1.225,0
2026-01-24T14:02:47.997671,-209.5028839,-10.87285709,-2.897828102,-0.004078229,-0.002139597,-2.101075036,-1.267660379,1.911755681,0.052795343,0.00022728,0.000588082,-1.39E-09,0.006636084,0.029995069,-9.80712986,0.00022728,0.000588082,-1.39E-09,126.324295,0,-1.309359506,1.912451465,0.04991367,0.927308734,1,0.3,0,0,applied,clear_constant_wind,1.225,0
2026-01-24T14:02:48.109539,-209.6322784,-10.67795181,-2.892448664,-0.004085004,-0.002158181,-2.101074897,-1.269977331,1.909830689,0.052712955,0.00020879,0.000533963,-4.08E-09,0.006596931,0.0300267,-9.806854248,0.00020879,0.000533963,-4.08E-09,126.4774704,0,-1.311932257,1.910285938,0.049820014,0.927175551,1,0.3,0,0,applied,clear_constant_wind,1.225,0
2026-01-24T14:02:48.218644,-209.7314606,-10.52903938,-2.88834095,-0.004093779,-0.002193801,-2.101074864,-1.271755934,1.908350229,0.052629158,0.0001816,0.000502061,-4.99E-09,0.006568511,0.030048899,-9.807191849,0.0001816,0.000502061,-4.99E-09,126.1499939,6.042581222,-1.313913154,1.908614549,0.049747716,0.927072995,1,0.3,0,0,applied,clear_constant_wind,1.225,0
2026-01-24T14:02:48.324752,-209.8191986,-10.39740658,-2.884711981,-0.004105974,-0.002231475,-2.101074708,-1.27334404,1.907026172,0.052557539,0.000224547,0.000390882,-1.16E-08,0.006539846,0.030069787,-9.807231903,0.000210985,0.00046501,-1.16E-08,125.8674088,6.031218091,-1.315688123,1.907113915,0.049683035,0.926981089,1,0.3,0,0,applied,clear_constant_wind,1.225,0
2026-01-24T14:02:48.434780,-209.9147797,-10.25443077,-2.880772591,-0.004113997,-0.002259339,-2.101074683,-1.275086641,1.905570269,0.052486748,0.000248385,0.00054521,-2.42E-09,0.006516031,0.030091716,-9.807138443,0.000222312,0.000588387,-1.67E-09,126.010025,6.031218091,-1.317625968,1.905472343,0.0496123,0.92688074,1,0.3,0,0,applied,clear_constant_wind,1.225,0
2026-01-24T14:02:48.541403,-210.0220184,-10.09442902,-2.876366615,-0.0041201,-0.002281259,-2.101074664,-1.277053118,1.903923512,0.052410882,0.000162623,0.000604666,-1.18E-08,0.006486863,0.030117733,-9.807079315,0.000162623,0.000604666,-1.18E-08,126.5619812,0,-1.319812827,1.903615757,0.049532368,0.926767484,1,0.3,0,0,applied,clear_constant_wind,1.225,0
2026-01-24T14:02:48.652579,-210.1446075,-9.911739349,-2.871340513,-0.00412917,-0.002308453,-2.101074518,-1.27932024,1.902021289,0.052323524,0.000120441,0.000443933,1.75E-09,0.006444979,0.030148834,-9.806901932,0.000160136,0.000477258,2.13E-09,125.9677658,0,-1.322350478,1.901455923,0.04943989,0.926636042,1,0.3,0,0,applied,clear_constant_wind,1.225,0
2026-01-24T14:02:48.761366,-210.2407379,-9.769140244,-2.867419481,-0.004137832,-0.002342565,-2.101074487,-1.281096578,1.900527716,0.05224387,0.0003109,0.000486571,1.91E-09,0.006418773,0.030166641,-9.807277679,0.00028925,0.00054779,1.48E-09,126.0628433,0,-1.324336226,1.89976175,0.04936718,0.926533174,1,0.3,0,0,applied,clear_constant_wind,1.225,0
2026-01-24T14:02:48.872883,-210.3330231,-9.632351875,-2.863660812,-0.004148254,-0.002378558,-2.101074333,-1.282818556,1.899077415,0.052166928,0.000265698,0.000428694,1.14E-09,0.006389951,0.030189976,-9.807254791,0.000244128,0.000509427,1.11E-09,126.3823929,6.004693946,-1.326268297,1.898109921,0.04929659,0.926433076,1,0.3,0,0,applied,clear_constant_wind,1.225,0
2026-01-24T14:02:48.980374,-210.4253693,-9.495667458,-2.859907389,-0.004159049,-0.002415559,-2.101074301,-1.284559011,1.89760828,0.052090771,0.00025034,0.000505157,-7.10E-09,0.00636321,0.030211065,-9.807247162,0.00025034,0.000505157,-7.10E-09,126.0469971,5.992335418,-1.328221461,1.896436591,0.049225293,0.926331873,1,0.3,0,0,applied,clear_constant_wind,1.225,0
2026-01-24T14:02:49.088681,-210.5450439,-9.319275856,-2.855067492,-0.004166502,-0.002438827,-2.101074159,-1.286831498,1.895685434,0.052007221,9.05E-05,0.000510189,-5.16E-09,0.006328386,0.030245285,-9.806962967,9.05E-05,0.000510189,-5.16E-09,125.9836121,5.992335418,-1.33075188,1.89426352,0.049132723,0.926200745,1,0.3,0,0,applied,clear_constant_wind,1.225,0
2026-01-24T14:02:49.199348,-210.6647186,-9.143063545,-2.850236654,-0.004175532,-0.002472038,-2.10107413,-1.289120555,1.893744707,0.051913805,8.14E-05,0.00042662,4.26E-09,0.006289463,0.030274594,-9.807003975,8.14E-05,0.00042662,4.26E-09,126.3295746,5.992335418,-1.333326896,1.892046101,0.049038761,0.926067286,1,0.3,0,0,applied,clear_constant_wind,1.225,0
2026-01-24T14:02:49.308806,-210.7576904,-9.006766319,-2.846502066,-0.004187521,-0.002515325,-2.101074093,-1.290903211,1.892230392,0.051830217,0.000272695,0.00044723,2.84E-09,0.006261921,0.030292463,-9.807313919,0.000255582,0.000507982,3.20E-09,126.1077347,5.978030198,-1.335325967,1.890320439,0.048965491,0.925963664,1,0.3,0,0,applied,clear_constant_wind,1.225,0
2026-01-24T14:02:49.420700,-210.8584595,-8.859235764,-2.842463017,-0.00419636,-0.002549287,-2.101073941,-1.292855263,1.890568018,0.051748119,0.000223988,0.000586574,-2.67E-09,0.00623472,0.03031696,-9.807214737,0.000223988,0.000586574,-2.67E-09,126.3137283,5.978030198,-1.337518873,1.888423197,0.048885296,0.925849981,1,0.3,0,0,applied,clear_constant_wind,1.225,0
2026-01-24T14:02:49.529387,-210.9515228,-8.723167419,-2.838740349,-0.004208236,-0.002589701,-2.101073907,-1.294673085,1.889016747,0.051667821,0.000241408,0.000519851,-1.11E-08,0.006203506,0.030339599,-9.807297707,0.000241408,0.000519851,-1.11E-08,126.2371445,0.131905184,-1.339569032,1.886645418,0.048810414,0.925743686,1,0.3,0,0,applied,clear_constant_wind,1.225,0
2026-01-24T14:02:49.637499,-211.0721436,-8.547579765,-2.833940268,-0.004216069,-0.00261595,-2.101073763,-1.297047973,1.886985064,0.051579379,9.48E-05,0.000522854,-2.72E-09,0.006167195,0.030374372,-9.806980133,9.48E-05,0.000522854,-2.72E-09,126.0839691,0.131905184,-1.342225769,1.884335839,0.04871312,0.925605924,1,0.3,0,0,applied,clear_constant_wind,1.225,0
2026-01-24T14:02:49.747411,-211.1849823,-8.383491516,-2.829457283,-0.004226275,-0.002655291,-2.101073607,-1.299286127,1.885066271,0.051483322,8.24E-05,0.000455564,-1.51E-08,0.006130215,0.030402457,-9.807099342,8.24E-05,0.000455564,-1.51E-08,126.7204361,5.953481142,-1.34475563,1.882130432,0.048620535,0.925474721,1,0.3,0,0,applied,clear_constant_wind,1.225,0
2026-01-24T14:02:49.855908,-211.2786865,-8.247820854,-2.825753212,-0.004239079,-0.00270134,-2.101073569,-1.301152706,1.883462548,0.051397316,0.000253985,0.000472577,-4.35E-09,0.006099878,0.030420953,-9.807373047,0.000253985,0.000472577,-4.35E-09,125.883255,5.953481142,-1.34685574,1.880295112,0.04854342,0.925365792,1,0.3,0,0,applied,clear_constant_wind,1.225,0
2026-01-24T14:02:49.965770,-211.3685303,-8.117913246,-2.822209358,-0.004251241,-0.002744751,-2.101073412,-1.302960753,1.881905794,0.051315915,0.000285319,0.000446952,-2.32E-09,0.006072294,0.030443942,-9.807309151,0.000267354,0.000540373,-2.75E-09,126.4325714,0.132488713,-1.348893273,1.878510515,0.04846876,0.925260096,1,0.3,0,0,applied,clear_constant_wind,1.225,0
2026-01-24T14:02:50.073968,-211.4701691,-7.971190929,-2.81820941,-0.004259038,-0.002776467,-2.101073385,-1.305024981,1.88012445,0.051233329,0.000244533,0.000668454,-9.02E-09,0.006045484,0.030469336,-9.807224274,0.000244533,0.000668454,-9.02E-09,126.2820435,0.132488713,-1.351224668,1.876463734,0.048383371,0.925139142,1,0.3,0,0,applied,clear_constant_wind,1.225,0
2026-01-24T14:02:50.187503,-211.6035004,-7.77953434,-2.812988997,-0.004267564,-0.002804168,-2.101073241,-1.307752132,1.877764583,0.0511344,0.000231444,0.00060158,-1.38E-08,0.006000301,0.030505121,-9.806901932,0.000231444,0.00060158,-1.38E-08,125.9307938,0.132488713,-1.354293899,1.87376136,0.048270713,0.924979884,1,0.3,0,0,applied,clear_constant_wind,1.225,0
2026-01-24T14:02:50.294827,-211.7094269,-7.62750864,-2.808852434,-0.004277752,-0.002850383,-2.101073203,-1.309929729,1.87587595,0.051030904,0.000139324,0.000533261,-2.34E-08,0.005965717,0.03053331,-9.80727005,0.000139324,0.000533261,-2.34E-08,125.9756927,5.92931456,-1.356773905,1.871571244,0.048179947,0.92485118,1,0.3,0,0,applied,clear_constant_wind,1.225,0
2026-01-24T14:02:50.406224,-211.8039093,-7.492503643,-2.805181742,-0.004292345,-0.002901345,-2.101073041,-1.311885118,1.874176025,0.050940398,0.000224832,0.000485814,-2.59E-08,0.005932199,0.030555671,-9.807393074,0.000224832,0.000485814,-2.59E-08,126.3823929,5.915273572,-1.358985352,1.869613358,0.048098772,0.924736398,1,0.3,0,0,applied,clear_constant_wind,1.225,0
2026-01-24T14:02:50.513985,-211.8983917,-7.357622147,-2.801517248,-0.004304626,-0.002947264,-2.101072883,-1.31386292,1.872452497,0.050853048,0.000264574,0.000553104,-1.70E-08,0.005903267,0.030578906,-9.807342529,0.000264574,0.000553104,-1.70E-08,126.4220123,5.915273572,-1.361230762,1.867620616,0.048016539,0.924619839,1,0.3,0,0,applied,clear_constant_wind,1.225,0
2026-01-24T14:02:50.621411,-212.0049286,-7.206029892,-2.797401667,-0.004314264,-0.002984961,-2.101072853,-1.316112399,1.87048769,0.050761655,0.000157076,0.000656472,-2.20E-08,0.005872648,0.030609749,-9.807185173,0.000157076,0.000656472,-2.20E-08,126.6412125,5.902579523,-1.363776607,1.865355402,0.047923149,0.924487667,1,0.3,0,0,applied,clear_constant_wind,1.225,0
2026-01-24T14:02:50.731391,-212.1353455,-7.020967484,-2.792381763,-0.004324277,-0.003020107,-2.101072704,-1.318890333,1.868054628,0.050657801,0.000188037,0.000561594,-1.32E-08,0.005825588,0.030644448,-9.806949615,0.000188037,0.000561594,-1.32E-08,126.2186584,5.902579523,-1.366930791,1.862540252,0.047807423,0.924323885,1,0.3,0,0,applied,clear_constant_wind,1.225,0
2026-01-24T14:02:50.840520,-212.2303772,-6.886528969,-2.788738489,-0.00433642,-0.003071871,-2.101072542,-1.320919156,1.866273761,0.050558973,0.000343092,0.000509655,-1.70E-08,0.005793513,0.030665452,-9.807463646,0.000315735,0.000586674,-1.66E-08,126.1658401,5.902579523,-1.369251261,1.860463063,0.047722286,0.924203375,1,0.3,0,0,applied,clear_constant_wind,1.225,0
2026-01-24T14:02:50.950746,-212.325592,-6.752218723,-2.785101891,-0.004348799,-0.003120148,-2.101072506,-1.322971106,1.864467978,0.050466079,0.000292203,0.000480082,-2.34E-08,0.005758832,0.030690692,-9.807452202,0.000292203,0.000480082,-2.34E-08,125.5927505,5.892219754,-1.371592206,1.858362255,0.047636412,0.924081787,1,0.3,0,0,applied,clear_constant_wind,1.225,0
2026-01-24T14:02:51.060489,-212.4248047,-6.612451553,-2.781320572,-0.00436094,-0.003168198,-2.101072225,-1.325134039,1.862560034,0.050371166,0.00024021,0.000632359,-2.33E-08,0.005731033,0.030718341,-9.807335854,0.00024021,0.000632359,-2.33E-08,126.3031693,5.87711978,-1.374068263,1.856134384,0.04754574,0.923953163,1,0.3,0,0,applied,clear_constant_wind,1.225,0
2026-01-24T14:02:51.169782,-212.544281,-6.44492197,-2.776791096,-0.004371383,-0.003207129,-2.101072197,-1.327759266,1.860237837,0.050268564,9.02E-05,0.00056359,-1.54E-08,0.005689372,0.03075555,-9.807096481,9.02E-05,0.00056359,-1.54E-08,125.973053,5.87711978,-1.377055757,1.853438379,0.047435871,0.923797947,1,0.3,0,0,applied,clear_constant_wind,1.225,0
2026-01-24T14:02:51.278772,-212.6598206,-6.283175945,-2.772423506,-0.004383994,-0.003259026,-2.101072037,-1.330321789,1.857964993,0.050156973,8.21E-05,0.000477547,-9.99E-09,0.005647333,0.030786892,-9.80717659,8.21E-05,0.000477547,-9.99E-09,126.0866089,5.87711978,-1.379998443,1.850774239,0.047328084,0.923645034,1,0.3,0,0,applied,clear_constant_wind,1.225,0
2026-01-24T14:02:51.387526,-212.7557678,-6.149468899,-2.768815994,-0.004398911,-0.003318031,-2.101071872,-1.332461238,1.856063008,0.050056305,0.000277956,0.000498674,-7.27E-09,0.005613271,0.03080726,-9.80751133,0.000277956,0.000498674,-7.27E-09,126.3982391,5.865528047,-1.382447374,1.84855062,0.047238124,0.923517759,1,0.3,0,0,applied,clear_constant_wind,1.225,0
2026-01-24T14:02:51.498510,-212.8517151,-6.015899181,-2.76521492,-0.004412311,-0.003372867,-2.101071834,-1.334626794,1.854132652,0.049958054,0.000287341,0.000574126,-1.14E-08,0.005583371,0.030835072,-9.807378769,0.000249136,0.000635984,-1.22E-08,126.2635574,0.132231398,-1.384938033,1.846283024,0.04714679,0.923388298,1,0.3,0,0,applied,clear_constant_wind,1.225,0
2026-01-24T14:02:51.604941,-212.9519653,-5.87691164,-2.761471272,-0.00442387,-0.00342031,-2.101071678,-1.336906195,1.852095485,0.049861792,0.000281415,0.000646753,-2.06E-08,0.005549482,0.030860938,-9.807419777,0.000281415,0.000646753,-2.06E-08,125.6614151,0.132231398,-1.387548254,1.84389997,0.047050944,0.923252602,1,0.3,0,0,applied,clear_constant_wind,1.225,0
2026-01-24T14:02:51.715157,-213.0843964,-5.693685055,-2.756542444,-0.004434848,-0.003461788,-2.101071405,-1.339953899,1.849363089,0.049746733,0.000181419,0.000587397,-1.64E-08,0.005501383,0.030901985,-9.806980133,0.000181419,0.000587397,-1.64E-08,125.9836121,0.132231398,-1.391056298,1.840686521,0.046922595,0.923070201,1,0.3,0,0,applied,clear_constant_wind,1.225,0
2026-01-24T14:02:51.826338,-213.1810303,-5.560599804,-2.75296402,-0.004448512,-0.003524117,-2.101071363,-1.342181921,1.847361445,0.04963671,0.000364097,0.000519195,-1.25E-08,0.005464404,0.030922413,-9.807635307,0.000364097,0.000519195,-1.25E-08,126.2846832,5.839672614,-1.393629052,1.838322001,0.046827919,0.922936407,1,0.3,0,0,applied,clear_constant_wind,1.225,0
2026-01-24T14:02:51.933544,-213.2736816,-5.433196068,-2.749542713,-0.004464186,-0.003587719,-2.101071199,-1.344345212,1.845412493,0.049532581,0.000320777,0.000441853,-1.43E-08,0.005428598,0.030949712,-9.807575226,0.000320777,0.000441853,-1.43E-08,125.8198776,5.839672614,-1.39613332,1.836014022,0.046736178,0.922806156,1,0.3,0,0,applied,clear_constant_wind,1.225,0
2026-01-24T14:02:52.041437,-213.370575,-5.300397873,-2.745980501,-0.004478063,-0.003645972,-2.101071039,-1.346632123,1.843346477,0.049431037,0.000293706,0.00060679,-2.70E-08,0.005399359,0.030977702,-9.807463646,0.000293706,0.00060679,-2.70E-08,125.8806152,5.828539172,-1.398770857,1.833576373,0.046639657,0.922668953,1,0.3,0,0,applied,clear_constant_wind,1.225,0
2026-01-24T14:02:52.152947,-213.4999695,-5.123567104,-2.741240501,-0.004488014,-0.003686619,-2.101070891,-1.349719763,1.840548515,0.049316548,0.000127185,0.000608346,-1.56E-08,0.005353644,0.0310206,-9.807047844,0.000127185,0.000608346,-1.56E-08,126.1103821,5.828539172,-1.402341696,1.830264923,0.046508759,0.922483169,1,0.3,0,0,applied,clear_constant_wind,1.225,0
2026-01-24T14:02:52.261464,-213.6135101,-4.969061375,-2.737103939,-0.00450192,-0.00375269,-2.101070605,-1.352445006,1.838071585,0.049189236,0.000101844,0.00051224,-1.24E-08,0.005310226,0.031052748,-9.807343483,0.000101844,0.00051224,-1.24E-08,126.4853897,5.816287154,-1.405505299,1.827320275,0.04639276,0.922318541,1,0.3,0,0,applied,clear_constant_wind,1.225,0
2026-01-24T14:02:52.371577,-213.7149811,-4.83128643,-2.733418465,-0.004518608,-0.003822947,-2.10107044,-1.354905963,1.835828662,0.049073592,0.000242538,0.000578674,-2.00E-08,0.005273541,0.031078089,-9.807548523,0.000242538,0.000578674,-2.00E-08,126.2529907,5.816287154,-1.408378663,1.8246369,0.046287435,0.922168991,1,0.3,0,0,applied,clear_constant_wind,1.225,0
2026-01-24T14:02:52.479560,-213.8085938,-4.704683781,-2.730036974,-0.004535864,-0.003893913,-2.101070275,-1.357198596,1.833733559,0.048964757,0.000302021,0.000443065,-1.81E-08,0.005233308,0.031103905,-9.807645798,0.000302021,0.000443065,-1.81E-08,125.8383636,5.802861426,-1.411044801,1.82213945,0.046189978,0.922030205,1,0.3,0,0,applied,clear_constant_wind,1.225,0
2026-01-24T14:02:52.586724,-213.9145203,-4.561743259,-2.726222277,-0.004548761,-0.003954378,-2.101069995,-1.359826088,1.831324816,0.048851509,0.0002186,0.000728816,-1.73E-08,0.005204166,0.03113677,-9.807395935,0.0002186,0.000728816,-1.73E-08,126.583107,5.802861426,-1.414106902,1.819262032,0.046078082,0.921870781,1,0.3,0,0,applied,clear_constant_wind,1.225,0
2026-01-24T14:02:52.695966,-214.0534515,-4.375107288,-2.721247673,-0.004561762,-0.004008618,-2.101069965,-1.363308549,1.828121424,0.048721492,0.000264481,0.000678844,-1.45E-08,0.005149017,0.031178296,-9.80698967,0.000264481,0.000678844,-1.45E-08,125.6640625,5.802861426,-1.418164256,1.815434396,0.045929755,0.921659499,1,0.3,0,0,applied,clear_constant_wind,1.225,0
2026-01-24T14:02:52.803904,-214.1475067,-4.249039173,-2.717890024,-0.004579734,-0.004092762,-2.101069674,-1.365681171,1.825933337,0.048593752,0.000369245,0.000467278,-2.36E-08,0.005106494,0.031201866,-9.807826996,0.000369245,0.000467278,-2.36E-08,125.9307938,5.791666664,-1.420965823,1.812781426,0.045827265,0.921513582,1,0.3,0,0,applied,clear_constant_wind,1.225,0
2026-01-24T14:02:52.913814,-214.2460175,-4.117652416,-2.714396238,-0.004596387,-0.004168565,-2.101069389,-1.368194818,1.823607564,0.048474416,0.000299892,0.000574976,-3.98E-08,0.005072408,0.031233054,-9.807619095,0.000299892,0.000574976,-3.98E-08,126.1394272,5.778962176,-1.423905952,1.809988386,0.04571991,0.921360423,1,0.3,0,0,applied,clear_constant_wind,1.225,0
2026-01-24T14:02:53.023873,-214.3445282,-3.986434698,-2.710909605,-0.004612789,-0.004241312,-2.101069229,-1.370742321,1.821243763,0.048359096,0.000294019,0.000627533,-3.17E-08,0.005037212,0.031265426,-9.807529449,0.000252196,0.000702267,-3.10E-08,125.9994583,5.778962176,-1.426906046,1.807128992,0.045610464,0.921204114,1,0.3,0,0,applied,clear_constant_wind,1.225,0
2026-01-24T14:02:53.132666,-214.4722443,-3.81719923,-2.706419468,-0.004623401,-0.004293645,-2.101069081,-1.374074697,1.818140864,0.048230868,0.00011645,0.000677543,-3.48E-08,0.004989408,0.031307705,-9.807206154,0.00011645,0.000677543,-3.48E-08,126.0549164,5.778962176,-1.430819039,1.803385188,0.045467785,0.921000202,1,0.3,0,0,applied,clear_constant_wind,1.225,0
2026-01-24T14:02:53.241572,-214.5919189,-3.659145117,-2.702230453,-0.004640927,-0.004377319,-2.101068918,-1.377228498,1.815194488,0.048084736,5.73E-05,0.00043874,-3.31E-08,0.004935594,0.031345803,-9.807370186,5.73E-05,0.00043874,-3.31E-08,126.0654831,5.765603723,-1.434553062,1.799797411,0.045331582,0.920805574,1,0.3,0,0,applied,clear_constant_wind,1.225,0
2026-01-24T14:02:53.351546,-214.6911621,-3.528537035,-2.698772669,-0.004660956,-0.004468973,-2.101068631,-1.37986958,1.812719107,0.047953963,0.000294957,0.00046675,-3.25E-08,0.004894816,0.031369455,-9.807801247,0.000294957,0.00046675,-3.25E-08,126.3903198,5.765603723,-1.437692593,1.796769286,0.04521706,0.920641902,1,0.3,0,0,applied,clear_constant_wind,1.225,0
2026-01-24T14:02:53.460515,-214.7864838,-3.403539896,-2.695468664,-0.004680301,-0.004557723,-2.101068347,-1.382438779,1.810303926,0.047828868,0.000332131,0.000410124,-3.27E-08,0.00485409,0.031397987,-9.807799339,0.000332131,0.000410124,-3.27E-08,126.0337906,5.75541063,-1.440739825,1.793820025,0.045106298,0.920483013,1,0.3,0,0,applied,clear_constant_wind,1.225,0
2026-01-24T14:02:53.568537,-214.8943939,-3.262441397,-2.691743374,-0.004695671,-0.004636068,-2.10106807,-1.385388017,1.807521939,0.047699105,0.0002188,0.000746041,-2.61E-08,0.004822891,0.031434543,-9.807519913,0.0002188,0.000746041,-2.61E-08,125.9704056,5.741260735,-1.444243233,1.790416829,0.044979129,0.920300304,1,0.3,0,0,applied,clear_constant_wind,1.225,0
2026-01-24T14:02:53.679514,-215.0359497,-3.078258514,-2.686887741,-0.004711678,-0.004710717,-2.101067918,-1.38930428,1.8038131,0.04754959,0.000273885,0.000679657,-1.17E-08,0.004761738,0.031479686,-9.80704689,0.000273885,0.000679657,-1.17E-08,126.1050949,5.741260735,-1.448898974,1.785873575,0.04481019,0.920057443,1,0.3,0,0,applied,clear_constant_wind,1.225,0
2026-01-24T14:02:53.788878,-215.1360626,-2.948476315,-2.683469772,-0.004731503,-0.004815951,-2.101067634,-1.392094612,1.801162243,0.047398042,0.000351878,0.000546423,-1.08E-08,0.004717186,0.031507399,-9.807932854,0.000351878,0.000546423,-1.08E-08,126.0258713,5.741260735,-1.452252237,1.782586617,0.044688368,0.919882484,1,0.3,0,0,applied,clear_constant_wind,1.225,0
2026-01-24T14:02:53.898578,-215.2364044,-2.818886995,-2.680062532,-0.00475217,-0.004915718,-2.101067232,-1.394930959,1.79845798,0.047259092,0.000287481,0.000535404,-1.26E-08,0.004674693,0.031541623,-9.80780983,0.000287481,0.000535404,-1.26E-08,125.568985,5.729216996,-1.455654479,1.779238964,0.044565212,0.919704936,1,0.3,0,0,applied,clear_constant_wind,1.225,0
2026-01-24T14:02:54.007529,-215.3369598,-2.689494133,-2.676664829,-0.004771982,-0.005012253,-2.101066955,-1.397811174,1.795702457,0.047123861,0.000300311,0.000591385,-1.82E-08,0.004634053,0.031573959,-9.807795525,0.000300311,0.000591385,-1.82E-08,126.142067,5.718509157,-1.459109572,1.775826167,0.044440298,0.919524595,1,0.3,0,0,applied,clear_constant_wind,1.225,0
2026-01-24T14:02:54.115503,-215.4628754,-2.528034687,-2.672431469,-0.004787834,-0.00509506,-2.101066686,-1.401469231,1.792188883,0.046973761,8.02E-05,0.000605513,-1.47E-08,0.004583362,0.031622153,-9.807332993,8.02E-05,0.000605513,-1.47E-08,125.883255,5.718509157,-1.463516233,1.771454108,0.044281371,0.919294535,1,0.3,0,0,applied,clear_constant_wind,1.225,0
2026-01-24T14:02:54.226643,-215.5850067,-2.372260809,-2.668352842,-0.004808126,-0.00520322,-2.101066412,-1.405056,1.788730621,0.046806958,6.05E-05,0.000416597,-2.56E-08,0.00452264,0.031664647,-9.807407379,5.35E-05,0.000385573,-2.45E-08,126.1156616,5.718509157,-1.467849635,1.767133458,0.044124953,0.919068243,1,0.3,0,0,applied,clear_constant_wind,1.225,0
2026-01-24T14:02:54.334905,-215.6820679,-2.24893117,-2.665127754,-0.004830649,-0.005313723,-2.101066139,-1.407932997,1.785947204,0.046663664,0.000304767,3.76E-05,-2.36E-08,0.004474992,0.031688571,-9.808099747,0.000342966,0.000309432,-2.32E-08,125.5927505,5.704223551,-1.471352612,1.763625258,0.043998566,0.918885275,1,0.3,0,0,applied,clear_constant_wind,1.225,0
2026-01-24T14:02:54.444068,-215.787735,-2.115097761,-2.661633968,-0.004848745,-0.005419867,-2.10106575,-1.41111362,1.782858491,0.04651095,0.000360984,0.000583501,-2.35E-08,0.004440129,0.031721074,-9.807891846,0.000360984,0.000583501,-2.35E-08,126.332222,5.704223551,-1.475233998,1.759721748,0.04385914,0.9186825,1,0.3,0,0,applied,clear_constant_wind,1.225,0
2026-01-24T14:02:54.551444,-215.8937531,-1.981497884,-2.658151865,-0.004870247,-0.005534619,-2.101065362,-1.414346337,1.779706836,0.046355486,0.000260649,0.000633812,-2.11E-08,0.004396134,0.031759538,-9.807861328,0.000260649,0.000633812,-2.11E-08,125.5610657,5.692244696,-1.479171415,1.755744235,0.043717912,0.918476752,1,0.3,0,0,applied,clear_constant_wind,1.225,0
2026-01-24T14:02:54.661540,-216.0339966,-1.805513024,-2.653573513,-0.004891706,-0.00564574,-2.101064977,-1.418697596,1.775445342,0.046179693,0.000195174,0.000515211,-3.33E-08,0.00432962,0.031811412,-9.807188988,0.000195174,0.000515211,-3.33E-08,126.26091,5.692244696,-1.48449195,1.750341057,0.043527724,0.918198656,1,0.3,0,0,applied,clear_constant_wind,1.225,0
2026-01-24T14:02:54.771556,-216.1319275,-1.683108091,-2.650392771,-0.004915446,-0.005779252,-2.101064594,-1.421762109,1.772432923,0.046013165,0.000421577,0.000158845,-3.61E-08,0.004272299,0.031837564,-9.80838871,0.000421577,0.000158845,-3.61E-08,125.3497849,5.68152201,-1.488289757,1.746464111,0.043391853,0.9180001,1,0.3,0,0,applied,clear_constant_wind,1.225,0
2026-01-24T14:02:54.879561,-216.2344666,-1.555605531,-2.647086143,-0.00493848,-0.005912348,-2.101064216,-1.425023198,1.769214153,0.045845341,0.000353255,0.000449866,-3.62E-08,0.004236202,0.031874023,-9.808060646,0.000353255,0.000449866,-3.62E-08,125.9888992,5.68152201,-1.492308339,1.742343356,0.043248671,0.917789954,1,0.3,0,0,applied,clear_constant_wind,1.225,0
2026-01-24T14:02:54.988550,-216.3371887,-1.428337097,-2.64379096,-0.004962398,-0.006044006,-2.10106372,-1.428342581,1.765924573,0.04568395,0.000310893,0.000512752,-4.26E-08,0.004193277,0.031914286,-9.80794239,0.000256526,0.000620667,-4.11E-08,126.2133789,5.667204511,-1.496411735,1.738115939,0.043102937,0.917575323,1,0.3,0,0,applied,clear_constant_wind,1.225,0
2026-01-24T14:02:55.095091,-216.4745178,-1.259019017,-2.63941431,-0.00497993,-0.006153752,-2.101063353,-1.432849407,1.761437774,0.045503601,0.00010914,0.000558414,-4.11E-08,0.004130652,0.03196701,-9.807391167,0.00010914,0.000558414,-4.11E-08,126.2186584,5.667204511,-1.502009801,1.732316337,0.042904401,0.917282432,1,0.3,0,0,applied,clear_constant_wind,1.225,0
2026-01-24T14:02:55.205107,-216.5993195,-1.105950356,-2.635465622,-0.005006065,-0.006313929,-2.101062616,-1.437001944,1.757283926,0.045293264,8.10E-06,0.000197113,-3.38E-08,0.004062111,0.032013752,-9.807746887,8.10E-06,0.000197113,-3.38E-08,126.2318649,5.667204511,-1.507218056,1.72688676,0.042720217,0.917009851,1,0.3,0,0,applied,clear_constant_wind,1.225,0
2026-01-24T14:02:55.314122,-216.6986389,-0.98481071,-2.632346392,-0.005036468,-0.006482672,-2.10106191,-1.440351963,1.753918767,0.045110624,0.000298129,-6.18E-06,-3.17E-08,0.004004019,0.032041658,-9.808501244,0.000298129,-6.18E-06,-3.17E-08,126.223938,5.655661964,-1.511429623,1.72247217,0.042571622,0.916789374,1,0.3,0,0,applied,clear_constant_wind,1.225,0
2026-01-24T14:02:55.425143,-216.802475,-0.858654916,-2.62910533,-0.005062505,-0.00664279,-2.101061092,-1.443921685,1.750316858,0.044927664,0.000345786,0.000364818,-3.07E-08,0.003966304,0.032077193,-9.808220863,0.000345786,0.000364818,-3.07E-08,125.8859024,5.644373229,-1.515923582,1.717737635,0.042414175,0.916554055,1,0.3,0,0,applied,clear_constant_wind,1.225,0
2026-01-24T14:02:55.531655,-216.9152374,-0.72228241,-2.625608921,-0.005087032,-0.006798621,-2.101060377,-1.447866559,1.746317506,0.044740241,0.000204246,0.000601074,-3.01E-08,0.003920624,0.032122593,-9.808004379,0.000204246,0.000601074,-3.01E-08,126.0522766,5.644373229,-1.520905382,1.712460024,0.042240441,0.916293121,1,0.3,0,0,applied,clear_constant_wind,1.225,0
2026-01-24T14:02:55.641801,-217.0632019,-0.544426799,-2.621058941,-0.005113028,-0.00696389,-2.101059401,-1.453139901,1.740941525,0.044523217,0.000281188,0.000498886,-3.95E-08,0.003842033,0.032177832,-9.807262421,0.000281188,0.000498886,-3.95E-08,125.5082474,5.644373229,-1.527596733,1.705322703,0.042007861,0.915942527,1,0.3,0,0,applied,clear_constant_wind,1.225,0
2026-01-24T14:02:55.751670,-217.1635742,-0.424426526,-2.617994308,-0.005143717,-0.00716441,-2.101058391,-1.456761241,1.737233043,0.044306256,0.000426119,9.11E-05,-4.59E-08,0.003783565,0.032211933,-9.80862999,0.000380512,0.000269773,-4.47E-08,125.587471,5.629753245,-1.532251986,1.700323956,0.041846204,0.915698536,1,0.3,0,0,applied,clear_constant_wind,1.225,0
2026-01-24T14:02:55.859545,-217.2730103,-0.294285685,-2.614679575,-0.005170625,-0.007347168,-2.101057292,-1.460784554,1.733091474,0.044101879,0.000318861,0.000341822,-5.44E-08,0.003731627,0.032253772,-9.808387756,0.000318861,0.000341822,-5.44E-08,125.7564926,5.629753245,-1.537424209,1.694737752,0.041668075,0.915427373,1,0.3,0,0,applied,clear_constant_wind,1.225,0
2026-01-24T14:02:55.969680,-217.3739471,-0.174833849,-2.611643076,-0.005201941,-0.007544058,-2.101056302,-1.464561343,1.729185343,0.043900963,0.000351652,1.72E-05,-4.72E-08,0.003675061,0.032294329,-9.808513641,0.000318828,0.000268383,-4.65E-08,126.4589844,5.618297437,-1.542300787,1.689439402,0.041500794,0.915171637,1,0.3,0,0,applied,clear_constant_wind,1.225,0
2026-01-24T14:02:56.077645,-217.5103912,-0.014266679,-2.60757184,-0.005224795,-0.007721346,-2.101055322,-1.469770074,1.723767042,0.043676306,5.87E-05,0.000384155,-3.69E-08,0.003613147,0.03235396,-9.807696342,5.87E-05,0.000384155,-3.69E-08,126.2793961,5.618297437,-1.549062532,1.682041768,0.041270375,0.91481692,1,0.3,0,0,applied,clear_constant_wind,1.225,0
2026-01-24T14:02:56.188590,-217.6428986,0.140634716,-2.603654146,-0.005258027,-0.007960552,-2.101053964,-1.474922776,1.718374968,0.043412909,-2.45E-05,-0.000185366,-3.47E-08,0.003526173,0.032408424,-9.807928085,-2.45E-05,-0.000185366,-3.47E-08,126.0311508,5.605710029,-1.55582287,1.674585652,0.041041086,0.914462139,1,0.3,0,0,applied,clear_constant_wind,1.225,0
2026-01-24T14:02:56.297968,-217.7492371,0.264201999,-2.600537062,-0.005293336,-0.00820919,-2.101052628,-1.479131579,1.713946819,0.043173004,0.000339041,-0.000148872,-4.52E-08,0.003470995,0.032441802,-9.808796883,0.000307541,3.23E-05,-4.47E-08,125.650856,5.605710029,-1.561395768,1.66839348,0.040853295,0.914169572,1,0.3,0,0,applied,clear_constant_wind,1.225,0
2026-01-24T14:02:56.404157,-217.8514252,0.382317066,-2.597565651,-0.005326944,-0.008446529,-2.101051154,-1.48325789,1.709581494,0.042947371,0.000361024,-0.000607971,-5.43E-08,0.003393727,0.032480426,-9.80907917,0.000361024,-0.000607971,-5.43E-08,125.5003204,5.592173148,-1.866882866,1.662255791,0.040670001,1,0,0,0,0,suppressed_near_checkpoint,clear_constant_wind,1.225,0
2026-01-24T14:02:56.512685,-217.9629364,0.510358632,-2.594446421,-0.015358651,-0.014696116,-2.100986649,-1.49139452,1.704772711,0.039311867,-0.080466077,-0.05428835,-0.000102841,0.001726024,0.034845099,-9.880000114,-0.080466077,-0.05428835,-0.000102841,125.8145905,5.592173148,-1.872996799,1.655367678,0.040507274,1,0,0,0,0,suppressed_near_checkpoint,clear_constant_wind,1.225,0
2026-01-24T14:02:56.625070,-218.1161957,0.683898091,-2.590759754,-0.024738792,-0.020285807,-2.100885052,-1.515391707,1.697844028,0.033570342,-0.052124877,-0.034802616,-0.000110094,0.002126366,0.03474921,-9.848087311,-0.052124877,-0.034802616,-0.000110094,125.5082474,5.592173148,-1.881410691,1.645798193,0.04052309,1,0,0,0,0,suppressed_near_checkpoint,clear_constant_wind,1.225,0
2026-01-24T14:02:56.734266,-218.2352905,0.816120684,-2.588235378,-0.027714189,-0.022387445,-2.10083775,-1.538964033,1.692363143,0.031455055,-0.022465561,-0.014271224,-8.74E-05,0.002597004,0.034353122,-9.826761246,-0.022465561,-0.014271224,-8.74E-05,125.6402893,5.539246382,-1.887801301,1.638460077,0.040679531,1,0,0,0,0,suppressed_near_checkpoint,clear_constant_wind,1.225,0
2026-01-24T14:02:56.841617,-218.3422699,0.932724535,-2.586087227,-0.028743512,-0.023248622,-2.100818654,-1.561403275,1.687354565,0.030958686,-0.005652362,-0.003731199,-6.73E-05,0.002768189,0.034378976,-9.812568665,-0.005652362,-0.003731199,-6.73E-05,126.0892487,5.462259044,-1.893371104,1.632015676,0.040874147,1,0,0,0,0,suppressed_near_checkpoint,clear_constant_wind,1.225,0
2026-01-24T14:02:56.951705,-218.4555359,1.054023981,-2.583848715,-0.02872353,-0.023460429,-2.100816636,-1.585259199,1.681969762,0.031320821,0.006570804,0.004148915,-5.03E-05,0.002869025,0.034588113,-9.802750587,0.006917024,0.004566804,-4.97E-05,126.2318649,5.462259044,-1.899093801,1.625347227,0.041098993,1,0,0,0,0,suppressed_near_checkpoint,clear_constant_wind,1.225,0
2026-01-24T14:02:57.060598,-218.594696,1.200069427,-2.581079245,-0.027782757,-0.023084297,-2.100831026,-1.613647342,1.675289154,0.032425802,0.01501392,0.009763438,-3.58E-05,0.002864301,0.034990728,-9.796947479,0.01501392,0.009763438,-3.58E-05,126.3850403,5.462259044,-1.905865386,1.617394736,0.04136909,1,0,0,0,0,suppressed_near_checkpoint,clear_constant_wind,1.225,0
2026-01-24T14:02:57.169797,-218.7461395,1.355536699,-2.577994585,-0.02619697,-0.02233449,-2.100853932,-1.642669916,1.667975307,0.03393741,0.019249229,0.012002951,-2.56E-05,0.002759978,0.035546571,-9.794573784,0.019249229,0.012002951,-2.56E-05,126.1684799,5.437554369,-1.912939421,1.609015118,0.041630783,1,0,0,0,0,suppressed_near_checkpoint,clear_constant_wind,1.225,0
2026-01-24T14:02:57.279561,-218.8651886,1.475427389,-2.575507402,-0.024784398,-0.021673218,-2.10087265,-1.663896918,1.662220716,0.035145104,0.020898694,0.013149009,-2.02E-05,0.002667427,0.035991997,-9.794717789,0.020898694,0.013149009,-2.02E-05,125.9360733,5.42813563,-1.918314612,1.602598321,0.041805148,1,0,0,0,0,suppressed_near_checkpoint,clear_constant_wind,1.225,0
2026-01-24T14:02:57.389935,-218.985733,1.594899774,-2.572935343,-0.023318685,-0.020950394,-2.10089164,-1.683967829,1.656361699,0.0362835,0.021046296,0.013688743,-1.64E-05,0.00256817,0.036451265,-9.795332909,0.021046296,0.013688743,-1.64E-05,126.1922455,5.42813563,-1.923613492,1.596230292,0.041952216,1,0,0,0,0,suppressed_near_checkpoint,clear_constant_wind,1.225,0
2026-01-24T14:02:57.499949,-219.1025543,1.708995342,-2.570396662,-0.02192646,-0.020246562,-2.100908349,-1.702092767,1.650667548,0.03728332,0.020582417,0.013457581,-1.36E-05,0.002460569,0.036899254,-9.796273232,0.020519011,0.013730638,-1.35E-05,125.5531387,5.431916889,-1.92864058,1.590149634,0.042067279,1,0,0,0,0,suppressed_near_checkpoint,clear_constant_wind,1.225,0
2026-01-24T14:02:57.609533,-219.2774353,1.876933336,-2.566525936,-0.019939981,-0.019089009,-2.100933746,-1.726926088,1.64214766,0.038595077,0.01905274,0.013390913,-1.08E-05,0.002313361,0.037486896,-9.797201157,0.01905274,0.013390913,-1.08E-05,125.6006775,5.431916889,-1.936011398,1.581164023,0.04219238,1,0,0,0,0,suppressed_near_checkpoint,clear_constant_wind,1.225,0
2026-01-24T14:02:57.718934,-219.4233093,2.014581203,-2.563245773,-0.018434893,-0.018286887,-2.100950732,-1.745684862,1.635097146,0.039482854,0.017489905,0.012218993,-8.90E-06,0.002173387,0.037946701,-9.798941612,0.017489905,0.012218993,-8.90E-06,125.7195206,5.431916889,-1.942055554,1.573732698,0.042256579,1,0,0,0,0,suppressed_near_checkpoint,clear_constant_wind,1.225,0
2026-01-24T14:02:57.827693,-219.5548401,2.136978865,-2.560259104,-0.017201617,-0.017647264,-2.100962075,-1.761263847,1.628751636,0.040141996,0.016303433,0.011665506,-7.46E-06,0.002063155,0.038320452,-9.800331116,0.016303433,0.011665506,-7.46E-06,125.5795517,5.441545203,-1.947471369,1.567024916,0.042286889,1,0,0,0,0,suppressed_near_checkpoint,clear_constant_wind,1.225,0
2026-01-24T14:02:57.937933,-219.6821747,2.254030704,-2.557349443,-0.016112445,-0.017082755,-2.100971746,-1.775271177,1.622609019,0.040667579,0.015058104,0.010970603,-6.30E-06,0.001959212,0.038655281,-9.801386833,0.015058104,0.010970603,-6.30E-06,126.2926025,0.130743682,-1.952716534,1.560483692,0.042294031,1,0,0,0,0,suppressed_near_checkpoint,clear_constant_wind,1.225,0
2026-01-24T14:02:58.046158,-219.8158417,2.375487566,-2.554282188,-0.015072694,-0.01652989,-2.100980991,-1.788958073,1.616159439,0.041122168,0.013712006,0.010496393,-5.31E-06,0.001866303,0.038979456,-9.802191734,0.013712006,0.010496393,-5.31E-06,125.8198776,0.130743682,-1.958265034,1.553515513,0.042280118,1,0,0,0,0,suppressed_near_checkpoint,clear_constant_wind,1.225,0
2026-01-24T14:02:58.158709,-219.9992371,2.539889336,-2.550061941,-0.0138035,-0.015791689,-2.100992524,-1.806233287,1.60731709,0.041636847,0.012042068,0.009466523,-4.26E-06,0.00173191,0.039379418,-9.802381516,0.012042068,0.009466523,-4.26E-06,126.0813293,0.130743682,-1.966008294,1.543706005,0.042227457,1,0,0,0,0,suppressed_near_checkpoint,clear_constant_wind,1.225,0
2026-01-24T14:02:58.268980,-220.1405792,2.664999247,-2.546804428,-0.012949938,-0.015391594,-2.100998473,-1.818486691,1.600537419,0.041885078,0.01080387,0.008454131,-3.47E-06,0.001632791,0.039653182,-9.80414772,0.01080387,0.008454131,-3.47E-06,126.3295746,0.126608483,-1.972175015,1.535821676,0.042160248,1,0,0,0,0,suppressed_near_checkpoint,clear_constant_wind,1.225,0
2026-01-24T14:02:58.377580,-220.2774048,2.784796,-2.543656349,-0.012217574,-0.015083152,-2.101002006,-1.829613924,1.593948841,0.042055409,0.009751162,0.007614646,-2.82E-06,0.001538657,0.039895535,-9.804899216,0.009751162,0.007614646,-2.82E-06,126.0786896,0.126608483,-1.978348323,1.527863679,0.042077203,1,0,0,0,0,suppressed_near_checkpoint,clear_constant_wind,1.225,0
2026-01-24T14:02:58.487770,-220.4095154,2.899333239,-2.54062438,-0.011586189,-0.014858092,-2.101004727,-1.839766502,1.58754456,0.042156901,0.008894568,0.006774262,-2.29E-06,0.001450136,0.040107101,-9.805606842,0.008894568,0.006774262,-2.29E-06,125.9255142,5.455618326,-1.984586488,1.519754626,0.041980339,1,0,0,0,0,suppressed_near_checkpoint,clear_constant_wind,1.225,0
2026-01-24T14:02:58.595195,-220.5589905,3.02763176,-2.537206173,-0.010946799,-0.014640067,-2.101006653,-1.850653172,1.580221534,0.042221822,0.007806455,0.006209059,-1.80E-06,0.00137141,0.040330991,-9.805704117,0.007806455,0.006209059,-1.80E-06,125.7908249,5.453071172,-1.992075139,1.509928867,0.04185042,1,0,0,0,0,suppressed_near_checkpoint,clear_constant_wind,1.225,0
2026-01-24T14:03:00.088739,-221.9730682,4.199137211,-2.788620234,0.112588894,-0.018103023,-2.099186735,-0.600052536,0.490912944,-0.102856383,-0.154066756,0.025484432,0.000178811,0.0008322,0.008660853,-9.568110466,-0.154066756,0.025484432,0.000178811,125.8753357,5.489790018,-1.154587047,2.02898996,0.131819062,0.935285862,1,0.3,0,0,applied,clear_constant_wind,1.225,0
2026-01-24T14:03:00.207704,-222.0197449,4.237495899,-2.78943944,0.019726109,0.032201759,-2.095813128,-0.561686337,0.469131082,0.108137473,-0.948231459,0.469285011,0.00664024,0.011987016,0.026712716,-8.55930233,-0.948231459,0.469285011,0.00664024,125.9387207,5.489790018,-1.153642898,2.029647817,0.132106258,0.935334316,1,0.3,0,0,applied,clear_constant_wind,1.225,0
2026-01-24T14:03:00.317768,-222.0597534,4.272271633,-2.781303644,-0.045328468,0.065661107,-2.095752726,-0.553090394,0.505791545,0.089921013,-0.752272546,0.336624324,0.007564248,0.01119104,0.02833271,-10.86736202,-0.752272546,0.336624324,0.007564248,126.2477112,5.639739031,-1.152917022,2.0301934,0.131707578,0.935371566,1,0.3,0,0,applied,clear_constant_wind,1.225,0
2026-01-24T14:03:00.426185,-222.1016846,4.313031673,-2.777606249,-0.08484092,0.084965684,-2.096477408,-0.568305433,0.585978806,0.010496098,-0.391558498,0.177525058,0.006466657,0.006144226,0.017264485,-10.79721546,-0.391558498,0.177525058,0.006466657,125.8119507,6.139473541,-1.15229342,2.030642706,0.131658728,0.935403566,1,0.3,0,0,applied,clear_constant_wind,1.225,0
2026-01-24T14:03:00.534879,-222.1561737,4.373175144,-2.779737711,-0.108394072,0.094875751,-2.096913858,-0.606040895,0.709636211,-0.047088113,-0.152015463,0.047667839,0.004655392,0.002108037,0.010027409,-10.24464035,-0.152015463,0.047667839,0.004655392,126.4563446,6.139473541,-1.1517152,2.031025431,0.13213129,0.935433237,1,0.3,0,0,applied,clear_constant_wind,1.225,0
2026-01-24T14:03:00.643964,-222.2107391,4.440175533,-2.784548044,-0.11591294,0.095811844,-2.096670818,-0.648959935,0.830512643,-0.058188941,-0.030938325,-0.02078023,0.003284831,0.000369251,0.007464647,-9.880651474,-0.030938325,-0.02078023,0.003284831,125.8938217,6.139473541,-1.151364848,2.031230425,0.132827101,0.935451214,1,0.3,0,0,applied,clear_constant_wind,1.225,0
2026-01-24T14:03:00.754023,-222.2588043,4.503518105,-2.788465977,-0.115705942,0.093084753,-2.096143897,-0.685969114,0.928421974,-0.048653614,0.030091345,-0.053622209,0.00245598,-0.000219941,0.006790876,-9.710044861,0.030091345,-0.053622209,0.00245598,126.2318649,6.15320138,-1.151207495,2.031303126,0.133433197,0.935459289,1,0.3,0,0,applied,clear_constant_wind,1.225,0
2026-01-24T14:03:00.861597,-222.3116913,4.576842308,-2.79144454,-0.111847481,0.088313695,-2.095434519,-0.724105537,1.025968313,-0.029821353,0.067724891,-0.073048897,0.001833851,-0.000344217,0.006976843,-9.622676849,0.067724891,-0.073048897,0.001833851,126.0179443,6.15320138,-1.151164461,2.031295513,0.134015841,0.935461497,1,0.3,0,0,applied,clear_constant_wind,1.225,0
2026-01-24T14:03:00.969764,-222.3651123,4.653925419,-2.792828321,-0.106109429,0.082725583,-2.094704426,-0.75939703,1.114245415,-0.008386049,0.087862559,-0.082285322,0.001407831,-0.000165522,0.007663608,-9.590751648,0.087862559,-0.082285322,0.001407831,125.9809723,0.150959609,-1.151231277,2.031216046,0.134495923,0.935458068,1,0.3,0,0,applied,clear_constant_wind,1.225,0
2026-01-24T14:03:01.082422,-222.4449921,4.773551941,-2.792116404,-0.096339698,0.074142404,-2.093708353,-0.806220949,1.229311228,0.021891117,0.099662535,-0.085609861,0.000997291,0.000382185,0.009114921,-9.595918655,0.099662535,-0.085609861,0.000997291,126.0020981,0.150959609,-1.151493472,2.03099363,0.135024355,0.935444614,1,0.3,0,0,applied,clear_constant_wind,1.225,0
2026-01-24T14:03:01.189733,-222.5066528,4.868675709,-2.789698362,-0.088754191,0.067800944,-2.093051363,-0.837904751,1.306171894,0.042191282,0.100690253,-0.083737679,0.000789953,0.000907123,0.010365486,-9.612988472,0.100690253,-0.083737679,0.000789953,126.3586273,6.107698729,-1.151800998,2.030755215,0.135303801,0.935428834,1,0.3,0,0,applied,clear_constant_wind,1.225,0
2026-01-24T14:03:01.298693,-222.5706024,4.969320297,-2.785850763,-0.081254117,0.061675183,-2.092474922,-0.867154479,1.376549959,0.059951022,0.097972035,-0.079801865,0.000634521,0.001478851,0.011671424,-9.637844086,0.097972035,-0.079801865,0.000634521,126.223938,6.107698729,-1.152196543,2.030459233,0.135500937,0.935408537,1,0.3,0,0,applied,clear_constant_wind,1.225,0
2026-01-24T14:03:01.409021,-222.6339722,5.070688248,-2.780996084,-0.074338094,0.056106421,-2.091999059,-0.892954469,1.438224077,0.074486628,0.093287244,-0.074968413,0.000519279,0.002042115,0.012925386,-9.662314415,0.093287244,-0.074968413,0.000519279,125.9624863,6.077591749,-1.152652547,2.030124797,0.135624068,0.935385138,1,0.3,0,0,applied,clear_constant_wind,1.225,0
2026-01-24T14:03:01.517990,-222.710144,5.194283962,-2.774124622,-0.066765635,0.05007169,-2.091533394,-0.920322239,1.503261328,0.088616736,0.086403653,-0.068715341,0.000414454,0.00269264,0.014347762,-9.688739777,0.086403653,-0.068715341,0.000414454,126.4325714,6.077591749,-1.15327062,2.029677308,0.135700144,0.93535342,1,0.3,0,0,applied,clear_constant_wind,1.225,0
2026-01-24T14:03:01.628754,-222.8027191,5.346541405,-2.764670372,-0.05863153,0.043635111,-2.091092959,-0.949026048,1.571053624,0.1017818,0.077599898,-0.061232708,0.000319897,0.003422141,0.015924811,-9.715908051,0.077599898,-0.061232708,0.000319897,126.2529907,6.077591749,-1.154105988,2.029077865,0.135715853,0.93531055,1,0.3,0,0,applied,clear_constant_wind,1.225,0
2026-01-24T14:03:01.737878,-222.8717346,5.461261749,-2.757060528,-0.053274783,0.03940343,-2.090834912,-0.967669964,1.614845991,0.109339915,0.071211211,-0.055972748,0.00026563,0.003918856,0.016989201,-9.732316017,0.071211211,-0.055972748,0.00026563,126.350708,6.014186666,-1.154780107,2.028596427,0.135688539,0.935275954,1,0.3,0,0,applied,clear_constant_wind,1.225,0
2026-01-24T14:03:01.846302,-222.9420166,5.5789814,-2.748958588,-0.048378503,0.035539146,-2.090620929,-0.984596908,1.654404163,0.115479879,0.064965874,-0.050952978,0.000220694,0.004383743,0.017981946,-9.746448517,0.064965874,-0.050952978,0.000220694,126.1473541,5.952634904,-1.155505787,2.028079314,0.135636274,0.93523871,1,0.3,0,0,applied,clear_constant_wind,1.225,0
2026-01-24T14:03:01.956134,-223.0164795,5.704480648,-2.740097523,-0.043745172,0.031883783,-2.090436783,-1.000555158,1.691490889,0.120618209,0.058807254,-0.046048995,0.000181881,0.00485009,0.018973798,-9.759037971,0.058553819,-0.045855768,0.000180473,126.5461349,5.952634904,-1.156310452,2.027506582,0.135561528,0.93519741,1,0.3,0,0,applied,clear_constant_wind,1.225,0
2026-01-24T14:03:02.064167,-223.1073151,5.858533859,-2.729016066,-0.038770708,0.027962934,-2.090260151,-1.01766336,1.73097682,0.125415832,0.051948287,-0.040684801,0.00014401,0.005322129,0.019979551,-9.770243645,0.051948287,-0.040684801,0.00014401,125.8991013,5.952634904,-1.157337873,2.026775574,0.135451447,0.935144676,1,0.3,0,0,applied,clear_constant_wind,1.225,0
2026-01-24T14:03:02.174330,-223.1996002,6.015915871,-2.717559814,-0.034385636,0.02449203,-2.090121379,-1.032782316,1.765570402,0.12901552,0.045740265,-0.035926558,0.000113827,0.005758107,0.02091375,-9.779367447,0.045740265,-0.035926558,0.000113827,126.1975327,5.923194492,-1.158426047,2.026001087,0.135325763,0.935088819,1,0.3,0,0,applied,clear_constant_wind,1.225,0
2026-01-24T14:03:02.284484,-223.274353,6.143938065,-2.708188772,-0.031263059,0.022005277,-2.090031799,-1.043603659,1.790102601,0.131210893,0.041359801,-0.032436322,9.42E-05,0.006086662,0.021611199,-9.785645485,0.041173581,-0.032275416,9.34E-05,126.1869659,5.923194492,-1.1593368,2.025352395,0.135217535,0.935042067,1,0.3,0,0,applied,clear_constant_wind,1.225,0
2026-01-24T14:03:02.391764,-223.3498535,6.273635864,-2.698676348,-0.028448683,0.019758715,-2.089957858,-1.053414464,1.812124491,0.132934928,0.037285365,-0.029268952,7.78E-05,0.006372005,0.022222236,-9.790259361,0.037114348,-0.029109105,7.72E-05,125.8383636,0,-1.160280042,2.024679951,0.135104759,0.934993645,1,0.3,0,0,applied,clear_constant_wind,1.225,0
2026-01-24T14:03:02.499011,-223.4260254,6.404835224,-2.689054489,-0.025915245,0.017729114,-2.089897064,-1.062316179,1.831877589,0.134274125,0.033579901,-0.026384676,6.42E-05,0.006618783,0.02275563,-9.793934822,0.033579901,-0.026384676,6.42E-05,125.8779755,5.814652978,-1.161253724,2.023985054,0.134989094,0.934943657,1,0.3,0,0,applied,clear_constant_wind,1.225,0
2026-01-24T14:03:02.608970,-223.5349731,6.592974186,-2.675282955,-0.022752976,0.015196475,-2.0898306,-1.073550224,1.856399775,0.135676831,0.028881771,-0.022722781,4.87E-05,0.00694488,0.023461066,-9.797522545,0.028881771,-0.022722781,4.87E-05,125.7644119,5.814652978,-1.162680794,2.022965092,0.134822591,0.934870389,1,0.3,0,0,applied,clear_constant_wind,1.225,0
2026-01-24T14:03:02.716401,-223.6157379,6.732809544,-2.665079117,-0.020717803,0.013542969,-2.089791233,-1.080895662,1.87213707,0.136373639,0.02587251,-0.020393718,3.97E-05,0.007154122,0.023918472,-9.800386429,0.02587251,-0.020393718,3.97E-05,126.519722,5.814652978,-1.163765111,2.022188862,0.134699316,0.934814714,1,0.3,0,0,applied,clear_constant_wind,1.225,0
2026-01-24T14:03:02.825349,-223.6742401,6.834187984,-2.657704115,-0.019392476,0.012451124,-2.089766651,-1.085760713,1.882388234,0.136750817,0.023741547,-0.019387597,3.43E-05,0.007284567,0.02424074,-9.802171707,0.023696426,-0.019176045,3.40E-05,126.0734024,5.789458817,-1.164560708,2.021618624,0.134610814,0.934773861,1,0.3,0,0,applied,clear_constant_wind,1.225,0
2026-01-24T14:03:02.935319,-223.7559204,6.97586298,-2.64743185,-0.017712098,0.011078282,-2.089738634,-1.091993093,1.895261884,0.137158394,0.021426264,-0.01688635,2.79E-05,0.007463031,0.024604432,-9.803092003,0.021426264,-0.01688635,2.79E-05,125.7432861,5.740993683,-1.165686283,2.020810864,0.134488558,0.934716062,1,0.3,0,0,applied,clear_constant_wind,1.225,0
2026-01-24T14:03:03.045402,-223.8677063,7.16998291,-2.633422136,-0.015708054,0.009443523,-2.089708505,-1.09958899,1.910499334,0.137529209,0.018359933,-0.01449891,2.10E-05,0.007668741,0.025070589,-9.8042593,0.018359933,-0.01449891,2.10E-05,125.6376495,5.740993683,-1.167254237,2.019683665,0.134323848,0.93463554,1,0.3,0,0,applied,clear_constant_wind,1.225,0
2026-01-24T14:03:03.155155,-223.9536743,7.319406986,-2.622689486,-0.014373264,0.008331943,-2.089690298,-1.104793191,1.9205966,0.137635559,0.016333492,-0.012948138,1.69E-05,0.007808305,0.025395472,-9.806810379,0.016224591,-0.012903342,1.68E-05,126.1579132,5.740993683,-1.168480493,2.018800527,0.134199378,0.934572561,1,0.3,0,0,applied,clear_constant_wind,1.225,0
2026-01-24T14:03:03.263434,-224.0333862,7.457995892,-2.612778902,-0.013275524,0.007408315,-2.089676227,-1.109194279,1.928854823,0.137645155,0.01470065,-0.011694988,1.38E-05,0.007911608,0.025643501,-9.806677818,0.01470065,-0.011694988,1.38E-05,125.5452194,5.696224925,-1.169630958,2.017970699,0.134086191,0.934513471,1,0.3,0,0,applied,clear_constant_wind,1.225,0
2026-01-24T14:03:03.371677,-224.116745,7.602956772,-2.602455378,-0.012251153,0.006542573,-2.089664577,-1.113416314,1.936481476,0.137642756,0.01314498,-0.010392485,1.12E-05,0.008015983,0.025889063,-9.806783676,0.01314498,-0.010392485,1.12E-05,125.8885422,5.696224925,-1.17084779,2.017091675,0.133969976,0.934450968,1,0.3,0,0,applied,clear_constant_wind,1.225,0
2026-01-24T14:03:03.481067,-224.2070923,7.76011467,-2.591305971,-0.011267122,0.005708824,-2.08965408,-1.117606401,1.943718672,0.137609288,0.011598008,-0.009194679,8.91E-06,0.008112594,0.026129512,-9.807024002,0.011598008,-0.009194679,8.91E-06,125.7855453,5.669241174,-1.172183076,2.016125554,0.133845973,0.934382376,1,0.3,0,0,applied,clear_constant_wind,1.225,0
2026-01-24T14:03:03.593262,-224.3213348,7.958788872,-2.57727313,-0.010186199,0.004793265,-2.089644472,-1.122405171,1.951530337,0.137531415,0.010011734,-0.007895323,6.66E-06,0.008214224,0.026394702,-9.807073593,0.010011734,-0.007895323,6.66E-06,126.4933167,5.669241174,-1.173891828,2.01488691,0.133692262,0.934294592,1,0.3,0,0,applied,clear_constant_wind,1.225,0
2026-01-24T14:03:03.703287,-224.3988953,8.093608856,-2.567786932,-0.009549366,0.004229055,-2.08963917,-1.125382781,1.956090569,0.137422457,0.009100772,-0.007183318,5.48E-06,0.008271042,0.026552398,-9.807916641,0.009100772,-0.007183318,5.48E-06,125.714241,5.627649413,-1.175063836,2.014035864,0.13358973,0.934234377,1,0.3,0,0,applied,clear_constant_wind,1.225,0
2026-01-24T14:03:03.812939,-224.483429,8.240485191,-2.557484627,-0.008927039,0.003680965,-2.089634277,-1.128413439,1.960452199,0.137306705,0.008089687,-0.006344857,4.43E-06,0.008329399,0.026712365,-9.807786942,0.008089687,-0.006344857,4.43E-06,125.5161667,5.627649413,-1.176352067,2.013099047,0.13347959,0.934168187,1,0.3,0,0,applied,clear_constant_wind,1.225,0
2026-01-24T14:03:03.921839,-224.5681152,8.387665749,-2.547190905,-0.0083724,0.003188147,-2.089629888,-1.131250262,1.964258075,0.137182534,0.007238101,-0.005641741,3.58E-06,0.008377708,0.02685621,-9.807879448,0.007238101,-0.005641741,3.58E-06,126.4484177,5.588276598,-1.17765857,2.012147482,0.133370393,0.934101053,1,0.3,0,0,applied,clear_constant_wind,1.225,0
2026-01-24T14:03:04.031657,-224.6667328,8.558730125,-2.535262585,-0.00780106,0.002684841,-2.089625482,-1.134327173,1.968052745,0.137036651,0.006287209,-0.004945522,2.79E-06,0.008424334,0.027008891,-9.807748795,0.006287209,-0.004945522,2.79E-06,126.1684799,5.588276598,-1.179184818,2.011034046,0.133245409,0.934022621,1,0.3,0,0,applied,clear_constant_wind,1.225,0
2026-01-24T14:03:04.141716,-224.7757416,8.747840881,-2.522116184,-0.007253064,0.002195844,-2.089622736,-1.137487769,1.971559882,0.136866778,0.005462712,-0.004305362,2.11E-06,0.008465704,0.027160227,-9.807640076,0.005466603,-0.004265293,2.09E-06,125.6851883,5.588276598,-1.18089609,2.009783288,0.133108628,0.933934674,1,0.3,0,0,applied,clear_constant_wind,1.225,0
2026-01-24T14:03:04.250740,-224.8577728,8.889878273,-2.512266636,-0.006894525,0.001860785,-2.089620423,-1.139713049,1.973779678,0.136720434,0.005057743,-0.003891159,1.71E-06,0.008487212,0.027251642,-9.808268547,0.005057743,-0.003891159,1.71E-06,125.7987442,5.555866561,-1.182188866,2.008836801,0.133007035,0.933868229,1,0.3,0,0,applied,clear_constant_wind,1.225,0
2026-01-24T14:03:04.360634,-224.9398041,9.032065392,-2.502427816,-0.006574378,0.001555278,-2.089618745,-1.141839385,1.975679159,0.136573002,0.004529259,-0.003417399,1.39E-06,0.008510098,0.027343391,-9.808087349,0.004529259,-0.003417399,1.39E-06,125.7723389,5.520813096,-1.183502242,2.007873792,0.132905724,0.93380072,1,0.3,0,0,applied,clear_constant_wind,1.225,0
2026-01-24T14:03:04.468844,-225.0256348,9.180308342,-2.492190599,-0.006276303,0.001270003,-2.089617299,-1.143960476,1.977351189,0.136427522,0.004016693,-0.002983108,1.12E-06,0.008528793,0.027432045,-9.807981491,0.004016693,-0.002983108,1.12E-06,125.7934647,5.520813096,-1.184869474,2.006869805,0.132801473,0.933730438,1,0.3,0,0,applied,clear_constant_wind,1.225,0
2026-01-24T14:03:04.579770,-225.1320648,9.364286423,-2.479510546,-0.005947717,0.000966355,-2.089615954,-1.1464715,1.979038954,0.13626273,0.003432106,-0.002589726,8.57E-07,0.008543539,0.027533166,-9.80768013,0.003432106,-0.002589726,8.57E-07,125.8066711,5.520813096,-1.186593766,2.005601422,0.132672201,0.933641793,1,0.3,0,0,applied,clear_constant_wind,1.225,0
2026-01-24T14:03:04.687935,-225.2285309,9.530581474,-2.468071222,-0.00569141,0.000713585,-2.089614862,-1.148637891,1.980242491,0.136096954,0.003029332,-0.00227949,6.66E-07,0.008552032,0.027613096,-9.807836533,0.003029332,-0.00227949,6.66E-07,125.0883331,5.484277985,-1.188158496,2.004448332,0.132556306,0.933561345,1,0.3,0,0,applied,clear_constant_wind,1.225,0
2026-01-24T14:03:04.797709,-225.314743,9.679136276,-2.45786953,-0.005491195,0.000506788,-2.089613977,-1.150504112,1.981086493,0.135949582,0.002812135,-0.001973685,5.36E-07,0.008557238,0.027676024,-9.807979584,0.002812135,-0.001973685,5.36E-07,125.6561356,5.484277985,-1.189571709,2.003405182,0.132453014,0.93348868,1,0.3,0,0,applied,clear_constant_wind,1.225,0
2026-01-24T14:03:04.906362,-225.3975525,9.821802139,-2.448086023,-0.005320238,0.000325941,-2.089613411,-1.152245045,1.981711149,0.135810673,0.002564202,-0.001743244,4.35E-07,0.008558663,0.027733877,-9.807964325,0.002564202,-0.001743244,4.35E-07,125.6033173,5.447222609,-1.190943905,2.002390754,0.132353838,0.933418119,1,0.3,0,0,applied,clear_constant_wind,1.225,0
2026-01-24T14:03:05.017748,-225.4841461,9.970450401,-2.437905312,-0.005160276,0.000157897,-2.089612865,-1.154013753,1.98218751,0.135672107,0.002292983,-0.001476725,3.61E-07,0.008559602,0.02779096,-9.807851791,0.002292983,-0.001476725,3.61E-07,125.6772614,5.414899782,-1.192372027,2.001333389,0.132251263,0.933344677,1,0.3,0,0,applied,clear_constant_wind,1.225,0
2026-01-24T14:03:05.139016,-225.6019135,10.17266273,-2.424076319,-0.004966302,-3.03E-05,-2.089612147,-1.156353116,1.982582808,0.135508418,0.0020005,-0.001208576,2.60E-07,0.008554693,0.027862582,-9.807409286,0.0020005,-0.001208576,2.60E-07,125.8277969,5.414899782,-1.194344354,1.999870384,0.132111309,0.933243238,1,0.3,0,0,applied,clear_constant_wind,1.225,0
2026-01-24T14:03:05.254245,-225.7061157,10.35110474,-2.411888838,-0.004820731,-0.000186202,-2.089611668,-1.158354998,1.982725739,0.135341465,0.001608328,-0.001123734,1.92E-07,0.008544007,0.027925856,-9.807589531,0.001601564,-0.001126297,1.90E-07,125.901741,5.414899782,-1.196095366,1.998568946,0.131987979,0.933153173,1,0.3,0,0,applied,clear_constant_wind,1.225,0
2026-01-24T14:03:05.371165,-225.7930908,10.4998064,-2.401742935,-0.004717991,-0.000310568,-2.08961133,-1.159987807,1.982713103,0.135202065,0.001635019,-0.000942068,1.49E-07,0.008536664,0.027962526,-9.807936668,0.001635019,-0.000942068,1.49E-07,125.1411514,0,-1.197565887,1.997474092,0.131885052,0.933077529,1,0.3,0,0,applied,clear_constant_wind,1.225,0
2026-01-24T14:03:05.490125,-225.9009399,10.68419647,-2.389177084,-0.004602974,-0.000438633,-2.08961094,-1.161983728,1.982541561,0.135047302,0.001271348,-0.000785143,1.16E-07,0.008524891,0.028019451,-9.807483673,0.001271348,-0.000785143,1.16E-07,125.7195206,0,-1.199414708,1.996095102,0.131756888,0.932982416,1,0.3,0,0,applied,clear_constant_wind,1.225,0
2026-01-24T14:03:05.597795,-225.9847565,10.82693291,-2.379458427,-0.004529941,-0.000542245,-2.089610697,-1.163505077,1.982308388,0.134912729,0.001320448,-0.000687002,1.09E-07,0.008512517,0.028051529,-9.807909966,0.001320448,-0.000687002,1.09E-07,125.7485733,0,-1.20084539,1.995026138,0.131657981,0.932908807,1,0.3,0,0,applied,clear_constant_wind,1.225,0
2026-01-24T14:03:05.706239,-226.0756073,10.98154354,-2.36894083,-0.004457393,-0.000638519,-2.089610483,-1.165141821,1.981958985,0.134778291,0.001127135,-0.000491208,7.71E-08,0.008502211,0.028091758,-9.807657242,0.001127135,-0.000491208,7.71E-08,126.1632004,5.313841946,-1.202410835,1.993854599,0.131550459,0.932828259,1,0.3,0,0,applied,clear_constant_wind,1.225,0
2026-01-24T14:03:05.818663,-226.1944122,11.18367863,-2.355202198,-0.004372452,-0.000738007,-2.089610258,-1.167263508,1.981371284,0.134626448,0.001029568,-0.000364173,4.94E-08,0.008481978,0.028139351,-9.807268143,0.001029568,-0.000364173,4.94E-08,125.4633484,5.313841946,-1.204486947,1.992297861,0.131408752,0.932721423,1,0.3,0,0,applied,clear_constant_wind,1.225,0
2026-01-24T14:03:05.925374,-226.2821503,11.33226681,-2.345110416,-0.004322238,-0.000820343,-2.089610032,-1.168805003,1.980861306,0.134485647,0.000952313,-0.000305178,4.42E-08,0.008466131,0.02817082,-9.807775497,0.000952313,-0.000305178,4.42E-08,125.9572067,5.313841946,-1.206010917,1.991152973,0.131304816,0.932642993,1,0.3,0,0,applied,clear_constant_wind,1.225,0
2026-01-24T14:03:06.036383,-226.3628693,11.4689312,-2.33583498,-0.004284204,-0.000892302,-2.089609849,-1.170220375,1.980332971,0.134364501,0.000886466,-0.000309092,4.30E-08,0.008449079,0.02820199,-9.807732582,0.000867257,-0.000251181,4.19E-08,125.5452194,5.279125567,-1.207428581,1.990086272,0.131208619,0.932570028,1,0.3,0,0,applied,clear_constant_wind,1.225,0
2026-01-24T14:03:06.145281,-226.4470978,11.61149693,-2.326164722,-0.004246135,-0.000955107,-2.089609785,-1.17169416,1.979727387,0.134247869,0.000844762,-0.000188311,3.54E-08,0.008432526,0.028229315,-9.807711601,0.000844762,-0.000188311,3.54E-08,125.3894043,5.249782644,-1.208923983,1.988959331,0.131107553,0.932493055,1,0.3,0,0,applied,clear_constant_wind,1.225,0
2026-01-24T14:03:06.255509,-226.5526733,11.78964043,-2.314088583,-0.004200661,-0.001015524,-2.089609623,-1.173532844,1.978900194,0.134113237,0.00060505,-7.67E-05,2.11E-08,0.00841283,0.028269846,-9.807362556,0.00060505,-7.67E-05,2.11E-08,125.7670593,5.249782644,-1.210798214,1.987544394,0.130981058,0.932396574,1,0.3,0,0,applied,clear_constant_wind,1.225,0
2026-01-24T14:03:06.364366,-226.6619415,11.97364044,-2.301623344,-0.004162519,-0.001077642,-2.08960957,-1.175425649,1.977976799,0.133967966,0.000547005,-8.38E-05,9.96E-09,0.008386485,0.028305231,-9.807331085,0.000547005,-8.38E-05,9.96E-09,125.5056,5.249782644,-1.212751071,1.986067115,0.130849578,0.932296035,1,0.3,0,0,applied,clear_constant_wind,1.225,0
2026-01-24T14:03:06.473005,-226.7430115,12.11009789,-2.292383432,-0.004142797,-0.001133507,-2.089609456,-1.17682457,1.977252841,0.133845136,0.000664732,-9.53E-05,-1.45E-09,0.008365314,0.028325934,-9.80785656,0.000664732,-9.53E-05,-1.45E-09,125.4158096,5.215482654,-1.214217871,1.984955514,0.130751092,0.932220513,1,0.3,0,0,applied,clear_constant_wind,1.225,0
2026-01-24T14:03:06.583043,-226.8348999,12.26429367,-2.281948328,-0.00411962,-0.00118373,-2.089609349,-1.178412557,1.976388812,0.133718625,0.000546592,0.000112211,-6.74E-10,0.008349876,0.028355511,-9.807535172,0.000546592,0.000112211,-6.74E-10,125.2388687,5.215482654,-1.215878993,1.983694571,0.130639695,0.932134978,1,0.3,0,0,applied,clear_constant_wind,1.225,0
2026-01-24T14:03:06.693063,-226.9198608,12.40656757,-2.272325039,-0.00410417,-0.001231542,-2.089609258,-1.179879546,1.975556254,0.133600831,0.000547863,0.000107536,1.94E-09,0.008328157,0.028381744,-9.807601929,0.000523778,0.000141422,-3.36E-11,125.4501419,5.181120952,-1.217420839,1.982522188,0.130536468,0.932055577,1,0.3,0,0,applied,clear_constant_wind,1.225,0
2026-01-24T14:03:06.799757,-227.0331421,12.59616947,-2.25950551,-0.004078404,-0.001268129,-2.089609173,-1.181839347,1.974397659,0.133467734,0.000402552,0.000178028,8.92E-09,0.008301306,0.028416744,-9.807247162,0.000402552,0.000178028,8.92E-09,125.9149475,5.181120952,-1.219503078,1.980935876,0.13039729,0.931948338,1,0.3,0,0,applied,clear_constant_wind,1.225,0
2026-01-24T14:03:06.909873,-227.1325226,12.7619791,-2.248300791,-0.004064859,-0.001315157,-2.089609089,-1.183553457,1.973347306,0.133325711,0.00033876,0.000131554,-3.77E-09,0.008274287,0.028445479,-9.807479858,0.00033876,0.000131554,-3.77E-09,125.5637054,0.137397693,-1.221333255,1.979538719,0.130275044,0.93185407,1,0.3,0,0,applied,clear_constant_wind,1.225,0
2026-01-24T14:03:07.019965,-227.2178497,12.90402985,-2.238705397,-0.004058666,-0.001360162,-2.089609017,-1.185027242,1.972419143,0.133202985,0.000444056,0.000161815,-9.54E-09,0.00825202,0.028467175,-9.807639122,0.000426956,0.000199427,-9.17E-09,125.3577118,0.137397693,-1.222911307,1.978331875,0.130169673,0.931772781,1,0.3,0,0,applied,clear_constant_wind,1.225,0
2026-01-24T14:03:07.127975,-227.3067322,13.05192852,-2.228719234,-0.004050525,-0.001397351,-2.089608955,-1.18656981,1.971424341,0.133084297,0.00044252,0.000254425,-2.53E-09,0.008230349,0.02848978,-9.807607651,0.00044252,0.000254425,-2.53E-09,125.4078903,0,-1.224573846,1.977058236,0.130058903,0.931687131,1,0.3,0,0,applied,clear_constant_wind,1.225,0
2026-01-24T14:03:07.237834,-227.3993073,13.20566177,-2.218343735,-0.004043691,-0.001433504,-2.089608897,-1.188182592,1.970361471,0.13296032,0.000358062,0.000315037,3.35E-09,0.008207552,0.028516814,-9.807510376,0.000358062,0.000315037,3.35E-09,125.9704056,0,-1.226314149,1.975722632,0.129943065,0.931597468,1,0.3,0,0,applied,clear_constant_wind,1.225,0
2026-01-24T14:03:07.348766,-227.5171356,13.40066338,-2.205188274,-0.004033243,-0.001462656,-2.089608845,-1.190238833,1.968977213,0.132822037,0.000301865,0.000281584,7.55E-09,0.008173808,0.028550711,-9.807173729,0.000301865,0.000281584,7.55E-09,126.0813293,0,-1.228531246,1.974017577,0.12979536,0.931483226,1,0.3,0,0,applied,clear_constant_wind,1.225,0
2026-01-24T14:03:07.458182,-227.6135406,13.56010818,-2.194435358,-0.004030372,-0.00150205,-2.089608788,-1.191924095,1.967821717,0.132680371,0.000266128,0.00027991,7.77E-09,0.008147511,0.028575981,-9.807533264,0.000266128,0.00027991,7.77E-09,125.4686279,0.137448468,-1.230370857,1.972599801,0.129672921,0.931388425,1,0.3,0,0,applied,clear_constant_wind,1.225,0
2026-01-24T14:03:07.566318,-227.6958313,13.69585609,-2.185284853,-0.004033645,-0.001541962,-2.089608738,-1.193368196,1.966817617,0.132560059,0.000344986,0.00021306,4.97E-09,0.00812225,0.028596763,-9.807688713,0.000336578,0.000277964,4.17E-09,125.7274399,5.056651481,-1.231944912,1.971384503,0.129568235,0.931307301,1,0.3,0,0,applied,clear_constant_wind,1.225,0
2026-01-24T14:03:07.676422,-227.7890625,13.849226,-2.174949169,-0.004031633,-0.001571701,-2.089608546,-1.195012808,1.965659022,0.132438347,0.000335321,0.00040143,5.66E-09,0.008100754,0.02861991,-9.807523727,0.000335321,0.00040143,5.66E-09,125.4739075,5.056651481,-1.233730729,1.970003281,0.129449302,0.931215254,1,0.3,0,0,applied,clear_constant_wind,1.225,0
2026-01-24T14:03:07.785400,-227.8822937,14.0025053,-2.164624691,-0.004032028,-0.001602651,-2.089608506,-1.196666837,1.964480519,0.132312924,0.000278972,0.000409948,6.16E-10,0.008074559,0.028645767,-9.807520866,0.000278972,0.000409948,6.16E-10,125.5372925,5.022788832,-1.23553869,1.968602268,0.129329206,0.931122057,1,0.3,0,0,applied,clear_constant_wind,1.225,0
2026-01-24T14:03:07.894615,-228.0008545,14.19691658,-2.151533842,-0.004030624,-0.001628557,-2.089608321,-1.19878149,1.962955236,0.132170603,0.000257967,0.000364469,-1.02E-08,0.008038294,0.028678302,-9.807132721,0.000257967,0.000364469,-1.02E-08,125.6455765,5.022788832,-1.23784984,1.966807451,0.12917553,0.931002908,1,0.3,0,0,applied,clear_constant_wind,1.225,0
2026-01-24T14:03:08.005259,-228.0872803,14.33821297,-2.142021656,-0.004034233,-0.001663675,-2.089608279,-1.200320482,1.961835146,0.13203913,0.000387095,0.000345076,-1.38E-08,0.008013088,0.028697267,-9.80773735,0.000363336,0.000397338,-1.42E-08,125.6244431,5.022788832,-1.239539884,1.965492231,0.129062913,0.93091577,1,0.3,0,0,applied,clear_constant_wind,1.225,0
2026-01-24T14:03:08.112231,-228.170105,14.47354412,-2.132915497,-0.004039521,-0.001696146,-2.089608242,-1.201806664,1.960744858,0.131919444,0.000340336,0.000236883,-9.15E-09,0.007983864,0.028719008,-9.807787895,0.000340336,0.000236883,-9.15E-09,125.1754837,4.989342584,-1.241177893,1.964215252,0.128954051,0.930831307,1,0.3,0,0,applied,clear_constant_wind,1.225,0
2026-01-24T14:03:08.222041,-228.2602692,14.62055874,-2.123025894,-0.004043083,-0.001726111,-2.089608207,-1.203436613,1.959540009,0.131795377,0.000297948,0.000449761,-9.70E-09,0.007964646,0.028742922,-9.80755043,0.000297948,0.000449761,-9.70E-09,125.3524246,4.961231341,-1.242969536,1.962815982,0.128834901,0.930738913,1,0.3,0,0,applied,clear_constant_wind,1.225,0
2026-01-24T14:03:08.328766,-228.3723755,14.80272961,-2.110775948,-0.004044564,-0.001747143,-2.089608032,-1.205472589,1.958023548,0.131658748,0.00015746,0.000404994,-5.36E-10,0.0079304,0.028776832,-9.807232857,0.00015746,0.000404994,-5.36E-10,125.3286591,4.961231341,-1.245200045,1.961070276,0.128686412,0.930623874,1,0.3,0,0,applied,clear_constant_wind,1.225,0
2026-01-24T14:03:08.438965,-228.4772491,14.97301865,-2.099328518,-0.004049001,-0.001778021,-2.089607997,-1.207386851,1.956588149,0.13151136,0.000133861,0.000359059,-2.22E-09,0.007897686,0.028804244,-9.807387352,0.000133861,0.000359059,-2.22E-09,125.1807632,4.961231341,-1.247317645,1.959409136,0.128545488,0.930514646,1,0.3,0,0,applied,clear_constant_wind,1.225,0
2026-01-24T14:03:08.549839,-228.56427,15.1138525,-2.089864016,-0.004057378,-0.001813722,-2.08960796,-1.208979607,1.955386877,0.131380871,0.000291516,0.000377578,3.65E-10,0.007871444,0.028823456,-9.807687759,0.000274741,0.000421968,-4.48E-10,125.2890472,4.927926065,-1.249076701,1.958026446,0.128428239,0.930423902,1,0.3,0,0,applied,clear_constant_wind,1.225,0
2026-01-24T14:03:08.660089,-228.6586914,15.26632404,-2.079620838,-0.004062175,-0.001840868,-2.089607781,-1.210719466,1.954067707,0.131251574,0.000271249,0.000495207,2.15E-09,0.007846005,0.028846947,-9.807575226,0.000271249,0.000495207,2.15E-09,125.7644119,4.927926065,-1.250995395,1.95651535,0.128300311,0.930324912,1,0.3,0,0,applied,clear_constant_wind,1.225,0
2026-01-24T14:03:08.766364,-228.742218,15.40111732,-2.070569038,-0.00407126,-0.001874387,-2.089607747,-1.212268949,1.952887535,0.13112773,0.000300142,0.00037228,3.81E-09,0.007815783,0.028868256,-9.807779312,0.000300142,0.00037228,3.81E-09,125.5637054,4.900307182,-1.252713769,1.95515941,0.128185937,0.930236249,1,0.3,0,0,applied,clear_constant_wind,1.225,0
2026-01-24T14:03:08.879256,-228.8660278,15.6002264,-2.057203054,-0.004074137,-0.001892057,-2.089607728,-1.214583993,1.951114893,0.130980939,0.000255566,0.00051044,-1.56E-09,0.007782178,0.028902864,-9.807067871,0.000255566,0.00051044,-1.56E-09,125.6614151,4.900307182,-1.255265988,1.953140971,0.128015845,0.930104545,1,0.3,0,0,applied,clear_constant_wind,1.225,0
2026-01-24T14:03:08.986529,-228.9571991,15.74651432,-2.047384977,-0.004081892,-0.001927909,-2.089607691,-1.216290236,1.949803114,0.130833432,0.000279284,0.000473457,3.07E-09,0.007753431,0.028924428,-9.807743073,0.000279284,0.000473457,3.07E-09,125.5663452,0.137741175,-1.257161011,1.951638775,0.127889321,0.930006743,1,0.3,0,0,applied,clear_constant_wind,1.225,0
2026-01-24T14:03:09.095411,-229.0483704,15.89270306,-2.037577391,-0.004091129,-0.001960957,-2.089607411,-1.218012691,1.948473454,0.130698517,0.000231315,0.000482331,2.21E-09,0.007724884,0.028949982,-9.807644844,0.000231315,0.000482331,2.21E-09,125.3603516,0.137741175,-1.259080568,1.950114054,0.127761338,0.929907665,1,0.3,0,0,applied,clear_constant_wind,1.225,0
2026-01-24T14:03:09.206408,-229.1362305,16.03295135,-2.028171778,-0.004100702,-0.001993753,-2.08960738,-1.219679952,1.947182059,0.13056913,0.000273597,0.000469026,5.75E-09,0.007696388,0.028972087,-9.807710648,0.000273597,0.000469026,5.75E-09,125.6402893,4.833526382,-1.260921554,1.948648852,0.127638373,0.929812632,1,0.3,0,0,applied,clear_constant_wind,1.225,0
2026-01-24T14:03:09.328989,-229.2424316,16.20229149,-2.016818762,-0.004106057,-0.002015767,-2.089607358,-1.221712708,1.945601344,0.130428329,0.000129644,0.000511853,-3.01E-09,0.007665119,0.029004542,-9.807354927,0.000129644,0.000511853,-3.01E-09,125.5610657,4.806104912,-1.263174152,1.946852175,0.127487956,0.929696338,1,0.3,0,0,applied,clear_constant_wind,1.225,0
2026-01-24T14:03:09.438199,-229.3634644,16.39482307,-2.00391531,-0.004110931,-0.002036585,-2.089607337,-1.224038124,1.943785906,0.130270123,0.000161889,0.000461514,3.77E-09,0.007624478,0.029036401,-9.807228088,0.000161889,0.000461514,3.77E-09,125.5399323,4.806104912,-1.265765696,1.944779869,0.127314754,0.929562528,1,0.3,0,0,applied,clear_constant_wind,1.225,0
2026-01-24T14:03:09.548573,-229.4664307,16.55803871,-1.992979884,-0.004120728,-0.002073703,-2.089607152,-1.226022482,1.942231536,0.130105749,0.000103751,0.000404143,5.12E-09,0.007588611,0.029066471,-9.807490349,7.47E-05,0.000376344,5.89E-09,124.9483643,4.806104912,-1.267979255,1.943005336,0.1271665,0.929448219,1,0.3,0,0,applied,clear_constant_wind,1.225,0
2026-01-24T14:03:09.657048,-229.5510101,16.69201088,-1.984006882,-0.00413357,-0.002111919,-2.089607117,-1.227663398,1.940942407,0.129971862,0.000246161,0.000235031,3.20E-09,0.007558923,0.02908387,-9.807907104,0.000267804,0.000354478,3.18E-09,125.3814774,0.133577833,-1.269822619,1.941524397,0.127043141,0.929353016,1,0.3,0,0,applied,clear_constant_wind,1.225,0
2026-01-24T14:03:09.766355,-229.6431885,16.83753395,-1.974263906,-0.004142224,-0.002144217,-2.089607087,-1.2294662,1.93952179,0.12983267,0.000302411,0.000494645,2.52E-09,0.007535608,0.029107859,-9.807646751,0.000268516,0.000542537,3.66E-09,125.3577118,0.133577833,-1.271833422,1.939905651,0.126908468,0.929249155,1,0.3,0,0,applied,clear_constant_wind,1.225,0
2026-01-24T14:03:09.873255,-229.7391968,16.9887619,-1.964142442,-0.004150786,-0.002173629,-2.08960691,-1.231356859,1.93802774,0.129692405,0.000246892,0.00056089,-3.64E-09,0.007506128,0.029133447,-9.80766964,0.000246892,0.00056089,-3.64E-09,125.2784805,4.740013754,-1.273942444,1.938204136,0.126767159,0.929140208,1,0.3,0,0,applied,clear_constant_wind,1.225,0
2026-01-24T14:03:09.985323,-229.8648376,17.18634415,-1.950923443,-0.004159354,-0.002198507,-2.089606739,-1.23385489,1.936047196,0.129526809,0.000239696,0.000518747,-7.67E-09,0.007463125,0.029169155,-9.807128906,0.000239696,0.000518747,-7.67E-09,125.4580688,4.740013754,-1.276738946,1.93594211,0.126579779,0.928995727,1,0.3,0,0,applied,clear_constant_wind,1.225,0
2026-01-24T14:03:10.093680,-229.9464111,17.31408501,-1.942379355,-0.004173572,-0.002244998,-2.089606697,-1.235477328,1.93475771,0.129376039,0.0003357,0.000295177,-1.74E-08,0.007431253,0.029188436,-9.80804348,0.000336039,0.000403832,-1.70E-08,125.3577118,4.712601098,-1.278554587,1.934469914,0.126457773,0.928901911,1,0.3,0,0,applied,clear_constant_wind,1.225,0
2026-01-24T14:03:10.202043,-230.0428162,17.46493912,-1.932293773,-0.004181668,-0.002276012,-2.089606519,-1.237417579,1.933211088,0.129229754,0.000251349,0.000572933,-2.10E-08,0.00740622,0.029215891,-9.807659149,0.000251349,0.000572933,-2.10E-08,125.3497849,4.712601098,-1.280729274,1.93270284,0.126311891,0.928789529,1,0.3,0,0,applied,clear_constant_wind,1.225,0
2026-01-24T14:03:10.311946,-230.131958,17.60408401,-1.922994256,-0.004193902,-0.002313229,-2.089606486,-1.239223599,1.931768298,0.129087061,0.000269141,0.000508122,-2.07E-08,0.007373995,0.029240225,-9.807830811,0.000269141,0.000508122,-2.07E-08,125.1807632,0.133305979,-1.282752888,1.931054866,0.126176069,0.928684943,1,0.3,0,0,applied,clear_constant_wind,1.225,0
2026-01-24T14:03:10.421938,-230.2436523,17.77786446,-1.911384106,-0.004201862,-0.002338372,-2.089606216,-1.241504312,1.92994082,0.128929392,0.000103059,0.00052062,-2.45E-08,0.007337926,0.029276388,-9.807364464,0.000103059,0.00052062,-2.45E-08,125.3471451,0.133305979,-1.285299306,1.928976118,0.126004952,0.928553319,1,0.3,0,0,applied,clear_constant_wind,1.225,0
2026-01-24T14:03:10.531965,-230.3591309,17.95726395,-1.899402499,-0.004211923,-0.00237158,-2.089606285,-1.243879437,1.928032875,0.128755063,0.000104781,0.000429068,-1.46E-08,0.007294656,0.02930931,-9.807305336,0.000130642,0.00044458,-1.34E-08,124.932518,0.133305979,-1.287972086,1.926788172,0.12582526,0.928415144,1,0.3,0,0,applied,clear_constant_wind,1.225,0
2026-01-24T14:03:10.641877,-230.4488525,18.09603119,-1.890136957,-0.004223906,-0.002411143,-2.089606101,-1.245725751,1.926546574,0.128602102,0.000336039,0.000380681,-2.05E-08,0.007264597,0.029327512,-9.808002472,0.000339864,0.000485655,-2.02E-08,125.310173,4.647179027,-1.290047838,1.925084696,0.125685269,0.928307819,1,0.3,0,0,applied,clear_constant_wind,1.225,0
2026-01-24T14:03:10.751394,-230.5385742,18.23469162,-1.880882978,-0.004235299,-0.002449596,-2.089605918,-1.247591138,1.92504108,0.12845093,0.000326674,0.000440126,-2.11E-08,0.007235373,0.029353475,-9.807860374,0.000302111,0.000529277,-2.03E-08,125.2230225,0.13364255,-1.292153093,1.923353151,0.12554356,0.928198957,1,0.3,0,0,applied,clear_constant_wind,1.225,0
2026-01-24T14:03:10.858965,-230.6322021,18.37901497,-1.871254802,-0.004246011,-0.002485083,-2.089605738,-1.249552846,1.923453569,0.128300682,0.000286594,0.000552456,-1.67E-08,0.007205091,0.029379377,-9.807839394,0.000286594,0.000552456,-1.67E-08,125.0751266,0.13364255,-1.294363865,1.921530649,0.125394703,0.928084624,1,0.3,0,0,applied,clear_constant_wind,1.225,0
2026-01-24T14:03:10.968077,-230.7523193,18.56357193,-1.858946919,-0.004255228,-0.002512069,-2.089605715,-1.252091169,1.921393752,0.128127798,0.000116022,0.000493172,-8.08E-09,0.007162535,0.029419469,-9.807305336,0.000116022,0.000493172,-8.08E-09,125.0962524,0.13364255,-1.297218539,1.919171004,0.12520222,0.92793697,1,0.3,0,0,applied,clear_constant_wind,1.225,0
2026-01-24T14:03:11.077996,-230.8537598,18.71913719,-1.848576427,-0.004267898,-0.00255749,-2.089605428,-1.2542485,1.919638872,0.127947852,0.000149751,0.000483592,-2.31E-09,0.007125197,0.029448729,-9.807661057,0.000108174,0.000453186,-1.55E-09,125.4237366,4.587056003,-1.299662456,1.91714519,0.125037381,0.927810543,1,0.3,0,0,applied,clear_constant_wind,1.225,0
2026-01-24T14:03:11.186617,-230.9479828,18.86305046,-1.838986039,-0.004281257,-0.002599772,-2.089605491,-1.256263137,1.917996168,0.127788171,0.000277282,0.000498337,6.05E-09,0.007094076,0.029471558,-9.807872772,0.000257395,0.000550521,5.23E-09,124.9087524,4.587056003,-1.301935409,1.915256376,0.124883785,0.927692945,1,0.3,0,0,applied,clear_constant_wind,1.225,0
2026-01-24T14:03:11.295549,-231.0384369,19.00109291,-1.829790592,-0.004294016,-0.002640975,-2.089605158,-1.258215785,1.916400313,0.127632573,0.000312454,0.000456327,-3.91E-09,0.007059468,0.02949528,-9.80802536,0.000312454,0.000456327,-3.91E-09,125.2811203,4.554871398,-1.304150779,1.913410998,0.124734232,0.927578312,1,0.3,0,0,applied,clear_constant_wind,1.225,0
2026-01-24T14:03:11.405205,-231.1367188,19.15050888,-1.819841862,-0.004305417,-0.002680361,-2.089605125,-1.260354996,1.914647579,0.127467304,0.000213776,0.000615537,-7.24E-09,0.007030754,0.029526122,-9.807748795,0.000213776,0.000615537,-7.24E-09,125.2362289,4.527272272,-1.306562527,1.911397092,0.124571283,0.927453502,1,0.3,0,0,applied,clear_constant_wind,1.225,0
2026-01-24T14:03:11.518204,-231.2653809,19.34568596,-1.806851387,-0.004316204,-0.002711437,-2.08960495,-1.26318419,1.912322044,0.127280205,0.000262736,0.000592525,-1.78E-08,0.006982925,0.029564092,-9.807198524,0.000262736,0.000592525,-1.78E-08,124.951004,4.527272272,-1.309763334,1.908716287,0.12435492,0.92728783,1,0.3,0,0,applied,clear_constant_wind,1.225,0
2026-01-24T14:03:11.639191,-231.3754272,19.51197624,-1.795787454,-0.004327832,-0.002756663,-2.089604763,-1.265612245,1.910321355,0.127077982,4.79E-05,0.000439703,-1.60E-08,0.00693788,0.029603444,-9.807605743,2.48E-05,0.000409152,-1.56E-08,125.0038223,4.527272272,-1.312521116,1.906399207,0.124168082,0.927145066,1,0.3,0,0,applied,clear_constant_wind,1.225,0
2026-01-24T14:03:11.749543,-231.4628143,19.64373398,-1.78702426,-0.004344777,-0.002807647,-2.089604573,-1.267552495,1.90871942,0.126913235,0.000254123,0.00022066,-2.60E-08,0.006899081,0.029622253,-9.808341026,0.000254123,0.00022066,-2.60E-08,125.146431,4.49523709,-1.314734928,1.904534233,0.124018009,0.927030445,1,0.3,0,0,applied,clear_constant_wind,1.225,0
2026-01-24T14:03:11.858959,-231.5541077,19.78110695,-1.777892709,-0.004358581,-0.002856769,-2.089604384,-1.26960361,1.907021165,0.126742944,0.000329069,0.000508145,-1.83E-08,0.006875428,0.029646158,-9.808000565,0.000329069,0.000508145,-1.83E-08,125.0619202,4.468122666,-1.317071044,1.902561422,0.123859897,0.926909478,1,0.3,0,0,applied,clear_constant_wind,1.225,0
2026-01-24T14:03:11.965338,-231.6532898,19.92978287,-1.768013597,-0.004371072,-0.002899569,-2.0896042,-1.27185142,1.905154824,0.126572251,0.000208142,0.000638649,-1.49E-08,0.006843949,0.029679196,-9.807797432,0.000208142,0.000638649,-1.49E-08,124.7925491,4.468122666,-1.319616909,1.90040588,0.123687347,0.926777631,1,0.3,0,0,applied,clear_constant_wind,1.225,0
2026-01-24T14:03:12.078057,-231.7831116,20.1239872,-1.755115032,-0.00438244,-0.002933658,-2.089604174,-1.2748245,1.902678847,0.126374796,0.000268982,0.000619096,-1.69E-08,0.006794099,0.029718399,-9.807229996,0.000268982,0.000619096,-1.69E-08,124.7767029,4.468122666,-1.323001666,1.897530958,0.123457916,0.92660231,1,0.3,0,0,applied,clear_constant_wind,1.225,0
2026-01-24T14:03:12.187932,-231.8788605,20.26662254,-1.745644569,-0.004396809,-0.002989697,-2.089603979,-1.277023315,1.90084374,0.126175255,0.000285084,0.000567885,-1.74E-08,0.006757803,0.029745087,-9.808141708,0.000285084,0.000567885,-1.74E-08,124.9668503,4.435810666,-1.325512301,1.895391782,0.123287277,0.926472244,1,0.3,0,0,applied,clear_constant_wind,1.225,0
2026-01-24T14:03:12.296327,-231.9746246,20.40911865,-1.736188412,-0.0044127,-0.00304195,-2.08960364,-1.279248953,1.898981094,0.125993043,0.000228655,0.000578059,-2.01E-08,0.006721701,0.029776338,-9.80800724,0.000228655,0.000578059,-2.01E-08,124.8717728,4.435810666,-1.328064363,1.893211384,0.123114114,0.926340014,1,0.3,0,0,applied,clear_constant_wind,1.225,0
2026-01-24T14:03:12.405632,-232.0630646,20.54009056,-1.727500558,-0.004429423,-0.003095549,-2.08960345,-1.281318784,1.89724493,0.125822738,0.000304719,0.000455733,-1.67E-08,0.006683175,0.029801864,-9.808205605,0.000304719,0.000455733,-1.67E-08,124.8585739,0.132900608,-1.33041844,1.89119486,0.122954106,0.926218025,1,0.3,0,0,applied,clear_constant_wind,1.225,0
2026-01-24T14:03:12.513457,-232.1745758,20.70505905,-1.716563106,-0.004439656,-0.003132899,-2.089603422,-1.283960342,1.895022392,0.12563391,0.000114173,0.000636871,-1.20E-08,0.006648146,0.029841917,-9.807592392,0.000114173,0.000636871,-1.20E-08,125.1675644,0.132900608,-1.333440714,1.888598456,0.122748955,0.926061386,1,0.3,0,0,applied,clear_constant_wind,1.225,0
2026-01-24T14:03:12.624686,-232.2942047,20.88118744,-1.704890132,-0.004453533,-0.003179925,-2.089603139,-1.286811471,1.892616987,0.125421494,0.000111253,0.000477444,-1.87E-08,0.006596836,0.029879998,-9.807516098,0.000111253,0.000477444,-1.87E-08,125.0487213,4.376943476,-1.336697461,1.885791209,0.122527291,0.925892566,1,0.3,0,0,applied,clear_constant_wind,1.225,0
2026-01-24T14:03:12.733614,-232.3907166,21.02306175,-1.695490956,-0.004468503,-0.00323685,-2.089603096,-1.289127111,1.89065814,0.125222564,0.000328364,0.000581145,-1.97E-08,0.006561942,0.029903015,-9.808236122,0.000328364,0.000581145,-1.97E-08,124.7582169,4.376943476,-1.339372791,1.883477773,0.122345131,0.925753862,1,0.3,0,0,applied,clear_constant_wind,1.225,0
2026-01-24T14:03:12.841886,-232.4798279,21.15345955,-1.686856985,-0.004486316,-0.003296905,-2.089602903,-1.291282535,1.888830185,0.125037268,0.000330798,0.000438392,-7.41E-09,0.00652428,0.029933041,-9.808211327,0.000304147,0.000548148,-7.45E-09,124.7265244,0.131177842,-1.341844844,1.881334193,0.122176768,0.925625678,1,0.3,0,0,applied,clear_constant_wind,1.225,0
2026-01-24T14:03:12.952466,-232.5805969,21.30070877,-1.677111506,-0.004498603,-0.00334337,-2.089602571,-1.293748021,1.886733294,0.124850199,0.000279511,0.000703643,-5.80E-09,0.00649139,0.02996451,-9.807991982,0.000279511,0.000703643,-5.80E-09,125.4554214,0.131177842,-1.344685612,1.87886383,0.121983392,0.925478353,1,0.3,0,0,applied,clear_constant_wind,1.225,0
2026-01-24T14:03:13.061153,-232.7011108,21.47606087,-1.66551125,-0.004511569,-0.003387161,-2.08960239,-1.296720624,1.884197116,0.124635704,9.65E-05,0.000539963,-1.44E-08,0.006439618,0.030009421,-9.807570457,9.65E-05,0.000539963,-1.44E-08,125.2679138,0.131177842,-1.348106604,1.875878868,0.121750137,0.925300906,1,0.3,0,0,applied,clear_constant_wind,1.225,0
2026-01-24T14:03:13.171195,-232.8139496,21.63988495,-1.654678822,-0.004527912,-0.003449009,-2.089602197,-1.29952991,1.881793857,0.124405056,7.34E-05,0.000452147,-1.06E-09,0.006392295,0.03004596,-9.80780983,7.34E-05,0.000452147,-1.06E-09,124.9377975,0.133380058,-1.351368723,1.873022255,0.121527653,0.925131668,1,0.3,0,0,applied,clear_constant_wind,1.225,0
2026-01-24T14:03:13.279993,-232.8959808,21.7583847,-1.646846652,-0.004549959,-0.003520148,-2.089601849,-1.301582336,1.88003397,0.124217205,0.000212845,-8.13E-05,2.80E-09,0.006345758,0.030068837,-9.808697701,0.000275367,0.000164528,3.19E-09,125.3180923,4.286599452,-1.35374209,1.870937606,0.121365465,0.925008519,1,0.3,0,0,applied,clear_constant_wind,1.225,0
2026-01-24T14:03:13.392214,-232.9936371,21.89931107,-1.637537956,-0.004563052,-0.003575752,-2.089601662,-1.304060698,1.877901912,0.124020033,0.00037185,0.000619729,5.21E-09,0.006322784,0.030095542,-9.808157921,0.00037185,0.000619729,5.21E-09,125.0777664,4.286599452,-1.356617661,1.868404639,0.12116942,0.924859289,1,0.3,0,0,applied,clear_constant_wind,1.225,0
2026-01-24T14:03:13.498027,-233.0994415,22.05133057,-1.62750113,-0.00457753,-0.003630495,-2.089601475,-1.30676949,1.87556529,0.123810127,0.00016876,0.000694164,-2.83E-09,0.006283629,0.030136086,-9.807962418,0.00016876,0.000694164,-2.83E-09,125.3180923,4.254902432,-1.359750052,1.865636491,0.120955573,0.924696704,1,0.3,0,0,applied,clear_constant_wind,1.225,0
2026-01-24T14:03:13.607974,-233.2289124,22.23687363,-1.615257621,-0.004593645,-0.003685551,-2.08960114,-1.310122371,1.872662902,0.123571172,0.000213164,0.000565032,-5.28E-09,0.00622513,0.030179583,-9.807443619,0.000213164,0.000565032,-5.28E-09,125.19133,4.254902432,-1.363652685,1.862174503,0.120689119,0.924494101,1,0.3,0,0,applied,clear_constant_wind,1.225,0
2026-01-24T14:03:13.717160,-233.3273315,22.37724113,-1.605998278,-0.004610397,-0.003756426,-2.089600945,-1.312679768,1.870442748,0.123339996,0.000373646,0.000594822,-8.73E-09,0.006185369,0.030205954,-9.808547974,0.000373646,0.000594822,-8.73E-09,124.4994049,4.254902432,-1.366640739,1.859513952,0.120484476,0.924338947,1,0.3,0,0,applied,clear_constant_wind,1.225,0
2026-01-24T14:03:13.826411,-233.421875,22.51184082,-1.597125649,-0.004630694,-0.003830513,-2.08960065,-1.315169692,1.868274927,0.123122051,0.000300023,0.000533258,-1.45E-08,0.006143548,0.030240018,-9.808446884,0.000300023,0.000533258,-1.45E-08,124.9193115,4.224203797,-1.36956009,1.856906197,0.120285005,0.924187336,1,0.3,0,0,applied,clear_constant_wind,1.225,0
2026-01-24T14:03:13.934778,-233.5127716,22.64068413,-1.588637471,-0.0046511,-0.003903156,-2.089600456,-1.317588329,1.866163611,0.1229169,0.000335614,0.000449856,-4.81E-09,0.006101788,0.030270293,-9.80851841,0.000335614,0.000449856,-4.81E-09,125.3022461,4.196632102,-1.37237887,1.854380417,0.120092405,0.924040924,1,0.3,0,0,applied,clear_constant_wind,1.225,0
2026-01-24T14:03:14.043496,-233.635437,22.81410599,-1.577218294,-0.004664659,-0.003955194,-2.089600275,-1.320895195,1.86326611,0.12268351,9.63E-05,0.000613363,-1.87E-08,0.006056832,0.030319914,-9.807621956,9.63E-05,0.000613363,-1.87E-08,124.8453674,4.196632102,-1.376245892,1.850902734,0.119828131,0.923840026,1,0.3,0,0,applied,clear_constant_wind,1.225,0
2026-01-24T14:03:14.154296,-233.7504883,22.9760952,-1.566557527,-0.004682956,-0.004029974,-2.089599983,-1.324022293,1.86051774,0.122424021,7.70E-05,0.000466524,-2.76E-08,0.006003488,0.030359503,-9.807970047,7.70E-05,0.000466524,-2.76E-08,124.9430847,4.196632102,-1.379920904,1.847584147,0.119576661,0.923649064,1,0.3,0,0,applied,clear_constant_wind,1.225,0
2026-01-24T14:03:14.262259,-233.845932,23.109972,-1.557751179,-0.004704746,-0.004113232,-2.089599636,-1.326638699,1.85821116,0.122191094,0.000324998,0.00048486,-2.21E-08,0.005960592,0.030385442,-9.808679581,0.000324998,0.00048486,-2.21E-08,125.0909729,4.165874096,-1.383004688,1.844789179,0.119365429,0.923488793,1,0.3,0,0,applied,clear_constant_wind,1.225,0
2026-01-24T14:03:14.371186,-233.9415131,23.24368095,-1.548961759,-0.004724783,-0.004192257,-2.089599293,-1.329293132,1.855863452,0.121963479,0.000339598,0.000571153,-3.38E-08,0.005922799,0.030420765,-9.8083992,0.000289913,0.000648634,-3.35E-08,124.7053986,4.165874096,-1.386136654,1.841940872,0.1191512,0.923325989,1,0.3,0,0,applied,clear_constant_wind,1.225,0
2026-01-24T14:03:14.479077,-234.0413513,23.38278198,-1.539822817,-0.004742479,-0.004262793,-2.089598955,-1.332092643,1.85337925,0.121739291,0.000334037,0.000662022,-3.41E-08,0.00588022,0.030453626,-9.808484077,0.000334037,0.000662022,-3.41E-08,124.8823395,4.135496522,-1.389437031,1.83892884,0.118925341,0.923154399,1,0.3,0,0,applied,clear_constant_wind,1.225,0
2026-01-24T14:03:14.592226,-234.1773834,23.57165527,-1.527422071,-0.004759859,-0.00432865,-2.089598622,-1.335960031,1.849934101,0.121466883,0.000281306,0.000662701,-2.62E-08,0.005819715,0.030505441,-9.807453156,0.000281306,0.000662701,-2.62E-08,124.7951889,4.135496522,-1.394013684,1.834733982,0.118612197,0.922916403,1,0.3,0,0,applied,clear_constant_wind,1.225,0
2026-01-24T14:03:14.700025,-234.27771,23.71030807,-1.518322468,-0.004781041,-0.004424376,-2.089598325,-1.338830352,1.847369194,0.12119095,0.000316864,0.000583151,-2.57E-08,0.005773657,0.030537918,-9.80875206,0.000316864,0.000583151,-2.57E-08,125.1385117,4.108015215,-1.397432329,1.831586802,0.118377688,0.922738585,1,0.3,0,0,applied,clear_constant_wind,1.225,0
2026-01-24T14:03:14.809004,-234.3782349,23.84876633,-1.509242892,-0.004804401,-0.004516178,-2.089597981,-1.341745853,1.844754815,0.120937176,0.000240673,0.000590907,-2.40E-08,0.005727924,0.030576859,-9.80857563,0.000240673,0.000590907,-2.40E-08,124.7027588,4.108015215,-1.400905434,1.828377332,0.1181399,0.9225579,1,0.3,0,0,applied,clear_constant_wind,1.225,0
2026-01-24T14:03:14.920735,-234.4749146,23.98150253,-1.500544429,-0.004827656,-0.004607469,-2.089597639,-1.344585299,1.842200279,0.120693237,0.00031403,0.000561035,-2.13E-08,0.005683222,0.03061283,-9.808564186,0.000272546,0.000640512,-2.06E-08,124.4703522,0.132901067,-1.404294495,1.825233672,0.117908091,0.922381553,1,0.3,0,0,applied,clear_constant_wind,1.225,0
2026-01-24T14:03:15.029233,-234.5880432,24.13612175,-1.4904176,-0.004844691,-0.004682997,-2.089597156,-1.347945571,1.839165926,0.120433956,0.000199389,0.000750456,-2.88E-08,0.00563719,0.030655086,-9.808244705,0.000199389,0.000750456,-2.88E-08,124.7687759,4.050845571,-1.408303078,1.821500182,0.117633667,0.922172926,1,0.3,0,0,applied,clear_constant_wind,1.225,0
2026-01-24T14:03:15.139182,-234.7216797,24.31802368,-1.478512287,-0.004867498,-0.004773761,-2.089596668,-1.351967096,1.835519314,0.120128006,0.000189206,0.000498493,-2.65E-08,0.005565868,0.03070692,-9.807695389,0.000189206,0.000498493,-2.65E-08,124.6631393,4.050845571,-1.413128356,1.816984087,0.117303291,0.921921731,1,0.3,0,0,applied,clear_constant_wind,1.225,0
2026-01-24T14:03:15.256783,-234.8231506,24.45558548,-1.469513297,-0.004890269,-0.004880445,-2.089596377,-1.355045676,1.832718015,0.119836271,0.00039642,0.000552055,-3.37E-08,0.005519779,0.030736793,-9.809067726,0.00039642,0.000552055,-3.37E-08,124.8744202,4.050845571,-1.416858403,1.813476531,0.117047405,0.921727505,1,0.3,0,0,applied,clear_constant_wind,1.225,0
2026-01-24T14:03:15.374557,-234.9453278,24.6203804,-1.458743334,-0.004914916,-0.004982033,-2.089595941,-1.358809471,1.82927835,0.11952848,3.07E-06,0.000423708,-2.10E-08,0.00545969,0.030795354,-9.808113098,3.07E-06,0.000423708,-2.10E-08,124.8268814,4.020060392,-1.421403872,1.80918251,0.116736262,0.921490764,1,0.3,0,0,applied,clear_constant_wind,1.225,0
2026-01-24T14:03:15.486453,-235.047348,24.75747108,-1.449789524,-0.004942037,-0.005099802,-2.08959565,-1.361990213,1.826361299,0.119236663,0.000315913,0.000486561,-2.53E-08,0.005411068,0.030827224,-9.808853149,0.000267877,0.000528438,-2.57E-08,124.8796997,4.020060392,-1.425270822,1.80551239,0.116471451,0.921289315,1,0.3,0,0,applied,clear_constant_wind,1.225,0
2026-01-24T14:03:15.595380,-235.1454926,24.88886833,-1.441214085,-0.004968165,-0.005211015,-2.089595015,-1.365092516,1.82350564,0.118962221,0.000352614,0.000351248,-3.01E-08,0.005357388,0.030861631,-9.809165001,0.000352614,0.000351248,-3.01E-08,125.0091019,3.990121122,-1.429049597,1.801910661,0.11621299,0.921092416,1,0.3,0,0,applied,clear_constant_wind,1.225,0
2026-01-24T14:03:15.704598,-235.2808838,25.06920242,-1.4294554,-0.004990878,-0.005310839,-2.089594587,-1.369441032,1.819483876,0.118638471,0.000124163,0.000489213,-1.79E-08,0.005297124,0.030922249,-9.807795525,0.000124163,0.000489213,-1.79E-08,125.0355148,3.990121122,-1.43434171,1.796840916,0.115851446,0.920816592,1,0.3,0,0,applied,clear_constant_wind,1.225,0
2026-01-24T14:03:15.815076,-235.3960876,25.22189522,-1.419505477,-0.005018293,-0.005443784,-2.089594153,-1.373186111,1.816005707,0.118289858,5.53E-05,0.000337842,-2.14E-08,0.005237176,0.030967534,-9.8086586,5.53E-05,0.000337842,-2.14E-08,125.1754837,3.963306119,-1.438934069,1.792417205,0.115537297,0.920577172,1,0.3,0,0,applied,clear_constant_wind,1.225,0
2026-01-24T14:03:15.925143,-235.499176,25.35798454,-1.410645843,-0.005049523,-0.005580011,-2.089593722,-1.376587272,1.812833905,0.117975205,0.000259184,0.000430212,-2.60E-08,0.005186066,0.031002793,-9.809163094,0.000259184,0.000430212,-2.60E-08,124.4597855,3.963306119,-1.443122684,1.788362499,0.115251388,0.920358747,1,0.3,0,0,applied,clear_constant_wind,1.225,0
2026-01-24T14:03:16.036577,-235.5942841,25.48296738,-1.40251565,-0.005080456,-0.005714495,-2.089593145,-1.379772305,1.809852242,0.11767973,0.000352262,0.000241947,-2.96E-08,0.005134331,0.03104075,-9.80923748,0.000324879,0.000425892,-2.96E-08,124.4861984,3.932804018,-1.447040337,1.784552795,0.114984261,0.920154404,1,0.3,0,0,applied,clear_constant_wind,1.225,0
2026-01-24T14:03:16.144422,-235.7020721,25.62400436,-1.393349528,-0.005105742,-0.005837751,-2.089592577,-1.383441687,1.806402326,0.117369376,0.00023506,0.000671901,-3.26E-08,0.005089934,0.031085022,-9.80879879,0.00023506,0.000671901,-3.26E-08,124.8532867,3.932804018,-1.451552944,1.780143651,0.11467723,0.919918973,1,0.3,0,0,applied,clear_constant_wind,1.225,0
2026-01-24T14:03:16.256918,-235.8434296,25.80802536,-1.381399751,-0.005132954,-0.005962574,-2.08959216,-1.388333559,1.801780105,0.117009021,0.000308649,0.000600013,-3.95E-08,0.005012133,0.03114352,-9.807750702,0.000308649,0.000600013,-3.95E-08,124.9800568,3.932804018,-1.457600555,1.774199429,0.114265808,0.919603364,1,0.3,0,0,applied,clear_constant_wind,1.225,0
2026-01-24T14:03:16.364700,-235.9518433,25.9484272,-1.372288346,-0.005161862,-0.00611765,-2.089591398,-1.392127156,1.798179984,0.116630726,0.000225562,0.000464566,-3.80E-08,0.004953652,0.031187788,-9.809322357,0.000225562,0.000464566,-3.80E-08,124.8929062,3.903957916,-1.462342936,1.769509662,0.113942667,0.919355795,1,0.3,0,0,applied,clear_constant_wind,1.225,0
2026-01-24T14:03:16.474483,-236.0480042,26.07239151,-1.36425221,-0.005197437,-0.00627675,-2.089590688,-1.395545244,1.794922113,0.116300687,0.000310452,0.000131863,-3.59E-08,0.004888328,0.031226948,-9.809797287,0.000310452,0.000131863,-3.59E-08,124.5390167,3.876524268,-1.46662363,1.765254711,0.113651896,0.919132271,1,0.3,0,0,applied,clear_constant_wind,1.225,0
2026-01-24T14:03:16.585932,-236.1570435,26.21225166,-1.355195045,-0.005226284,-0.006424199,-2.089589788,-1.399489403,1.791144967,0.115956679,0.000229792,0.00060137,-3.75E-08,0.004846483,0.031274538,-9.809041023,0.000229792,0.00060137,-3.75E-08,125.2599945,3.876524268,-1.47155734,1.760324881,0.113317723,0.918874581,1,0.3,0,0,applied,clear_constant_wind,1.225,0
2026-01-24T14:03:16.692098,-236.2705841,26.35717583,-1.345817924,-0.00525657,-0.006576075,-2.089589042,-1.403661132,1.78713131,0.115598306,0.000159296,0.000556341,-3.22E-08,0.004783744,0.031325482,-9.809012413,0.000159296,0.000556341,-3.22E-08,124.2802048,0.132661135,-1.476804132,1.755051715,0.112962628,0.918600459,1,0.3,0,0,applied,clear_constant_wind,1.225,0
2026-01-24T14:03:16.801262,-236.4055786,26.52851105,-1.3347435,-0.005290067,-0.00674342,-2.089587953,-1.408710599,1.782246351,0.115189478,0.000108121,0.000250798,-3.85E-08,0.004698085,0.031387463,-9.808199883,0.000108121,0.000250798,-3.85E-08,124.4175339,0.132661135,-1.483191882,1.748588998,0.112531009,0.918266617,1,0.3,0,0,applied,clear_constant_wind,1.225,0
2026-01-24T14:03:16.910158,-236.5113678,26.6620388,-1.326118588,-0.005322687,-0.006925925,-2.089586728,-1.412716985,1.778351903,0.114793673,0.000416394,0.00036732,-4.52E-08,0.00464152,0.031422567,-9.809995651,0.000416394,0.00036732,-4.52E-08,124.5575027,0.132661135,-1.48831848,1.743367931,0.112184105,0.917998598,1,0.3,0,0,applied,clear_constant_wind,1.225,0
2026-01-24T14:03:17.020531,-236.6131897,26.78994942,-1.317867517,-0.005359638,-0.00711581,-2.08958571,-1.416645885,1.774514318,0.114410765,0.000334756,0.000243348,-5.42E-08,0.004581673,0.031473812,-9.809726715,0.000261233,0.000368821,-5.46E-08,124.5627823,3.818678439,-1.493360327,1.738202955,0.111844656,0.917734934,1,0.3,0,0,applied,clear_constant_wind,1.225,0
2026-01-24T14:03:17.128223,-236.7153625,26.91757393,-1.309643865,-0.005396043,-0.007305009,-2.089584501,-1.420658946,1.770575047,0.114035852,0.000338561,0.000292217,-6.07E-08,0.004521258,0.031515826,-9.80988884,0.000338561,0.000292217,-6.07E-08,124.6499329,3.79020881,-1.498509256,1.732897116,0.111499055,0.917465591,1,0.3,0,0,applied,clear_constant_wind,1.225,0
2026-01-24T14:03:17.238286,-236.8477325,27.08199883,-1.299060822,-0.005428623,-0.007486275,-2.089583354,-1.425962687,1.765339255,0.113611519,2.44E-05,0.000260994,-6.64E-08,0.004445682,0.031586386,-9.808529854,2.44E-05,0.000260994,-6.64E-08,124.4386597,3.79020881,-1.505352687,1.725795935,0.111040839,0.917107487,1,0.3,0,0,applied,clear_constant_wind,1.225,0
2026-01-24T14:03:17.348312,-236.9763031,27.24065018,-1.288860083,-0.005467301,-0.007712233,-2.089581884,-1.431204796,1.760133266,0.113129988,-4.03E-05,-8.94E-05,-6.84E-08,0.004359132,0.031646758,-9.808984756,-4.03E-05,-8.94E-05,-6.84E-08,124.6050415,3.79020881,-1.512188625,1.718645882,0.110583539,0.916749634,1,0.3,0,0,applied,clear_constant_wind,1.225,0
2026-01-24T14:03:17.458415,-237.0838318,27.37249756,-1.280392051,-0.005508626,-0.007949056,-2.089580431,-1.435663581,1.755680799,0.112681143,0.000333286,0.000100389,-8.06E-08,0.004297738,0.031684898,-9.810419083,0.000333286,0.000100389,-8.06E-08,124.3224564,3.761851457,-1.518051597,1.712467837,0.110192105,0.916442604,1,0.3,0,0,applied,clear_constant_wind,1.225,0
2026-01-24T14:03:17.565857,-237.1873627,27.49875259,-1.272294998,-0.005550883,-0.008189194,-2.089578695,-1.44004631,1.751279473,0.112245165,0.000337603,1.52E-05,-9.41E-08,0.004230552,0.031733342,-9.81047821,0.000337603,1.52E-05,-9.41E-08,124.7476501,3.761851457,-1.523837496,1.706329098,0.109808015,0.916139509,1,0.3,0,0,applied,clear_constant_wind,1.225,0
2026-01-24T14:03:17.676618,-237.2955475,27.62992477,-1.263893723,-0.005591415,-0.008429378,-2.089577128,-1.44472301,1.746555805,0.111803472,0.000277063,0.000228204,-1.03E-07,0.004171043,0.031786345,-9.810166359,0.000277063,0.000228204,-1.03E-07,124.6948318,0.131532163,-1.530034395,1.699707644,0.109398524,0.915814773,1,0.3,0,0,applied,clear_constant_wind,1.225,0
2026-01-24T14:03:17.786323,-237.4345245,27.79729843,-1.253188014,-0.005631388,-0.008676131,-2.089575635,-1.450864673,1.740310669,0.111300349,4.63E-05,-4.56E-05,-9.88E-08,0.004076034,0.031862475,-9.808739662,4.63E-05,-4.56E-05,-9.88E-08,124.5073242,0.131532163,-1.838240166,1.69086457,0.108858156,1,0,0,0,0,suppressed_near_checkpoint,clear_constant_wind,1.225,0
2026-01-24T14:03:17.895729,-237.5567474,27.94325638,-1.244003892,-0.017041879,-0.015534666,-2.08950031,-1.461336851,1.734741807,0.106503762,-0.134122014,-0.061742172,-0.000104223,0.002088904,0.036222011,-9.873998642,-0.142954245,-0.06481155,-0.000105338,124.3066101,3.705307431,-1.845661176,1.682788509,0.108432729,1,0,0,0,0,suppressed_near_checkpoint,clear_constant_wind,1.225,0
2026-01-24T14:03:18.004685,-237.6714325,28.07836151,-1.235893607,-0.024459071,-0.019949333,-2.089417752,-1.480143547,1.729322553,0.101754591,-0.070724085,-0.038162909,-0.000111906,0.002688453,0.034658298,-9.855478287,-0.070724085,-0.038162909,-0.000111906,124.5337372,3.705307431,-1.852627598,1.675130163,0.108212381,1,0,0,0,0,suppressed_near_checkpoint,clear_constant_wind,1.225,0
2026-01-24T14:03:18.113709,-237.7742615,28.1975193,-1.228967309,-0.027667242,-0.022119279,-2.089367949,-1.500778794,1.724345446,0.099258862,-0.030567264,-0.019132925,-9.35E-05,0.003126442,0.033867761,-9.834058762,-0.028685484,-0.018178832,-9.26E-05,124.6208878,3.638780011,-1.858768625,1.66831822,0.108136566,1,0,0,0,0,suppressed_near_checkpoint,clear_constant_wind,1.225,0
2026-01-24T14:03:18.223797,-237.8877258,28.32664108,-1.22157228,-0.029140774,-0.023241347,-2.089341863,-1.525260806,1.718746066,0.098168723,-0.008091546,-0.005195906,-7.11E-05,0.003354564,0.03378734,-9.817085266,-0.008091546,-0.005195906,-7.11E-05,124.7846222,3.586962305,-1.865372826,1.66093089,0.108133245,1,0,0,0,0,suppressed_near_checkpoint,clear_constant_wind,1.225,0
2026-01-24T14:03:18.334524,-238.0450745,28.5015583,-1.211561799,-0.029128975,-0.023483977,-2.089341065,-1.559523582,1.710852623,0.098407879,0.008595341,0.005211252,-4.72E-05,0.003439605,0.034096211,-9.80198288,0.008595341,0.005211252,-4.72E-05,124.6261673,3.586962305,-1.874186544,1.650975422,0.10818945,1,0,0,0,0,suppressed_near_checkpoint,clear_constant_wind,1.225,0
2026-01-24T14:03:18.443844,-238.1724854,28.63987923,-1.203558683,-0.028166703,-0.023182248,-2.089353215,-1.58622694,1.704423666,0.099261694,0.015706193,0.009417139,-3.44E-05,0.003397316,0.034505829,-9.798305511,0.015706193,0.009417139,-3.44E-05,124.536377,3.586962305,-1.881048299,1.643149782,0.108240885,1,0,0,0,0,suppressed_near_checkpoint,clear_constant_wind,1.225,0
2026-01-24T14:03:18.556111,-238.2875214,28.76239204,-1.196377516,-0.02694951,-0.022706359,-2.089367951,-1.609092116,1.69856739,0.100230835,0.019279448,0.011501772,-2.64E-05,0.003307804,0.034934878,-9.796818733,0.019279448,0.011501772,-2.64E-05,124.8163147,3.549116964,-1.887051545,1.636249564,0.108276642,1,0,0,0,0,suppressed_near_checkpoint,clear_constant_wind,1.225,0
2026-01-24T14:03:18.663901,-238.4090729,28.88955307,-1.188819766,-0.025488273,-0.022051809,-2.089386466,-1.631807327,1.69232595,0.101295732,0.020895084,0.013061364,-2.05E-05,0.003209338,0.035434991,-9.795952797,0.020851359,0.01314844,-2.04E-05,124.2115402,3.549116964,-1.893215954,1.629111835,0.108295815,1,0,0,0,0,suppressed_near_checkpoint,clear_constant_wind,1.225,0
2026-01-24T14:03:18.772240,-238.5372162,29.02129745,-1.180876136,-0.02389138,-0.021277761,-2.089407184,-1.654099822,1.685720682,0.102373548,0.02121806,0.013666618,-1.63E-05,0.003087133,0.03591688,-9.796478271,0.02121806,0.013666618,-1.63E-05,124.7106781,3.534389271,-1.899559016,1.621711608,0.108291303,1,0,0,0,0,suppressed_near_checkpoint,clear_constant_wind,1.225,0
2026-01-24T14:03:18.885415,-238.7073212,29.19279671,-1.170369864,-0.021822151,-0.020196733,-2.089432768,-1.681165338,1.676924109,0.103652559,0.02036906,0.013318187,-1.26E-05,0.002902374,0.036559001,-9.796625137,0.02036906,0.013318187,-1.26E-05,124.2432327,3.534389271,-1.907779835,1.612035635,0.108246072,1,0,0,0,0,suppressed_near_checkpoint,clear_constant_wind,1.225,0
2026-01-24T14:03:18.995956,-238.8392334,29.32333565,-1.162254214,-0.020326871,-0.019477853,-2.089448656,-1.700280547,1.670131683,0.104426503,0.019183343,0.012736016,-1.03E-05,0.002766818,0.037018254,-9.799119949,0.019183343,0.012736016,-1.03E-05,124.5759888,3.514790513,-1.914037644,1.604604904,0.108180398,1,0,0,0,0,suppressed_near_checkpoint,clear_constant_wind,1.225,0
2026-01-24T14:03:19.104838,-238.9674072,29.44835091,-1.154397964,-0.018985225,-0.018828607,-2.08946193,-1.717473269,1.663515925,0.105056323,0.017899131,0.012138945,-8.61E-06,0.002635859,0.037435055,-9.800327301,0.017899131,0.012138945,-8.61E-06,124.1428757,3.514790513,-1.920080322,1.597375144,0.108093515,1,0,0,0,0,suppressed_near_checkpoint,clear_constant_wind,1.225,0
2026-01-24T14:03:19.212319,-239.0812378,29.55794907,-1.147448897,-0.017890788,-0.018318892,-2.089471457,-1.731701493,1.657633543,0.105506591,0.016813755,0.010756287,-7.32E-06,0.002496228,0.037776038,-9.801784515,0.016813755,0.010756287,-7.32E-06,124.6842651,0.138309212,-1.925437914,1.590919562,0.107999003,1,0,0,0,0,suppressed_near_checkpoint,clear_constant_wind,1.225,0
2026-01-24T14:03:19.321553,-239.2326965,29.7018261,-1.138248086,-0.016548743,-0.017604996,-2.08948386,-1.749279618,1.6497823,0.106021747,0.014955709,0.010951498,-6.06E-06,0.002395689,0.038202181,-9.801597595,0.014955709,0.010951498,-6.06E-06,124.618248,0.138309212,-1.9325989,1.582223054,0.107850371,1,0,0,0,0,suppressed_near_checkpoint,clear_constant_wind,1.225,0
2026-01-24T14:03:19.432326,-239.4014893,29.85978889,-1.128051043,-0.015229199,-0.016920312,-2.089495327,-1.767232537,1.641046524,0.106443547,0.013315654,0.009512866,-4.89E-06,0.002229922,0.03863287,-9.802268982,0.013332622,0.00961029,-4.87E-06,124.8083954,0.138309212,-1.940727325,1.57225597,0.107650423,1,0,0,0,0,suppressed_near_checkpoint,clear_constant_wind,1.225,0
2026-01-24T14:03:19.542289,-239.5292053,29.97771263,-1.120379567,-0.014349589,-0.016539185,-2.089501674,-1.779786706,1.634470105,0.106618218,0.012475554,0.008425764,-4.05E-06,0.002109647,0.038898692,-9.80521965,0.012475554,0.008425764,-4.05E-06,124.4069672,3.483472922,-1.947030365,1.564455723,0.107475809,1,0,0,0,0,suppressed_near_checkpoint,clear_constant_wind,1.225,0
2026-01-24T14:03:19.652698,-239.6577759,30.09515762,-1.112700224,-0.013555394,-0.016235775,-2.08950578,-1.791697145,1.627798438,0.106700674,0.011272452,0.007999375,-3.32E-06,0.00202404,0.039178163,-9.805334091,0.011152789,0.008181853,-3.31E-06,124.2115402,3.459908968,-1.953590742,1.556269074,0.10728366,1,0,0,0,0,suppressed_near_checkpoint,clear_constant_wind,1.225,0
2026-01-24T14:03:19.762160,-239.7980194,30.22184181,-1.104375124,-0.012778289,-0.015938253,-2.089508321,-1.803945303,1.620465875,0.106754847,0.010036767,0.007538668,-2.68E-06,0.001924913,0.039434478,-9.8058424,0.010036767,0.007538668,-2.68E-06,124.6235275,3.459908968,-1.96105544,1.546868118,0.107054123,1,0,0,0,0,suppressed_near_checkpoint,clear_constant_wind,1.225,0
2026-01-24T14:03:19.873885,-239.9609833,30.36730194,-1.094769478,-0.0119842,-0.015669118,-2.089511302,-1.817341089,1.611852407,0.106740572,0.008589896,0.006047494,-2.07E-06,0.00179147,0.039723158,-9.80569458,0.008589896,0.006047494,-2.07E-06,124.5865555,3.459908968,-1.970295826,1.535101559,0.10675936,1,0,0,0,0,suppressed_near_checkpoint,clear_constant_wind,1.225,0
2026-01-24T14:03:19.983784,-240.1251373,30.51197815,-1.08517158,-0.011298717,-0.015572717,-2.089511073,-1.830071568,1.603044391,0.106597073,0.007473626,0.004449,-1.53E-06,0.001654647,0.039979532,-9.806482315,0.007473626,0.004449,-1.53E-06,124.5178909,0.137897079,-1.980429579,1.522028719,0.106429611,1,0,0,0,0,suppressed_near_checkpoint,clear_constant_wind,1.225,0
2026-01-24T14:03:21.464020,-241.4781647,31.66069984,-1.329472899,0.111917887,-0.020745604,-2.08753232,-0.592898488,0.496973693,-0.104478694,-0.153122798,0.029191379,0.000204444,0.000969946,0.008583486,-9.566762924,-0.153122798,0.029191379,0.000204444,124.5205307,3.559720105,-1.689668591,1.48480173,-0.294249419,0.907409398,1,0.3,0,0,applied,clear_constant_wind,1.225,0
2026-01-24T14:03:21.578474,-241.5222626,31.69768524,-1.338474274,0.013177774,-2.60E-05,-2.086204809,-0.549200237,0.460738271,-0.167715684,-0.917467892,0.195478722,0.003112202,0.007009879,0.034200404,-11.81856346,-0.917467892,0.195478722,0.003112202,124.9668503,3.559720105,-1.689797898,1.484654076,-0.294120043,0.907402558,1,0.3,0,0,applied,clear_constant_wind,1.225,0
2026-01-24T14:03:21.686877,-241.5637512,31.73257446,-1.356409431,-0.06003455,0.014735721,-2.086316583,-0.564630806,0.476828814,-0.307570606,-0.81296134,0.146064118,0.003526195,0.005146801,0.031452678,-11.45131874,-0.81296134,0.146064118,0.003526195,124.4465866,3.749394869,-1.689975565,1.484550791,-0.293438578,0.907393159,1,0.3,0,0,applied,clear_constant_wind,1.225,0
2026-01-24T14:03:21.799249,-241.6247711,31.78441048,-1.394726992,-0.111667712,0.025289736,-2.086901002,-0.639002264,0.545251131,-0.428608477,-0.304010987,0.064297482,0.002775173,0.002225399,0.013962224,-10.63238716,-0.304010987,0.064297482,0.002775173,125.1120987,3.749394869,-1.690318998,1.484427606,-0.291727557,0.907374992,1,0.3,0,0,applied,clear_constant_wind,1.225,0
2026-01-24T14:03:21.906950,-241.6795807,31.83134651,-1.431251526,-0.129193434,0.028744435,-2.087122306,-0.715561032,0.6146608,-0.4664765,-0.132601008,0.024499573,0.002065105,0.000910997,0.00916025,-10.12255573,-0.127045482,0.023372123,0.002041132,124.4756317,3.749394869,-1.690650233,1.484310007,-0.290061117,0.90735747,1,0.3,0,0,applied,clear_constant_wind,1.225,0
2026-01-24T14:03:22.016225,-241.7336731,31.87792587,-1.465174675,-0.134452851,0.029662165,-2.08711333,-0.787299156,0.679363489,-0.472495288,-0.024503632,0.002479818,0.001549882,0.000313401,0.007088721,-9.864895821,-0.024503632,0.002479818,0.001549882,124.7502899,3.717249083,-1.690972983,1.484174021,-0.288537789,0.907340396,1,0.3,0,0,applied,clear_constant_wind,1.225,0
2026-01-24T14:03:22.125519,-241.7929382,31.92916107,-1.498932242,-0.133629172,0.029312154,-2.086968234,-0.858726382,0.743602693,-0.463428557,0.04204094,-0.011360497,0.001158881,-4.07E-05,0.006439373,-9.711579323,0.04204094,-0.011360497,0.001158881,124.7133179,0.159783254,-1.691313958,1.484001873,-0.287066475,0.907322357,1,0.3,0,0,applied,clear_constant_wind,1.225,0
2026-01-24T14:03:22.235869,-241.8656616,31.99223328,-1.535731435,-0.128308679,0.028001462,-2.086714541,-0.936317742,0.813239217,-0.444266081,0.085200638,-0.020407684,0.000842427,-0.000233889,0.006833926,-9.62937355,0.085200638,-0.020407684,0.000842427,124.7080383,0.159783254,-1.69171351,1.483762039,-0.285530221,0.90730122,1,0.3,0,0,applied,clear_constant_wind,1.225,0
2026-01-24T14:03:22.346640,-241.9658966,32.07941437,-1.579590201,-0.118098466,0.0256238,-2.086348401,-1.027666926,0.895065308,-0.415723085,0.11089693,-0.025640365,0.000576874,-0.000294149,0.008287117,-9.60319519,0.11089693,-0.025640365,0.000576874,124.9853363,0.159783254,-1.692235467,1.483390712,-0.28381304,0.907273605,1,0.3,0,0,applied,clear_constant_wind,1.225,0
2026-01-24T14:03:22.455912,-242.0388031,32.14295959,-1.607600212,-0.110202833,0.02380938,-2.086105305,-1.084711552,0.946084976,-0.396333039,0.11699421,-0.026803797,0.00045407,-0.000265479,0.009613141,-9.601244926,0.11699421,-0.026803797,0.00045407,124.7080383,3.830832922,-1.692599106,1.483097396,-0.282791293,0.907254367,1,0.3,0,0,applied,clear_constant_wind,1.225,0
2026-01-24T14:03:22.564760,-242.1189117,32.212883,-1.63545692,-0.101741939,0.021877744,-2.085871029,-1.139970422,0.995444655,-0.377808958,0.11738836,-0.026725609,0.000358549,-0.000200808,0.011142433,-9.619866371,0.11738836,-0.026725609,0.000358549,124.932518,3.830832922,-1.692987114,1.482757209,-0.281839356,0.907233838,1,0.3,0,0,applied,clear_constant_wind,1.225,0
2026-01-24T14:03:22.674025,-242.2064362,32.28933716,-1.663137436,-0.093056954,0.019901831,-2.085653884,-1.192881465,1.04264307,-0.3607454,0.113789394,-0.025792275,0.000283973,-0.000110388,0.012802213,-9.642324448,0.113789394,-0.025792275,0.000283973,124.9800568,3.936449317,-1.693399525,1.482369603,-0.280960306,0.907212018,1,0.3,0,0,applied,clear_constant_wind,1.225,0
2026-01-24T14:03:22.785838,-242.3164368,32.38552475,-1.694796324,-0.083132945,0.017650331,-2.085433076,-1.250289798,1.093772054,-0.343410909,0.106380865,-0.024058228,0.000217582,1.18E-05,0.014789909,-9.671129227,0.106380865,-0.024058228,0.000217582,124.8189545,3.936449317,-1.693906468,1.48186213,-0.280038613,0.907185196,1,0.3,0,0,applied,clear_constant_wind,1.225,0
2026-01-24T14:03:22.894876,-242.4312592,32.48605347,-1.725034714,-0.073956996,0.015566353,-2.085251998,-1.301414013,1.139217973,-0.329130828,0.097392388,-0.022013992,0.000168506,0.000138402,0.016703963,-9.695703506,0.097392388,-0.022013992,0.000168506,125.265274,0.151337602,-1.694427325,1.481311636,-0.279240904,0.907157636,1,0.3,0,0,applied,clear_constant_wind,1.225,0
2026-01-24T14:03:23.003759,-242.5303192,32.57279205,-1.749339938,-0.066949383,0.013969923,-2.085127889,-1.3395648,1.173064351,-0.319294333,0.089545757,-0.020206278,0.000136946,0.000243187,0.018209927,-9.712055206,0.089545757,-0.020206278,0.000136946,125.3260193,0.151337602,-1.694870052,1.480825406,-0.278656764,0.90713421,1,0.3,0,0,applied,clear_constant_wind,1.225,0
2026-01-24T14:03:23.113960,-242.6279755,32.65832901,-1.772037387,-0.060778624,0.012561079,-2.085029195,-1.372686267,1.202385426,-0.311422616,0.082027607,-0.018512929,0.000112534,0.000343055,0.019621499,-9.72836113,0.081711754,-0.01843184,0.000111616,125.1041794,0.125427577,-1.69530297,1.480336455,-0.2781547,0.907111302,1,0.3,0,0,applied,clear_constant_wind,1.225,0
2026-01-24T14:03:23.223642,-242.7363434,32.75325394,-1.796045661,-0.054693169,0.011171468,-2.084940868,-1.40501523,1.23093307,-0.30440554,0.074184135,-0.016724577,9.11E-05,0.00043723,0.020932168,-9.741977692,0.074184135,-0.016724577,9.11E-05,124.9694901,0.125427577,-1.695780083,1.47978488,-0.277666293,0.907086055,1,0.3,0,0,applied,clear_constant_wind,1.225,0
2026-01-24T14:03:23.332324,-242.8686371,32.86916351,-1.82402873,-0.048209608,0.009689037,-2.084856535,-1.439186215,1.261006355,-0.297695011,0.065438434,-0.01479805,7.09E-05,0.000543326,0.02241566,-9.75653553,0.065438434,-0.01479805,7.09E-05,125.254715,0.125427577,-1.696360351,1.479099295,-0.277147297,0.907055349,1,0.3,0,0,applied,clear_constant_wind,1.225,0
2026-01-24T14:03:23.442261,-242.9950714,32.97996902,-1.849699378,-0.04284795,0.008454432,-2.084794458,-1.467295527,1.285642862,-0.292655975,0.057987988,-0.013148959,5.61E-05,0.000635833,0.023704782,-9.766570091,0.057742007,-0.013098862,5.57E-05,124.8717728,0.150067239,-1.696914346,1.47843249,-0.276713689,0.907026032,1,0.3,0,0,applied,clear_constant_wind,1.225,0
2026-01-24T14:03:23.551562,-243.1014709,33.07319641,-1.870645046,-0.038880589,0.007534506,-2.08475237,-1.488042355,1.30374825,-0.289240628,0.052395403,-0.011903486,4.62E-05,0.000699788,0.02459963,-9.771671295,0.052395403,-0.011903486,4.62E-05,125.2441483,0.14808804,-1.697379735,1.47786486,-0.276386774,0.907001403,1,0.3,0,0,applied,clear_constant_wind,1.225,0
2026-01-24T14:03:23.661343,-243.2093048,33.16766357,-1.891364694,-0.035300705,0.006700588,-2.084719099,-1.506744623,1.319990039,-0.286387056,0.047251821,-0.010719473,3.80E-05,0.000762403,0.025453363,-9.777766228,0.047251821,-0.010719473,3.80E-05,125.4422226,0.14808804,-1.697851263,1.477283839,-0.276084753,0.906976449,1,0.3,0,0,applied,clear_constant_wind,1.225,0
2026-01-24T14:03:23.769239,-243.3229675,33.26724243,-1.912748575,-0.03194717,0.005917282,-2.084690282,-1.524265528,1.335118413,-0.283928841,0.042370401,-0.009602277,3.10E-05,0.000821248,0.026261406,-9.782857895,0.042370401,-0.009602277,3.10E-05,125.0117493,4.228870389,-1.698349402,1.476664516,-0.275792625,0.906950085,1,0.3,0,0,applied,clear_constant_wind,1.225,0
2026-01-24T14:03:23.881142,-243.4795532,33.40436935,-1.941566229,-0.027936568,0.004982538,-2.084659114,-1.545242786,1.353086472,-0.281283706,0.036495771,-0.00827816,2.34E-05,0.000890672,0.027237242,-9.7890625,0.036495771,-0.00827816,2.34E-05,125.6983948,4.228870389,-1.699036306,1.475802829,-0.275426686,0.906913731,1,0.3,0,0,applied,clear_constant_wind,1.225,0
2026-01-24T14:03:23.992093,-243.5959625,33.50629425,-1.962598801,-0.025349362,0.004368009,-2.08464195,-1.558807135,1.364600062,-0.279633731,0.03267372,-0.007431413,1.91E-05,0.000935331,0.027872805,-9.790694237,0.03267372,-0.007431413,1.91E-05,125.0355148,4.26357115,-1.699548702,1.475155155,-0.275176773,0.906886611,1,0.3,0,0,applied,clear_constant_wind,1.225,0
2026-01-24T14:03:24.101568,-243.7086487,33.60490799,-1.982683778,-0.023122058,0.003835533,-2.084627394,-1.570520639,1.37444973,-0.278312415,0.029370828,-0.006696529,1.57E-05,0.000975341,0.028445689,-9.793357849,0.029235853,-0.0066532,1.55E-05,125.3048935,4.26357115,-1.700045277,1.474524086,-0.274950197,0.906860327,1,0.3,0,0,applied,clear_constant_wind,1.225,0
2026-01-24T14:03:24.211144,-243.822113,33.7041893,-2.002681494,-0.021120369,0.003356029,-2.0846152,-1.581084371,1.383239269,-0.277198851,0.026396973,-0.00602507,1.28E-05,0.001007393,0.028921893,-9.795082092,0.026396973,-0.00602507,1.28E-05,125.4475021,0.149823171,-1.700547266,1.473883145,-0.274734625,0.906833757,1,0.3,0,0,applied,clear_constant_wind,1.225,0
2026-01-24T14:03:24.320328,-243.9601746,33.82495117,-2.02674675,-0.018970755,0.002842428,-2.084603158,-1.592479944,1.392594934,-0.276077777,0.023165353,-0.005266737,1.01E-05,0.00104551,0.02946067,-9.797599792,0.023165353,-0.005266737,1.01E-05,125.7274399,0.149823171,-1.701160286,1.473096874,-0.274486996,0.906801308,1,0.3,0,0,applied,clear_constant_wind,1.225,0
2026-01-24T14:03:24.431554,-244.1183929,33.96328354,-2.054023266,-0.01684156,0.002329909,-2.084592494,-1.603842378,1.401757121,-0.275025338,0.019989243,-0.004561117,7.64E-06,0.001081713,0.030011956,-9.799648285,0.019906906,-0.004523371,7.57E-06,125.3814774,0.149823171,-1.701866045,1.472187493,-0.27421948,0.906763949,1,0.3,0,0,applied,clear_constant_wind,1.225,0
2026-01-24T14:03:24.541244,-244.2341461,34.06443024,-2.073800087,-0.015480327,0.001992781,-2.08458735,-1.611160636,1.407547593,-0.274335444,0.017971531,-0.004102672,6.25E-06,0.001102366,0.030341391,-9.799446106,0.017971531,-0.004102672,6.25E-06,125.6534958,0.148395368,-1.702384231,1.471517312,-0.274033192,0.906736518,1,0.3,0,0,applied,clear_constant_wind,1.225,0
2026-01-24T14:03:24.650448,-244.3455505,34.16172409,-2.092709541,-0.014306982,0.001699112,-2.084583195,-1.617516398,1.41247952,-0.273758858,0.016206279,-0.003713131,5.15E-06,0.001122743,0.030652719,-9.800556183,0.016130256,-0.003666462,5.11E-06,125.3894043,0.128346619,-1.702884342,1.470868738,-0.27386031,0.906710044,1,0.3,0,0,applied,clear_constant_wind,1.225,0
2026-01-24T14:03:24.758461,-244.4671021,34.26784515,-2.113221407,-0.01316159,0.001414616,-2.084578566,-1.623769403,1.417224407,-0.273224205,0.014482053,-0.003258364,4.17E-06,0.001142345,0.030944303,-9.801474571,0.014412747,-0.003227329,4.14E-06,126.0469971,0.128346619,-1.703432454,1.47015607,-0.273677787,0.906681027,1,0.3,0,0,applied,clear_constant_wind,1.225,0
2026-01-24T14:03:24.865997,-244.6184387,34.39989471,-2.138604403,-0.011908635,0.001107366,-2.084573951,-1.630679727,1.422316432,-0.272661567,0.012578227,-0.002822045,3.19E-06,0.001160767,0.031255431,-9.802521706,0.012578227,-0.002822045,3.19E-06,125.6455765,0.128346619,-1.704117828,1.469262525,-0.273458157,0.906644742,1,0.3,0,0,applied,clear_constant_wind,1.225,0
2026-01-24T14:03:24.976801,-244.7605743,34.52382278,-2.162303925,-0.010885616,0.000847566,-2.084570655,-1.636399269,1.426380515,-0.272171617,0.01103281,-0.002507453,2.50E-06,0.00117467,0.031519629,-9.802886009,0.01103281,-0.002507453,2.50E-06,125.669342,0.148118875,-1.704764121,1.468417717,-0.273258532,0.906610525,1,0.3,0,0,applied,clear_constant_wind,1.225,0
2026-01-24T14:03:25.087585,-244.8785248,34.62663269,-2.181886911,-0.010135146,0.000650979,-2.084568321,-1.640653968,1.429291487,-0.271798223,0.009927853,-0.002229413,2.05E-06,0.00118525,0.03171356,-9.802799225,0.009927853,-0.002229413,2.05E-06,125.568985,0.148118875,-1.705303669,1.46771093,-0.273096727,0.906581959,1,0.3,0,0,applied,clear_constant_wind,1.225,0
2026-01-24T14:03:25.195928,-244.9968109,34.72963715,-2.201444387,-0.009461606,0.000474073,-2.084566331,-1.644525647,1.431834102,-0.271461964,0.008916575,-0.001965594,1.67E-06,0.001195144,0.031888768,-9.803249359,0.008916575,-0.001965594,1.67E-06,125.2045364,0.149222087,-1.705845484,1.466999905,-0.272938036,0.906553271,1,0.3,0,0,applied,clear_constant_wind,1.225,0
2026-01-24T14:03:25.303732,-245.1203156,34.83711243,-2.221792221,-0.008833286,0.000309512,-2.084566867,-1.648193002,1.434131145,-0.271146715,0.00796519,-0.001708432,1.34E-06,0.001204304,0.032053113,-9.803650856,0.00796519,-0.001708432,1.34E-06,125.2388687,0.1472124,-1.706413078,1.466253779,-0.272775391,0.906523218,1,0.3,0,0,applied,clear_constant_wind,1.225,0
2026-01-24T14:03:25.416562,-245.2886658,34.98353577,-2.249429464,-0.0080842,0.000120029,-2.08456795,-1.652652502,1.436746359,-0.270785123,0.006838359,-0.001435046,1.00E-06,0.001212995,0.032249816,-9.804553032,0.006838359,-0.001435046,1.00E-06,125.7617722,0.1472124,-1.707191421,1.465228634,-0.27255761,0.906482004,1,0.3,0,0,applied,clear_constant_wind,1.225,0
2026-01-24T14:03:25.524990,-245.4176178,35.09566879,-2.270539045,-0.007584753,-1.60E-05,-2.084568543,-1.655698657,1.438401461,-0.270485729,0.006078989,-0.001270526,7.99E-07,0.001218153,0.032381665,-9.804059982,0.006078989,-0.001270526,7.99E-07,125.3471451,0.1472124,-1.707792576,1.464435417,-0.272392883,0.906450171,1,0.3,0,0,applied,clear_constant_wind,1.225,0
2026-01-24T14:03:25.634846,-245.5270538,35.19064713,-2.288383484,-0.007206583,-0.000124405,-2.084567734,-1.658061385,1.439591765,-0.270249158,0.005513924,-0.00122598,6.62E-07,0.001218043,0.032482125,-9.803934097,0.005513924,-0.00122598,6.62E-07,125.3154526,4.363089265,-1.708300563,1.463764198,-0.272255803,0.906423271,1,0.3,0,0,applied,clear_constant_wind,1.225,0
2026-01-24T14:03:25.742534,-245.651413,35.29866409,-2.308643341,-0.006819191,-0.000230927,-2.084567014,-1.660533786,1.440732121,-0.270009965,0.004932064,-0.000966444,5.34E-07,0.001225183,0.032585207,-9.804478645,0.004932064,-0.000966444,5.34E-07,125.4791946,4.363089265,-1.708885205,1.462990664,-0.272100259,0.90639231,1,0.3,0,0,applied,clear_constant_wind,1.225,0
2026-01-24T14:03:25.851731,-245.7960968,35.42406082,-2.332123041,-0.006421056,-0.000337018,-2.084566378,-1.663147569,1.441804647,-0.269759685,0.004310417,-0.000829078,4.18E-07,0.001227765,0.032692514,-9.804843903,0.004310417,-0.000829078,4.18E-07,125.846283,4.363089265,-1.709562261,1.462093593,-0.271922498,0.906356455,1,0.3,0,0,applied,clear_constant_wind,1.225,0
2026-01-24T14:03:25.960430,-245.9457855,35.55385208,-2.356389046,-0.006060855,-0.000436353,-2.08456587,-1.66559732,1.442665219,-0.269504696,0.003765897,-0.0007336,3.20E-07,0.001227988,0.032792795,-9.805063248,0.003750872,-0.000729469,3.18E-07,125.8806152,4.355488944,-1.710271645,1.461152309,-0.271738558,0.906318885,1,0.3,0,0,applied,clear_constant_wind,1.225,0
2026-01-24T14:03:26.071294,-246.0658722,35.65776443,-2.375786543,-0.005806295,-0.000511952,-2.08456546,-1.667392135,1.443194389,-0.269295931,0.003411923,-0.000654123,2.71E-07,0.00122739,0.032858141,-9.80445385,0.003411923,-0.000654123,2.71E-07,125.63237,0.146397442,-1.710838725,1.460398806,-0.271593353,0.906288852,1,0.3,0,0,applied,clear_constant_wind,1.225,0
2026-01-24T14:03:26.179523,-246.1909943,35.76600647,-2.39597559,-0.005568798,-0.000582998,-2.084565248,-1.669127464,1.443606019,-0.269087374,0.00304478,-0.00050397,2.26E-07,0.001229601,0.032923292,-9.804820061,0.00304478,-0.00050397,2.26E-07,125.901741,0.146397442,-1.711433642,1.459607458,-0.271442025,0.906257342,1,0.3,0,0,applied,clear_constant_wind,1.225,0
2026-01-24T14:03:26.288259,-246.3111115,35.8699379,-2.415343761,-0.005365112,-0.000645965,-2.084564968,-1.670677066,1.443882108,-0.268896252,0.002735017,-0.000436141,1.82E-07,0.001228573,0.032979678,-9.804814339,0.002735017,-0.000436141,1.82E-07,125.6429291,0.146948627,-1.712010266,1.458839594,-0.271296387,0.906226801,1,0.3,0,0,applied,clear_constant_wind,1.225,0
2026-01-24T14:03:26.400544,-246.4767456,36.01294327,-2.441952229,-0.005117625,-0.000712109,-2.08456473,-1.672644258,1.444092393,-0.268673271,0.002349468,-0.000337677,1.34E-07,0.001227328,0.033048932,-9.805480003,0.002349468,-0.000337677,1.34E-07,125.6983948,0.146948627,-1.712802511,1.457783056,-0.271098898,0.906184837,1,0.3,0,0,applied,clear_constant_wind,1.225,0
2026-01-24T14:03:26.522287,-246.63237,36.14728165,-2.466927528,-0.004916904,-0.000772507,-2.084564432,-1.674337626,1.44413662,-0.268442303,0.002032363,-0.000311547,9.42E-08,0.001223753,0.033107426,-9.805392265,0.002025884,-0.000305876,9.29E-08,125.5953979,0.146948627,-1.71355444,1.456778927,-0.270912675,0.906145007,1,0.3,0,0,applied,clear_constant_wind,1.225,0
2026-01-24T14:03:26.631538,-246.7578735,36.25561905,-2.487054586,-0.004774908,-0.000821006,-2.084564287,-1.675608158,1.444077969,-0.268250406,0.001851322,-0.000232681,7.09E-08,0.001221943,0.033145327,-9.804830551,0.001851322,-0.000232681,7.09E-08,125.7696991,0.146921233,-1.714166866,1.455960115,-0.270761851,0.906112565,1,0.3,0,0,applied,clear_constant_wind,1.225,0
2026-01-24T14:03:26.742377,-246.8786316,36.35962296,-2.506361723,-0.004653258,-0.000865899,-2.084564197,-1.676761031,1.443945289,-0.268067747,0.00166218,-0.00018296,6.76E-08,0.001219702,0.033180688,-9.804970741,0.00166218,-0.00018296,6.76E-08,125.8938217,0.12509647,-1.714752958,1.455175652,-0.270618442,0.906081517,1,0.3,0,0,applied,clear_constant_wind,1.225,0
2026-01-24T14:03:26.852683,-247.0045166,36.46792221,-2.526460409,-0.004539665,-0.000906367,-2.084564042,-1.677900076,1.443735719,-0.267892301,0.001482276,-9.94E-05,4.93E-08,0.00121847,0.033215631,-9.805233955,0.001469638,-9.16E-05,4.90E-08,125.901741,0.12509647,-1.715365116,1.454355527,-0.270468951,0.906049087,1,0.3,0,0,applied,clear_constant_wind,1.225,0
2026-01-24T14:03:26.959486,-247.160614,36.60214233,-2.551366091,-0.004414667,-0.000942277,-2.084563988,-1.679232955,1.443389297,-0.267700911,0.001280144,-5.20E-05,3.14E-08,0.001214574,0.033251677,-9.805521965,0.001280144,-5.20E-05,3.14E-08,126.0390701,0.12509647,-1.71612945,1.453330478,-0.270282374,0.906008594,1,0.3,0,0,applied,clear_constant_wind,1.225,0
2026-01-24T14:03:27.068442,-247.3016052,36.72337341,-2.573843956,-0.004316607,-0.000979044,-2.084563983,-1.680369496,1.443004489,-0.267501265,0.001126074,-5.04E-05,2.31E-08,0.00120925,0.03328272,-9.805410385,0.001118238,-5.97E-05,2.31E-08,125.6006775,0.147609519,-1.716827211,1.452393508,-0.27011312,0.905971626,1,0.3,0,0,applied,clear_constant_wind,1.225,0
2026-01-24T14:03:27.178502,-247.4225769,36.82728577,-2.59309864,-0.00424232,-0.001010345,-2.084563828,-1.68129909,1.442625403,-0.267332673,0.001039301,-4.07E-05,1.74E-08,0.00120483,0.033303969,-9.804966927,0.001039301,-4.07E-05,1.74E-08,125.4924011,0.14881612,-1.717427829,1.451586077,-0.269968176,0.905939804,1,0.3,0,0,applied,clear_constant_wind,1.225,0
2026-01-24T14:03:27.288370,-247.5488434,36.93544769,-2.61314249,-0.004172837,-0.001039427,-2.084563787,-1.682231307,1.442183614,-0.267160058,0.0009305,5.31E-05,1.19E-08,0.001203605,0.033326913,-9.805300713,0.000920549,6.20E-05,1.11E-08,125.8911819,0.14881612,-1.718049737,1.450749308,-0.269817914,0.905906852,1,0.3,0,0,applied,clear_constant_wind,1.225,0
2026-01-24T14:03:27.394902,-247.6751099,37.04359436,-2.633174181,-0.004110728,-0.001064346,-2.084563767,-1.683129549,1.441700935,-0.266997248,0.000836956,8.30E-05,8.13E-10,0.001199301,0.033345964,-9.805196762,0.000836956,8.30E-05,8.13E-10,125.8383636,0.147698402,-1.718676858,1.449904648,-0.269666933,0.905873623,1,0.3,0,0,applied,clear_constant_wind,1.225,0
2026-01-24T14:03:27.505113,-247.8468323,37.19062042,-2.660396576,-0.004036137,-0.001086793,-2.084563738,-1.684304118,1.440984011,-0.266800284,0.000720233,0.000118608,1.44E-09,0.0011937,0.033370797,-9.8058424,0.000720233,0.000118608,1.44E-09,125.5980377,0.147698402,-1.719537219,1.448744466,-0.269460377,0.905828034,1,0.3,0,0,applied,clear_constant_wind,1.225,0
2026-01-24T14:03:27.614007,-247.9730988,37.29867172,-2.680399656,-0.003988913,-0.001112171,-2.084563643,-1.685133696,1.440422535,-0.266614079,0.000650248,0.00012359,-4.69E-09,0.001189104,0.033387553,-9.805214882,0.000639699,0.0001226,-5.50E-09,125.9941788,0.147698402,-1.720174837,1.447883686,-0.269307368,0.905794246,1,0.3,0,0,applied,clear_constant_wind,1.225,0
2026-01-24T14:03:27.724716,-248.0993652,37.4066925,-2.7003901,-0.003946938,-0.001133557,-2.084563661,-1.685942054,1.439830184,-0.266447335,0.000585631,0.00013656,-8.00E-09,0.001184228,0.033401705,-9.805194855,0.000585631,0.00013656,-8.00E-09,125.9862518,0.147678811,-1.720817356,1.447015402,-0.269153563,0.905760197,1,0.3,0,0,applied,clear_constant_wind,1.225,0
2026-01-24T14:03:27.832976,-248.2158203,37.50601196,-2.718770027,-0.003912642,-0.001155115,-2.084563591,-1.68666935,1.439260125,-0.266288549,0.000537676,0.00011351,-1.66E-09,0.001178542,0.033414271,-9.80510807,0.000537676,0.00011351,-1.66E-09,126.5223694,0.147743512,-1.721404047,1.446221843,-0.269013124,0.905729105,1,0.3,0,0,applied,clear_constant_wind,1.225,0
2026-01-24T14:03:27.941288,-248.3627319,37.63120651,-2.74192977,-0.003873108,-0.001170307,-2.084563525,-1.687567234,1.438509107,-0.266114593,0.000451601,0.000194966,1.20E-09,0.001175718,0.033429775,-9.805624962,0.000451601,0.000194966,1.20E-09,125.4607086,0.147743512,-1.722147828,1.445214722,-0.268835583,0.905689687,1,0.3,0,0,applied,clear_constant_wind,1.225,0
2026-01-24T14:03:28.052675,-248.5248413,37.76926804,-2.767466307,-0.003835235,-0.001185865,-2.084563561,-1.688533306,1.437647939,-0.265921563,0.000400313,0.000170787,-1.32E-08,0.001167963,0.033444524,-9.805750847,0.000400313,0.000170787,-1.32E-08,126.2371445,0.147743512,-1.722975094,1.444093244,-0.268638181,0.905645842,1,0.3,0,0,applied,clear_constant_wind,1.225,0
2026-01-24T14:03:28.160376,-248.6413574,37.86843491,-2.785809517,-0.003812059,-0.001204978,-2.084563509,-1.689211488,1.437012792,-0.265754163,0.000387869,0.00013849,-3.38E-09,0.001161517,0.033453569,-9.80493927,0.000387869,0.00013849,-3.38E-09,126.4880371,0,-1.723573634,1.443281015,-0.268495174,0.905614118,1,0.3,0,0,applied,clear_constant_wind,1.225,0
2026-01-24T14:03:28.269581,-248.7629395,37.9718895,-2.804938078,-0.003790097,-0.001221746,-2.084563463,-1.689911366,1.436330199,-0.265590638,0.000349491,0.000212624,8.74E-10,0.001159619,0.03346372,-9.805324554,0.000342481,0.00023533,4.62E-10,126.1288681,0,-1.724202989,1.442426109,-0.268345265,0.90558076,1,0.3,0,0,applied,clear_constant_wind,1.225,0
2026-01-24T14:03:28.378456,-248.8895874,38.07957458,-2.824851751,-0.003769508,-0.001235127,-2.084563523,-1.690631509,1.43560195,-0.265432715,0.000314373,0.000247061,-4.65E-10,0.001154619,0.033472691,-9.805285454,0.000314373,0.000247061,-4.65E-10,126.332222,0.147795535,-1.724861869,1.441530303,-0.26818799,0.905545836,1,0.3,0,0,applied,clear_constant_wind,1.225,0
2026-01-24T14:03:28.488652,-249.0519104,38.21735764,-2.850324154,-0.003745737,-0.001243937,-2.084563487,-1.691541314,1.434646487,-0.2652466,0.000256979,0.000229086,1.09E-08,0.001147456,0.033484571,-9.805776596,0.000256979,0.000229086,1.09E-08,126.1896057,0.147795535,-1.725706858,1.440380104,-0.267986718,0.905501044,1,0.3,0,0,applied,clear_constant_wind,1.225,0
2026-01-24T14:03:28.599459,-249.1941833,38.33784103,-2.872596502,-0.003728169,-0.001259447,-2.084563449,-1.692326188,1.433794379,-0.265053779,0.000228917,0.000218484,1.19E-08,0.001141256,0.033493504,-9.805455208,0.000228917,0.000218484,1.19E-08,126.0786896,0,-1.726445569,1.439373377,-0.267810825,0.905461885,1,0.3,0,0,applied,clear_constant_wind,1.225,0
2026-01-24T14:03:28.705798,-249.2907257,38.41954041,-2.887701273,-0.003718804,-0.001277143,-2.084563417,-1.692853928,1.433207154,-0.264912724,0.000201986,-0.000141762,-4.82E-10,0.001124626,0.033499904,-9.804616928,0.000201986,-0.000141762,-4.82E-10,126.3005295,0,-1.726949367,1.438686202,-0.267690634,0.905435178,1,0.3,0,0,applied,clear_constant_wind,1.225,0
2026-01-24T14:03:28.814034,-249.412674,38.52272034,-2.906769276,-0.00370661,-0.001290442,-2.084563387,-1.693520308,1.432450175,-0.264754057,0.000222904,0.000241602,-1.13E-09,0.001131649,0.033505529,-9.805354118,0.000222904,0.000241602,-1.13E-09,126.2212982,0,-1.727590445,1.437810939,-0.267538203,0.905401191,1,0.3,0,0,applied,clear_constant_wind,1.225,0
2026-01-24T14:03:28.924229,-249.5701904,38.65588379,-2.931382179,-0.003691863,-0.00129521,-2.084563367,-1.694375634,1.431456566,-0.264578253,0.000171783,0.000286336,7.48E-10,0.001126667,0.033515051,-9.805770874,0.000171783,0.000286336,7.48E-10,126.2212982,0,-1.728423447,1.436672481,-0.267339679,0.905357029,1,0.3,0,0,applied,clear_constant_wind,1.225,0
2026-01-24T14:03:29.035029,-249.7226257,38.78467178,-2.955184698,-0.003680075,-0.001305764,-2.084563342,-1.695195556,1.430483341,-0.264382154,0.000149534,0.000243297,1.50E-09,0.001118703,0.033522975,-9.805620193,0.000149534,0.000243297,1.50E-09,126.2028122,0,-1.729236452,1.43556,-0.267145856,0.905313924,1,0.3,0,0,applied,clear_constant_wind,1.225,0
2026-01-24T14:03:29.142484,-249.8394928,38.88336563,-2.97342205,-0.003672958,-0.00132155,-2.084563316,-1.695820451,1.4297297,-0.264214218,0.000163967,0.000210283,-4.73E-09,0.001111728,0.033527967,-9.804982185,0.000163967,0.000210283,-4.73E-09,125.9360733,0,-1.729864774,1.434699286,-0.266996176,0.905280609,1,0.3,0,0,applied,clear_constant_wind,1.225,0
2026-01-24T14:03:29.252673,-249.9615784,38.9862709,-2.992439985,-0.003665937,-0.001334757,-2.084563293,-1.696473002,1.428931832,-0.264049113,0.000154962,0.00027948,-2.78E-09,0.001108634,0.033533573,-9.805241585,0.000154962,0.00027948,-2.78E-09,126.3903198,0.147459676,-1.730519791,1.433801187,-0.266839905,0.905245878,1,0.3,0,0,applied,clear_constant_wind,1.225,0
2026-01-24T14:03:29.358511,-250.0889893,39.09341049,-3.012238026,-0.003659338,-0.001345708,-2.084563273,-1.697152615,1.42808938,-0.263885289,0.000137243,0.000322358,1.09E-09,0.001104468,0.033539586,-9.805347443,0.000137243,0.000322358,1.09E-09,126.3612671,0.147459676,-1.731200201,1.432867309,-0.266677747,0.905209799,1,0.3,0,0,applied,clear_constant_wind,1.225,0
2026-01-24T14:03:29.471268,-250.2622681,39.2390213,-3.03914237,-0.003650625,-0.00134895,-2.084563261,-1.698076248,1.426929832,-0.26369366,0.000125157,0.000329435,-4.92E-09,0.001096679,0.033547342,-9.805933952,0.000125157,0.000329435,-4.92E-09,126.6332855,0.147459676,-1.732132965,1.431585522,-0.26645545,0.905160337,1,0.3,0,0,applied,clear_constant_wind,1.225,0
2026-01-24T14:03:29.580612,-250.3947754,39.35030365,-3.059703112,-0.003645376,-0.001361804,-2.08456324,-1.698777676,1.426038146,-0.263499916,0.000109972,0.000310638,-4.65E-09,0.001090684,0.033552889,-9.805250168,0.000109972,0.000310638,-4.65E-09,126.4721909,0,-1.732852526,1.430595512,-0.266283855,0.905122178,1,0.3,0,0,applied,clear_constant_wind,1.225,0
2026-01-24T14:03:29.691438,-250.5170898,39.45293427,-3.078669786,-0.003641705,-0.001375637,-2.084563319,-1.699426174,1.425206542,-0.263329715,0.00010513,0.000288476,-9.01E-09,0.001084002,0.033557922,-9.80516243,0.00010513,0.000288476,-9.01E-09,126.6966705,0.147522241,-1.733520067,1.429676206,-0.266124192,0.905086777,1,0.3,0,0,applied,clear_constant_wind,1.225,0
2026-01-24T14:03:29.801546,-250.6445007,39.55979538,-3.098412991,-0.003637985,-0.001386613,-2.084563153,-1.700103164,1.424330831,-0.263160855,0.000100235,0.000332821,-1.10E-08,0.001079737,0.033562895,-9.805317879,0.000100235,0.000332821,-1.10E-08,126.5091629,0.147522241,-1.734220739,1.428710228,-0.265956892,0.905049617,1,0.3,0,0,applied,clear_constant_wind,1.225,0
2026-01-24T14:03:29.930284,-250.7821045,39.67514038,-3.119721413,-0.003634267,-0.001395033,-2.084563139,-1.700835943,1.423376083,-0.262985259,8.32E-05,0.000344252,-1.94E-08,0.00107411,0.033568598,-9.80546093,8.32E-05,0.000344252,-1.94E-08,126.5910339,0,-1.734983174,1.427657943,-0.265774868,0.90500918,1,0.3,0,0,applied,clear_constant_wind,1.225,0
2026-01-24T14:03:30.053858,-250.9556274,39.82027054,-3.146534681,-0.003629717,-0.001399776,-2.084563129,-1.701760173,1.42216289,-0.262781769,8.60E-05,0.000332871,-2.26E-08,0.001065312,0.033575103,-9.805896759,8.60E-05,0.000332871,-2.26E-08,126.4563446,0,-1.73594392,1.426330292,-0.265545197,0.904958222,1,0.3,0,0,applied,clear_constant_wind,1.225,0
2026-01-24T14:03:30.161393,-251.0834198,39.92689133,-3.166235924,-0.003627536,-0.001414635,-2.08456311,-1.702437878,1.421267033,-0.262585729,8.43E-05,0.00031647,-9.90E-09,0.001059373,0.033579528,-9.805110931,8.43E-05,0.00031647,-9.90E-09,126.4114456,0,-1.736649697,1.42535381,-0.265376202,0.904920786,1,0.3,0,0,applied,clear_constant_wind,1.225,0
2026-01-24T14:03:30.270453,-251.2061005,40.02919006,-3.18513608,-0.00362605,-0.001428323,-2.084563092,-1.703091502,1.420398116,-0.262412637,7.90E-05,0.000305906,-8.04E-09,0.001053091,0.033584099,-9.805158615,7.90E-05,0.000305906,-8.04E-09,126.2741165,0.147238842,-1.73733206,1.424408721,-0.265212885,0.904884591,1,0.3,0,0,applied,clear_constant_wind,1.225,0
2026-01-24T14:03:30.380242,-251.3287811,40.13143921,-3.204023838,-0.003624602,-0.001440006,-2.084563077,-1.703748107,1.419521213,-0.262245655,7.89E-05,0.000327217,-5.01E-09,0.001048033,0.033588428,-9.805213928,7.89E-05,0.000327217,-5.01E-09,126.5989532,0.126030657,-1.73801948,1.423455617,-0.265048493,0.904848125,1,0.3,0,0,applied,clear_constant_wind,1.225,0
2026-01-24T14:03:30.490443,-251.4770203,40.25489807,-3.226831436,-0.003622269,-0.001445051,-2.084563069,-1.704544663,1.418452382,-0.262062013,5.39E-05,0.000349256,3.85E-09,0.001042446,0.033594333,-9.805605888,5.39E-05,0.000349256,3.85E-09,126.8181534,0.126030657,-1.738855927,1.422294617,-0.264848129,0.904803753,1,0.3,0,0,applied,clear_constant_wind,1.225,0
2026-01-24T14:03:30.599584,-251.6457062,40.39526367,-3.252763748,-0.003620015,-0.00145078,-2.08456306,-1.705452561,1.41722846,-0.261851877,5.87E-05,0.000315208,7.99E-09,0.001033141,0.033600111,-9.805802345,5.87E-05,0.000315208,7.99E-09,126.6359253,0.126030657,-1.739815648,1.420960765,-0.264617887,0.904752838,1,0.3,0,0,applied,clear_constant_wind,1.225,0
2026-01-24T14:03:30.708530,-251.7632751,40.49301529,-3.270825863,-0.003619586,-0.001466125,-2.084563042,-1.706084013,1.416373849,-0.261666536,8.01E-05,0.000245099,3.91E-09,0.001025005,0.033603378,-9.804780006,8.01E-05,0.000245099,3.91E-09,126.5593414,0.147164964,-1.740489537,1.420023084,-0.264455841,0.904717085,1,0.3,0,0,applied,clear_constant_wind,1.225,0
2026-01-24T14:03:30.818429,-251.8912659,40.59921265,-3.290443659,-0.003618855,-0.001478684,-2.084563026,-1.706775904,1.415434718,-0.261482209,6.47E-05,0.000342,-2.12E-09,0.001022623,0.033608034,-9.805236816,6.47E-05,0.000342,-2.12E-09,126.4246521,0.147164964,-1.741221616,1.419003277,-0.26428018,0.904678244,1,0.3,0,0,applied,clear_constant_wind,1.225,0
2026-01-24T14:03:30.925859,-252.0040588,40.69261932,-3.307696342,-0.003618983,-0.001493226,-2.08456301,-1.707387567,1.414601803,-0.261318654,6.65E-05,0.000229215,-3.02E-09,0.001015142,0.033611964,-9.805051804,6.68E-05,0.000291123,-4.19E-09,126.6517715,0.14845692,-1.741865806,1.418104936,-0.26412577,0.904644064,1,0.3,0,0,applied,clear_constant_wind,1.225,0
2026-01-24T14:03:31.037045,-252.1732483,40.83260345,-3.333556414,-0.003616891,-0.001491879,-2.084563009,-1.708310485,1.413341165,-0.261124194,4.73E-05,0.000368993,8.95E-09,0.001010424,0.0336181,-9.805820465,4.73E-05,0.000368993,8.95E-09,126.5514145,0.14845692,-1.742838735,1.416746597,-0.26389199,0.904592439,1,0.3,0,0,applied,clear_constant_wind,1.225,0
2026-01-24T14:03:31.147047,-252.311676,40.94703674,-3.354698658,-0.003616486,-0.001504961,-2.084562994,-1.709065437,1.412306666,-0.260913968,4.54E-05,0.000322585,5.24E-09,0.001002179,0.033622898,-9.805354118,3.94E-05,0.000306434,4.06E-09,126.9845352,3.893022046,-1.743641371,1.415624571,-0.263698733,0.904549848,1,0.3,0,0,applied,clear_constant_wind,1.225,0
2026-01-24T14:03:31.256163,-252.4398499,41.0529213,-3.374260664,-0.003616453,-0.001517389,-2.08456298,-1.709767222,1.411342978,-0.260729373,5.98E-05,0.000326055,3.95E-09,0.00099627,0.033626392,-9.805060387,5.98E-05,0.000326055,3.95E-09,126.4140854,3.893022046,-1.744390256,1.414576463,-0.263518329,0.904510108,1,0.3,0,0,applied,clear_constant_wind,1.225,0
2026-01-24T14:03:31.365063,-252.5628967,41.1545105,-3.393027306,-0.003616588,-0.001531133,-2.084562964,-1.71044445,1.410410285,-0.260546684,6.08E-05,0.000331726,1.01E-08,0.000990645,0.033630352,-9.805082321,6.08E-05,0.000331726,1.01E-08,126.7045898,0.146923616,-1.745114662,1.413561475,-0.26334383,0.904471665,1,0.3,0,0,applied,clear_constant_wind,1.225,0
2026-01-24T14:03:31.472579,-252.6961975,41.26449203,-3.413341999,-0.003616436,-0.001541483,-2.084562952,-1.711183429,1.409390688,-0.260360897,4.87E-05,0.000377805,1.22E-08,0.000986176,0.033635028,-9.805317879,4.87E-05,0.000377805,1.22E-08,126.324295,0.146923616,-1.745905275,1.412452436,-0.263153421,0.904429706,1,0.3,0,0,applied,clear_constant_wind,1.225,0
2026-01-24T14:03:31.586249,-252.8708649,41.40818024,-3.43988657,-0.003615752,-0.001545883,-2.084562947,-1.712155342,1.408045888,-0.260145068,5.35E-05,0.00036648,5.80E-09,0.000977109,0.033640757,-9.805865288,5.35E-05,0.00036648,5.80E-09,127.1218643,0.146923616,-1.7469369,1.411003369,-0.262904582,0.904374954,1,0.3,0,0,applied,clear_constant_wind,1.225,0
2026-01-24T14:03:31.695958,-252.9994202,41.51375198,-3.45938921,-0.00361599,-0.001561452,-2.084562929,-1.712869763,1.407054901,-0.259934217,5.57E-05,0.000351785,5.57E-09,0.000970988,0.033644579,-9.805007935,5.57E-05,0.000351785,5.57E-09,126.223938,0.146773894,-1.747698521,1.409932109,-0.262720793,0.90433453,1,0.3,0,0,applied,clear_constant_wind,1.225,0
2026-01-24T14:03:31.804930,-253.1228333,41.61501694,-3.478098392,-0.003616635,-0.001576053,-2.084562763,-1.7135607,1.406095147,-0.259747267,5.13E-05,0.000337252,3.07E-09,0.000964318,0.0336487,-9.80505085,5.13E-05,0.000337252,3.07E-09,126.9924545,0.147831613,-1.748434405,1.408895924,-0.262542879,0.90429547,1,0.3,0,0,applied,clear_constant_wind,1.225,0
2026-01-24T14:03:31.916282,-253.2462463,41.71622086,-3.496793509,-0.003617089,-0.001588628,-2.08456275,-1.714256525,1.405128002,-0.259566158,5.51E-05,0.00035963,2.93E-09,0.000959792,0.033652849,-9.805195808,5.11E-05,0.000383843,2.53E-09,126.4246521,0.147831613,-1.749175925,1.407850602,-0.262363704,0.904256109,1,0.3,0,0,applied,clear_constant_wind,1.225,0
2026-01-24T14:03:32.023324,-253.3953705,41.83842087,-3.519367218,-0.003616489,-0.0015926,-2.084562745,-1.715101242,1.403951287,-0.25936991,4.00E-05,0.000405009,4.33E-09,0.000953914,0.033657834,-9.805473328,4.00E-05,0.000405009,4.33E-09,126.860405,0.147831613,-1.750079311,1.406575526,-0.262145207,0.904208154,1,0.3,0,0,applied,clear_constant_wind,1.225,0
2026-01-24T14:03:32.134800,-253.5599213,41.97314072,-3.54425478,-0.003616447,-0.001600725,-2.084562736,-1.716036797,1.402644873,-0.259141743,3.43E-05,0.000315141,4.13E-09,0.000943019,0.033663426,-9.805674553,3.43E-05,0.000315141,4.13E-09,126.7758942,3.777922501,-1.751085279,1.405153645,-0.261901537,0.904154751,1,0.3,0,0,applied,clear_constant_wind,1.225,0
2026-01-24T14:03:32.246076,-253.6834106,42.07410431,-3.562906265,-0.0036171,-0.001617168,-2.084562718,-1.716739058,1.401662707,-0.258937448,6.14E-05,0.000318004,-7.60E-10,0.000937792,0.033666681,-9.804903984,5.83E-05,0.000351424,-1.55E-09,126.620079,3.777922501,-1.751844079,1.404079688,-0.261717608,0.904114466,1,0.3,0,0,applied,clear_constant_wind,1.225,0
2026-01-24T14:03:32.352777,-253.8123474,42.17919922,-3.58231926,-0.003617537,-0.001630168,-2.084562704,-1.717476487,1.400629878,-0.258741409,5.27E-05,0.000359069,-1.47E-10,0.000931943,0.03367079,-9.805031776,5.27E-05,0.000359069,-1.47E-10,126.8630447,0.146602829,-1.752630804,1.402964845,-0.261527105,0.904072698,1,0.3,0,0,applied,clear_constant_wind,1.225,0
2026-01-24T14:03:32.460490,-253.9309692,42.27580261,-3.600166798,-0.003618418,-0.001645682,-2.084562688,-1.718159318,1.399672508,-0.258555889,5.58E-05,0.000310415,3.60E-09,0.000924449,0.033674523,-9.804909706,5.58E-05,0.000310415,3.60E-09,127.0373535,0.146648478,-1.753359262,1.401931444,-0.261350281,0.904034021,1,0.3,0,0,applied,clear_constant_wind,1.225,0
2026-01-24T14:03:32.569581,-254.0960083,42.41011047,-3.624976635,-0.003618025,-0.001648637,-2.084562684,-1.71911633,1.398327947,-0.258342028,3.14E-05,0.000369443,-5.03E-10,0.000918972,0.033680592,-9.805717468,3.14E-05,0.000369443,-5.03E-10,127.4097214,0.146648478,-1.754382036,1.400478539,-0.261102112,0.903979715,1,0.3,0,0,applied,clear_constant_wind,1.225,0
2026-01-24T14:03:32.680447,-254.2404175,42.52751923,-3.64666748,-0.003618346,-0.001661961,-2.08456267,-1.719955802,1.397146821,-0.258113205,3.05E-05,0.000336757,4.76E-09,0.000911323,0.033685081,-9.805274963,3.05E-05,0.000336757,4.76E-09,127.2697525,0.146648478,-1.755285179,1.399193756,-0.26088248,0.903931758,1,0.3,0,0,applied,clear_constant_wind,1.225,0
2026-01-24T14:03:32.789544,-254.3590393,42.62388992,-3.664471149,-0.003619463,-0.001679764,-2.084562652,-1.72064817,1.396170735,-0.2579166,5.11E-05,0.000288198,-3.22E-09,0.000903051,0.033688325,-9.804751396,5.11E-05,0.000288198,-3.22E-09,127.0928116,0.146504564,-1.756033122,1.398128417,-0.260700466,0.90389204,1,0.3,0,0,applied,clear_constant_wind,1.225,0
2026-01-24T14:03:32.899578,-254.4879761,42.72856522,-3.683807135,-0.003619936,-0.001692887,-2.084562638,-1.721407056,1.395099401,-0.257717252,5.18E-05,0.000394812,2.48E-09,0.000900494,0.033692326,-9.805117607,5.18E-05,0.000394812,2.48E-09,127.1429901,0.146342236,-1.756852348,1.396960124,-0.260501115,0.903848535,1,0.3,0,0,applied,clear_constant_wind,1.225,0
2026-01-24T14:03:33.007200,-254.622345,42.83734512,-3.703901529,-0.003620352,-0.001704444,-2.084562626,-1.722201824,1.393977046,-0.257514566,4.16E-05,0.000412431,5.82E-09,0.000894717,0.033696905,-9.805178642,4.16E-05,0.000412431,5.82E-09,127.2433472,0.146342236,-1.757702385,1.395746323,-0.260294251,0.903803392,1,0.3,0,0,applied,clear_constant_wind,1.225,0
2026-01-24T14:03:33.119658,-254.7982178,42.97945404,-3.730154514,-0.003620191,-0.001709123,-2.084562621,-1.723247766,1.392497659,-0.257279396,5.05E-05,0.000403585,3.66E-09,0.000885356,0.033702467,-9.805805206,5.05E-05,0.000403585,3.66E-09,127.0215073,0.146342236,-1.75881896,1.394149548,-0.260022168,0.90374409,1,0.3,0,0,applied,clear_constant_wind,1.225,0
2026-01-24T14:03:33.227104,-254.9223633,43.0796814,-3.748670578,-0.003620959,-0.001727442,-2.084562602,-1.723986149,1.391451359,-0.257054597,5.84E-05,0.00036778,1.04E-08,0.000878388,0.033705957,-9.804739952,5.84E-05,0.00036778,1.04E-08,127.0267868,0.146240656,-1.759614834,1.393009743,-0.259828,0.903701818,1,0.3,0,0,applied,clear_constant_wind,1.225,0
2026-01-24T14:03:33.338594,-255.0516815,43.18400574,-3.767941475,-0.003621612,-0.001742143,-2.084562437,-1.724762082,1.390350699,-0.25684607,4.43E-05,0.000394612,4.77E-10,0.000873154,0.033710837,-9.805140495,3.81E-05,0.000402935,8.63E-10,126.4537048,0.146240656,-1.760450552,1.391811349,-0.259624133,0.903657428,1,0.3,0,0,applied,clear_constant_wind,1.225,0
2026-01-24T14:03:33.446176,-255.175827,43.28407288,-3.786428213,-0.003622293,-0.001755464,-2.084562423,-1.72551024,1.389287472,-0.256650835,5.42E-05,0.000351218,1.12E-09,0.000864965,0.033714212,-9.804839134,5.42E-05,0.000351218,1.12E-09,127.2142944,0.146282675,-1.761259003,1.39065064,-0.259426517,0.903614484,1,0.3,0,0,applied,clear_constant_wind,1.225,0
2026-01-24T14:03:33.554087,-255.3258362,43.40488815,-3.808746338,-0.003622277,-0.001763493,-2.084562415,-1.726421595,1.38799119,-0.256426841,2.78E-05,0.000400044,4.04E-09,0.000860055,0.033719741,-9.80540657,2.78E-05,0.000400044,4.04E-09,127.4519806,0.146282675,-1.762244607,1.389233616,-0.25918553,0.903562127,1,0.3,0,0,applied,clear_constant_wind,1.225,0
2026-01-24T14:03:33.665409,-255.4813232,43.52975082,-3.831813335,-0.003622751,-0.001776123,-2.084562252,-1.727369308,1.386641145,-0.256184042,2.61E-05,0.000327283,1.48E-09,0.000850067,0.033724762,-9.805430412,2.61E-05,0.000327283,1.48E-09,127.2723923,0.12733749,-1.763263851,1.387765956,-0.258936158,0.90350798,1,0.3,0,0,applied,clear_constant_wind,1.225,0
2026-01-24T14:03:33.772297,-255.605835,43.62954712,-3.850251198,-0.003623608,-0.001794273,-2.084562234,-1.728129864,1.385556221,-0.25596714,5.70E-05,0.000348305,-6.59E-10,0.000843816,0.03372778,-9.804708481,5.70E-05,0.000348305,-6.59E-10,127.2406998,0.12733749,-1.764082148,1.386585999,-0.258735685,0.903464506,1,0.3,0,0,applied,clear_constant_wind,1.225,0
2026-01-24T14:03:33.881730,-255.7303467,43.72926712,-3.868673563,-0.003624299,-0.001810429,-2.084562218,-1.728896618,1.384461284,-0.255757898,5.49E-05,0.000383281,5.41E-09,0.000838745,0.033731766,-9.804885864,5.49E-05,0.000383281,5.41E-09,127.2301407,0.146053081,-1.764907177,1.385394805,-0.258533527,0.903420672,1,0.3,0,0,applied,clear_constant_wind,1.225,0
2026-01-24T14:03:33.990399,-255.8548584,43.82891083,-3.887081146,-0.00362494,-0.001825104,-2.084562204,-1.729668498,1.383357048,-0.255553842,5.29E-05,0.000402929,3.67E-09,0.000833996,0.033736076,-9.805020332,4.80E-05,0.000430322,2.49E-09,127.5576172,0.146053081,-1.765739076,1.384192148,-0.25832957,0.903376471,1,0.3,0,0,applied,clear_constant_wind,1.225,0
2026-01-24T14:03:34.100440,-256.03125,43.96994019,-3.913134575,-0.003624191,-0.001824207,-2.084562204,-1.730768561,1.381781697,-0.255314797,4.15E-05,0.000429972,8.16E-09,0.000825432,0.033741884,-9.805689812,4.15E-05,0.000429972,8.16E-09,127.4282074,0.146053081,-1.766929536,1.382468457,-0.258037325,0.903313215,1,0.3,0,0,applied,clear_constant_wind,1.225,0
2026-01-24T14:03:34.209643,-256.1661377,44.07767487,-3.933039188,-0.003624921,-0.001843994,-2.084562184,-1.731610537,1.380573392,-0.255060047,4.08E-05,0.000376025,-6.20E-09,0.000817535,0.033745974,-9.804841042,4.08E-05,0.000376025,-6.20E-09,127.3304977,0.145799904,-1.767849224,1.38113469,-0.25781108,0.903264344,1,0.3,0,0,applied,clear_constant_wind,1.225,0
2026-01-24T14:03:34.320385,-256.2906494,44.17703629,-3.951395273,-0.003626069,-0.001864546,-2.084562164,-1.732394218,1.379448175,-0.254837692,4.81E-05,0.000352224,-1.42E-08,0.000810716,0.033750065,-9.804857254,4.37E-05,0.000378605,-1.46E-08,127.1852417,0.145750257,-1.768705469,1.379891197,-0.257600404,0.903218841,1,0.3,0,0,applied,clear_constant_wind,1.225,0
2026-01-24T14:03:34.442347,-256.4462891,44.30112839,-3.974319696,-0.003626101,-0.001873594,-2.084562155,-1.733381987,1.37802732,-0.254598796,3.02E-05,0.000406721,-1.60E-08,0.000804409,0.033755273,-9.805347443,3.02E-05,0.000406721,-1.60E-08,126.7310028,0.145750257,-1.769786208,1.378319317,-0.257334249,0.903161405,1,0.3,0,0,applied,clear_constant_wind,1.225,0
2026-01-24T14:03:34.551407,-256.5656128,44.39617538,-3.99187994,-0.00362737,-0.001896235,-2.084562134,-1.734141588,1.376932502,-0.254373521,5.13E-05,0.000289821,-1.66E-08,0.000795543,0.033758622,-9.804581642,5.13E-05,0.000346292,-1.66E-08,127.3991623,3.361765656,-1.770622396,1.377101346,-0.257127937,0.903116964,1,0.3,0,0,applied,clear_constant_wind,1.225,0
2026-01-24T14:03:34.659542,-256.7376099,44.53242111,-4.017049313,-0.003627118,-0.001903141,-2.084561977,-1.735243082,1.375344038,-0.254115671,3.06E-05,0.000382747,-1.29E-08,0.000788743,0.033764597,-9.805560112,3.06E-05,0.000382747,-1.29E-08,127.2406998,3.361765656,-1.771805935,1.375374546,-0.256836569,0.903054057,1,0.3,0,0,applied,clear_constant_wind,1.225,0
2026-01-24T14:03:34.769720,-256.883728,44.64789963,-4.038383007,-0.003627786,-0.001923595,-2.084561957,-1.736181736,1.373987913,-0.253846973,2.63E-05,0.000335795,-1.67E-08,0.000779531,0.033769526,-9.805147171,2.22E-05,0.000317509,-1.59E-08,127.6025162,3.361765656,-1.772814574,1.373900402,-0.256588053,0.903000443,1,0.3,0,0,applied,clear_constant_wind,1.225,0
2026-01-24T14:03:34.877214,-256.9985352,44.73854446,-4.055130959,-0.003629067,-0.001945066,-2.084561937,-1.736923099,1.372915626,-0.253635198,4.27E-05,0.000125702,-1.20E-09,0.000769639,0.033772483,-9.804385185,4.93E-05,0.000233117,-4.15E-10,127.4202881,0.145361572,-1.773613816,1.372730689,-0.256390715,0.902957958,1,0.3,0,0,applied,clear_constant_wind,1.225,0
2026-01-24T14:03:34.987133,-257.1237793,44.83735275,-4.073385715,-0.003629511,-0.00196172,-2.084561922,-1.737739563,1.371733189,-0.25341475,6.14E-05,0.000355871,-5.29E-09,0.000767474,0.033775855,-9.804722786,6.14E-05,0.000355871,-5.29E-09,127.3859558,3.250413155,-1.774493235,1.371441916,-0.256173554,0.902911208,1,0.3,0,0,applied,clear_constant_wind,1.225,0
2026-01-24T14:03:35.095092,-257.2698975,44.95252609,-4.094661236,-0.003629504,-0.00197285,-2.084561911,-1.738699675,1.370340466,-0.25317499,3.16E-05,0.000449298,-7.09E-09,0.000764076,0.033781283,-9.805203438,3.16E-05,0.000449298,-7.09E-09,127.919426,3.250413155,-1.775529267,1.369921298,-0.25591776,0.902856129,1,0.3,0,0,applied,clear_constant_wind,1.225,0
2026-01-24T14:03:35.204992,-257.4421082,45.08811569,-4.119709969,-0.003629577,-0.001983258,-2.084561901,-1.739838243,1.368686557,-0.25290212,4.21E-05,0.000397653,-3.02E-09,0.000753086,0.033786658,-9.805583954,4.21E-05,0.000397653,-3.02E-09,127.6949463,3.250413155,-1.776764143,1.368105642,-0.255612295,0.902790475,1,0.3,0,0,applied,clear_constant_wind,1.225,0
2026-01-24T14:03:35.314327,-257.5621338,45.18252182,-4.137152672,-0.003630423,-0.002005597,-2.08456188,-1.740632534,1.3675313,-0.252658486,6.40E-05,0.000302292,-1.33E-09,0.000743316,0.033789724,-9.804209709,6.40E-05,0.000302292,-1.33E-09,127.634201,0.145420336,-1.777633931,1.366824716,-0.255396641,0.902744229,1,0.3,0,0,applied,clear_constant_wind,1.225,0
2026-01-24T14:03:35.424154,-257.6925964,45.28504181,-4.156092167,-0.003630888,-0.002024624,-2.084561713,-1.741505146,1.366260529,-0.252414435,5.12E-05,0.000431195,5.48E-09,0.000741366,0.03379409,-9.80479908,5.12E-05,0.000431195,5.48E-09,127.7953033,0.145420336,-1.778587655,1.365418112,-0.255160227,0.902693517,1,0.3,0,0,applied,clear_constant_wind,1.225,0
2026-01-24T14:03:35.531356,-257.8126221,45.37927246,-4.173501968,-0.003631854,-0.00204569,-2.084561694,-1.742313623,1.36508131,-0.252189755,5.33E-05,0.0003571,4.89E-09,0.000732332,0.033797946,-9.804542542,5.33E-05,0.0003571,4.89E-09,127.7530441,0.148429954,-1.779472922,1.364110617,-0.254940372,0.902646442,1,0.3,0,0,applied,clear_constant_wind,1.225,0
2026-01-24T14:03:35.639598,-257.9796143,45.51023865,-4.197697639,-0.00363152,-0.002052894,-2.084561687,-1.743448734,1.36342299,-0.251925498,3.17E-05,0.000418013,1.09E-08,0.00072642,0.03380397,-9.805506706,3.17E-05,0.000418013,1.09E-08,127.6738205,0.148429954,-1.78071751,1.362269303,-0.254631081,0.902580256,1,0.3,0,0,applied,clear_constant_wind,1.225,0
2026-01-24T14:03:35.750695,-258.1257324,45.62470627,-4.218846798,-0.003631938,-0.002073708,-2.084561668,-1.744445801,1.361963749,-0.251640677,3.01E-05,0.000370466,2.42E-09,0.000717835,0.033808522,-9.804953575,3.01E-05,0.000370466,2.42E-09,127.0980911,3.142839222,-1.78181939,1.360636134,-0.254356717,0.902521655,1,0.3,0,0,applied,clear_constant_wind,1.225,0
2026-01-24T14:03:35.858387,-258.2516174,45.72272491,-4.236956596,-0.003633012,-0.002098847,-2.084561646,-1.745306373,1.360702515,-0.251388729,4.98E-05,0.000364506,-1.70E-09,0.000710195,0.03381196,-9.804442406,4.98E-05,0.000364506,-1.70E-09,127.6368484,3.142839222,-1.782748808,1.359256234,-0.254125744,0.902472224,1,0.3,0,0,applied,clear_constant_wind,1.225,0
2026-01-24T14:03:35.967327,-258.377594,45.82065201,-4.255047798,-0.00363369,-0.002120098,-2.084561627,-1.746175408,1.359427333,-0.251148552,5.42E-05,0.000414633,-1.52E-09,0.00070515,0.033815801,-9.80463028,5.42E-05,0.000414633,-1.52E-09,127.327858,0.148018712,-1.783683372,1.357866583,-0.253893577,0.902422515,1,0.3,0,0,applied,clear_constant_wind,1.225,0
2026-01-24T14:03:36.075169,-258.5140686,45.92663574,-4.274628639,-0.003633863,-0.002135748,-2.084561464,-1.747124195,1.358032584,-0.250903457,4.43E-05,0.000492492,-8.78E-09,0.000700947,0.033820357,-9.80490303,4.43E-05,0.000492492,-8.78E-09,127.2697525,0.14511788,-1.784705815,1.356343923,-0.25363917,0.90236813,1,0.3,0,0,applied,clear_constant_wind,1.225,0
2026-01-24T14:03:36.187265,-258.6925354,46.06507111,-4.300204277,-0.003633403,-0.002143236,-2.084561457,-1.748373866,1.35619235,-0.250616431,5.22E-05,0.000481172,-1.22E-08,0.0006907,0.033825979,-9.80562973,5.22E-05,0.000481172,-1.22E-08,127.2882385,0.14511788,-1.786059205,1.354324572,-0.253302088,0.902296136,1,0.3,0,0,applied,clear_constant_wind,1.225,0
2026-01-24T14:03:36.295914,-258.8132629,46.15860748,-4.317487717,-0.003634175,-0.002169298,-2.084561434,-1.749219656,1.354944587,-0.250345856,6.48E-05,0.000386033,-3.86E-09,0.000682866,0.033829466,-9.804305077,6.08E-05,0.000431618,-3.48E-09,127.4202881,0.14511788,-1.786985004,1.352940767,-0.253070885,0.902246884,1,0.3,0,0,applied,clear_constant_wind,1.225,0
2026-01-24T14:03:36.404249,-258.9392395,46.25611877,-4.335505009,-0.003634577,-0.002188668,-2.084561418,-1.750110269,1.353629589,-0.250099301,5.93E-05,0.000400539,-4.45E-09,0.000675056,0.033833388,-9.804468155,5.93E-05,0.000400539,-4.45E-09,127.7398453,3.046441674,-1.787960321,1.351480717,-0.252827154,0.902194995,1,0.3,0,0,applied,clear_constant_wind,1.225,0
2026-01-24T14:03:36.514209,-259.0757141,46.36164474,-4.35500145,-0.003634756,-0.002206272,-2.084561253,-1.751083374,1.352190733,-0.24983938,4.43E-05,0.000496517,1.18E-09,0.0006717,0.033838045,-9.804805756,4.43E-05,0.000496517,1.18E-09,127.9088593,3.046441674,-1.789027503,1.349880488,-0.252560411,0.902138215,1,0.3,0,0,applied,clear_constant_wind,1.225,0
2026-01-24T14:03:36.622747,-259.2279358,46.4792099,-4.37672472,-0.003634745,-0.002221106,-2.08456124,-1.752176523,1.350571752,-0.249559924,3.14E-05,0.000442921,1.66E-10,0.000662414,0.03384326,-9.80506897,3.14E-05,0.000442921,1.66E-10,127.7477646,3.046441674,-1.790231182,1.348072353,-0.252258872,0.902074169,1,0.3,0,0,applied,clear_constant_wind,1.225,0
2026-01-24T14:03:36.733232,-259.3854065,46.60068893,-4.399169445,-0.003634961,-0.002241363,-2.084561223,-1.753315568,1.348882079,-0.249254897,2.76E-05,0.000365167,-1.27E-09,0.000651175,0.033848524,-9.805232048,2.96E-05,0.000364734,-2.06E-09,127.9722443,3.010305315,-1.791492314,1.346174116,-0.251942746,0.902007061,1,0.3,0,0,applied,clear_constant_wind,1.225,0
2026-01-24T14:03:36.843367,-259.5166321,46.70180511,-4.417854786,-0.003635419,-0.002265113,-2.084561203,-1.754268527,1.34746623,-0.248979837,6.04E-05,0.000405181,2.02E-09,0.000644968,0.03385153,-9.80423069,6.04E-05,0.000405181,2.02E-09,127.3489838,0.125923421,-1.792555567,1.3445708,-0.251675512,0.901950478,1,0.3,0,0,applied,clear_constant_wind,1.225,0
2026-01-24T14:03:36.952675,-259.6482544,46.8028183,-4.436516762,-0.003635958,-0.002291293,-2.084561182,-1.755230665,1.346033454,-0.248699605,4.88E-05,0.000437911,5.27E-09,0.000639499,0.033855885,-9.804489136,4.88E-05,0.000437911,5.27E-09,127.5259247,0.125923421,-1.793613984,1.34297184,-0.251410265,0.90189415,1,0.3,0,0,applied,clear_constant_wind,1.225,0
2026-01-24T14:03:37.061799,-259.7749634,46.89968872,-4.454413891,-0.003636723,-0.002317351,-2.084561011,-1.756163239,1.344642758,-0.248436987,4.96E-05,0.000422133,7.39E-09,0.000631973,0.033859856,-9.804415703,4.96E-05,0.000422133,7.39E-09,127.9167862,0.147554636,-1.794626091,1.341440207,-0.251156749,0.901840283,1,0.3,0,0,applied,clear_constant_wind,1.225,0
2026-01-24T14:03:37.171566,-259.9439087,47.02867889,-4.478247643,-0.00363623,-0.002328819,-2.084561002,-1.757419229,1.342767239,-0.24814038,3.49E-05,0.000446357,3.23E-09,0.000624276,0.03386569,-9.805366516,3.49E-05,0.000446357,3.23E-09,127.3595428,0.147554636,-1.795991051,1.339370666,-0.250814142,0.90176763,1,0.3,0,0,applied,clear_constant_wind,1.225,0
2026-01-24T14:03:37.280868,-260.0970154,47.14543152,-4.499820232,-0.003636186,-0.002351544,-2.084560984,-1.758562565,1.341056228,-0.2478185,2.80E-05,0.000391509,-5.90E-10,0.000614893,0.033870518,-9.804893494,2.80E-05,0.000391509,-5.90E-10,128.0171356,0.147554636,-1.797245326,1.337464897,-0.250498887,0.901700864,1,0.3,0,0,applied,clear_constant_wind,1.225,0
2026-01-24T14:03:37.390400,-260.2237244,47.24194336,-4.517653465,-0.003636874,-0.002380064,-2.084560812,-1.75951457,1.339629173,-0.247536078,5.31E-05,0.000402718,3.75E-10,0.000608719,0.033873945,-9.804325104,5.05E-05,0.000443465,1.15E-09,127.4625397,0.147724128,-1.798295688,1.335865975,-0.250234496,0.901644949,1,0.3,0,0,applied,clear_constant_wind,1.225,0
2026-01-24T14:03:37.499793,-260.3557129,47.34235764,-4.536208153,-0.003637043,-0.002402499,-2.084560794,-1.760515332,1.338126898,-0.247261003,5.49E-05,0.000468757,-1.79E-09,0.000602382,0.03387773,-9.804385185,5.49E-05,0.000468757,-1.79E-09,127.7530441,0.147501248,-1.799401222,1.33418011,-0.24995588,0.901586093,1,0.3,0,0,applied,clear_constant_wind,1.225,0
2026-01-24T14:03:37.606129,-260.4824219,47.43864822,-4.554001331,-0.003637442,-0.002428339,-2.084560775,-1.761484027,1.33667028,-0.246985391,5.48E-05,0.000455663,7.09E-10,0.000595158,0.033881661,-9.804308891,5.48E-05,0.000455663,7.09E-10,128.1491852,0.147501248,-1.800474257,1.3325409,-0.249685091,0.901528963,1,0.3,0,0,applied,clear_constant_wind,1.225,0
2026-01-24T14:03:37.716800,-260.6619263,47.57489014,-4.579174519,-0.003636827,-0.002441686,-2.084560764,-1.762871861,1.334580064,-0.246659681,5.14E-05,0.000499274,-1.94E-09,0.000586842,0.033887506,-9.805510521,5.14E-05,0.000499274,-1.94E-09,128.3314056,0.147501248,-1.802015286,1.330181654,-0.249296019,0.901446911,1,0.3,0,0,applied,clear_constant_wind,1.225,0
2026-01-24T14:03:37.825065,-260.7939148,47.67492676,-4.597661972,-0.003637114,-0.002473686,-2.084560741,-1.763895035,1.333034992,-0.246332854,5.54E-05,0.000456186,-1.52E-09,0.000579054,0.033891205,-9.80412674,5.54E-05,0.000456186,-1.52E-09,127.705513,2.873790471,-1.803163583,1.328419879,-0.249005156,0.901385764,1,0.3,0,0,applied,clear_constant_wind,1.225,0
2026-01-24T14:03:37.934853,-260.9259338,47.77484512,-4.61612606,-0.003637604,-0.002503974,-2.084560569,-1.76493001,1.331470847,-0.246032223,4.68E-05,0.000455007,4.10E-09,0.000571668,0.033895563,-9.804325104,4.68E-05,0.000455007,4.10E-09,127.8692474,2.873790471,-1.804323842,1.326636315,-0.248711186,0.901323977,1,0.3,0,0,applied,clear_constant_wind,1.225,0
2026-01-24T14:03:38.045347,-261.0533752,47.87065887,-4.63383007,-0.003638165,-0.002534418,-2.084560547,-1.765932679,1.329952121,-0.245743632,5.10E-05,0.000436293,8.56E-09,0.000563777,0.033899393,-9.804195404,5.10E-05,0.000436293,8.56E-09,127.9167862,0.14687003,-1.805419364,1.324948886,-0.248434598,0.901265633,1,0.3,0,0,applied,clear_constant_wind,1.225,0
2026-01-24T14:03:38.151840,-261.2020569,47.98231125,-4.654458523,-0.003637822,-0.002555068,-2.084560382,-1.767115474,1.328158259,-0.24543789,3.80E-05,0.000512079,5.58E-09,0.000558981,0.03390431,-9.80482769,3.80E-05,0.000512079,5.58E-09,128.0726013,0.147128376,-1.806713816,1.32295104,-0.24810772,0.90119669,1,0.3,0,0,applied,clear_constant_wind,1.225,0
2026-01-24T14:03:38.262810,-261.3719788,48.10971069,-4.678000927,-0.003637289,-0.002575382,-2.084560368,-1.768477559,1.326087356,-0.24509345,3.85E-05,0.000435804,7.65E-09,0.000546881,0.033909597,-9.805205345,3.85E-05,0.000435804,7.65E-09,128.1122131,0.147128376,-1.808213263,1.32063156,-0.247727914,0.901116822,1,0.3,0,0,applied,clear_constant_wind,1.225,0
2026-01-24T14:03:38.370492,-261.4994202,48.20513916,-4.695636749,-0.003637466,-0.002606696,-2.084560346,-1.769502401,1.324526072,-0.24477756,6.42E-05,0.000435253,-1.24E-09,0.000541012,0.03391283,-9.803981781,6.11E-05,0.000488144,-1.25E-09,127.7504044,0.147128376,-1.809353891,1.3188633,-0.247438392,0.901056062,1,0.3,0,0,applied,clear_constant_wind,1.225,0
2026-01-24T14:03:38.480652,-261.6321716,48.30442047,-4.713983536,-0.003637346,-0.002633521,-2.084560178,-1.770580411,1.322881341,-0.244471163,5.67E-05,0.000490779,-4.61E-09,0.000533914,0.033916816,-9.804152489,5.67E-05,0.000490779,-4.61E-09,127.9062195,0.146947693,-1.810556147,1.316995825,-0.247133054,0.900992014,1,0.3,0,0,applied,clear_constant_wind,1.225,0
2026-01-24T14:03:38.589876,-261.759613,48.39960861,-4.731574535,-0.003637558,-0.002664385,-2.084560158,-1.7716254,1.321284294,-0.244168118,5.45E-05,0.000472521,-2.50E-09,0.000527723,0.033921003,-9.804244995,4.99E-05,0.000513513,-2.51E-09,128.0699615,0.146736232,-1.811724007,1.315178198,-0.246836027,0.900929795,1,0.3,0,0,applied,clear_constant_wind,1.225,0
2026-01-24T14:03:38.698712,-261.9242249,48.52240372,-4.754264832,-0.003636588,-0.002680712,-2.084560147,-1.7729882,1.319197655,-0.243830562,3.66E-05,0.000500509,-8.63E-09,0.000519193,0.03392629,-9.804966927,3.66E-05,0.000500509,-8.63E-09,127.6923065,0.146736232,-1.813254496,1.312790726,-0.246446631,0.900848249,1,0.3,0,0,applied,clear_constant_wind,1.225,0
2026-01-24T14:03:38.809643,-262.0888367,48.6449852,-4.776921749,-0.003636306,-0.002712459,-2.084559977,-1.774361372,1.317089319,-0.243444428,3.08E-05,0.000352858,-9.34E-09,0.000505533,0.033931412,-9.804879189,3.08E-05,0.000352858,-9.34E-09,127.9167862,0.146736232,-1.814807917,1.310361377,-0.246049867,0.900765474,1,0.3,0,0,applied,clear_constant_wind,1.225,0
2026-01-24T14:03:38.918837,-262.2111816,48.73581696,-4.793709278,-0.003636872,-0.002754145,-2.084559951,-1.775387406,1.315511703,-0.24311389,5.84E-05,0.000284417,-1.74E-08,0.000495242,0.033934236,-9.803425789,5.84E-05,0.000284417,-1.74E-08,127.9405518,0.146277148,-1.815967222,1.30854413,-0.245753894,0.900703695,1,0.3,0,0,applied,clear_constant_wind,1.225,0
2026-01-24T14:03:39.026328,-262.344696,48.83441544,-4.81193018,-0.003636842,-0.002789772,-2.084559779,-1.77651763,1.313769817,-0.242782772,5.34E-05,0.000484263,-2.45E-09,0.000494956,0.033938199,-9.804160118,5.34E-05,0.000484263,-2.45E-09,128.4713898,0.146277148,-1.817216943,1.306580912,-0.245435807,0.900637093,1,0.3,0,0,applied,clear_constant_wind,1.225,0
2026-01-24T14:03:39.136755,-262.4728699,48.92894745,-4.829399109,-0.003636911,-0.00282397,-2.084559759,-1.777614236,1.312077403,-0.242471442,5.57E-05,0.000479454,-5.02E-09,0.000488772,0.033942256,-9.804177284,5.15E-05,0.000521452,-4.25E-09,128.0039368,0.154602571,-1.818432183,1.304667857,-0.245126232,0.900572324,1,0.3,0,0,applied,clear_constant_wind,1.225,0
2026-01-24T14:03:39.245239,-262.6491089,49.05873108,-4.853383064,-0.003635334,-0.002837956,-2.084559601,-1.779136777,1.309721947,-0.242111042,4.28E-05,0.000527173,-3.32E-09,0.000479683,0.033947639,-9.805120468,4.28E-05,0.000527173,-3.32E-09,128.001297,0.154602571,-1.820128688,1.301990595,-0.244693354,0.900481897,1,0.3,0,0,applied,clear_constant_wind,1.225,0
2026-01-24T14:03:39.356235,-262.7933044,49.16474915,-4.872977257,-0.003634982,-0.002876579,-2.084559578,-1.780389309,1.307779074,-0.241721705,4.01E-05,0.000449119,-1.89E-08,0.000468855,0.033952102,-9.804305077,3.45E-05,0.000419074,-1.89E-08,128.1069336,0.146291736,-1.821539726,1.299757999,-0.244332428,0.900406678,1,0.3,0,0,applied,clear_constant_wind,1.225,0
2026-01-24T14:03:39.465147,-262.9268188,49.26276016,-4.891094685,-0.003634883,-0.002913528,-2.084559558,-1.781559706,1.305960417,-0.241378605,5.55E-05,0.00045166,-1.79E-08,0.000461354,0.033955254,-9.803749084,5.55E-05,0.00045166,-1.79E-08,128.2759552,0.146291736,-1.822863881,1.297658068,-0.243992795,0.900336086,1,0.3,0,0,applied,clear_constant_wind,1.225,0
2026-01-24T14:03:39.574135,-263.0549927,49.35673141,-4.908462524,-0.003634793,-0.002953127,-2.084559287,-1.782696128,1.304190993,-0.241036892,5.78E-05,0.000460211,-1.04E-08,0.000456038,0.033959106,-9.803959846,5.31E-05,0.000507475,-1.08E-08,127.7873764,0.145896112,-1.824153125,1.29560883,-0.243662184,0.900267349,1,0.3,0,0,applied,clear_constant_wind,1.225,0
2026-01-24T14:03:39.684557,-263.1938477,49.45838165,-4.927248955,-0.003634176,-0.002985407,-2.08455937,-1.783940673,1.302249789,-0.240693063,5.43E-05,0.000558036,-1.76E-08,0.000450128,0.033962961,-9.804055214,5.43E-05,0.000558036,-1.76E-08,128.2204895,0.145896112,-1.825568803,1.293353371,-0.243298831,0.900191866,1,0.3,0,0,applied,clear_constant_wind,1.225,0
2026-01-24T14:03:39.794997,-263.3595276,49.57938766,-4.949611664,-0.003633332,-0.003019002,-2.084559203,-1.785442829,1.299901485,-0.240291774,3.48E-05,0.000403123,-1.68E-08,0.000436594,0.033968396,-9.804864883,3.48E-05,0.000403123,-1.68E-08,128.1122131,0.145896112,-1.827278418,1.290622192,-0.242859817,0.900100701,1,0.3,0,0,applied,clear_constant_wind,1.225,0
2026-01-24T14:03:39.903552,-263.4830627,49.66901779,-4.966181278,-0.003633252,-0.00306526,-2.08455903,-1.78656435,1.298144341,-0.239932537,6.33E-05,0.000314406,-1.74E-08,0.000425371,0.033971045,-9.803133011,6.33E-05,0.000314406,-1.74E-08,128.2838745,0.145686152,-1.828534329,1.288610601,-0.242537272,0.900033724,1,0.3,0,0,applied,clear_constant_wind,1.225,0
2026-01-24T14:03:40.012786,-263.611969,49.76242447,-4.983442783,-0.003632717,-0.003105862,-2.084559011,-1.787750483,1.296282649,-0.239579871,6.21E-05,0.000484814,-5.50E-09,0.000425762,0.033974886,-9.803940773,5.75E-05,0.000538266,-5.50E-09,128.1465454,0.145889927,-1.829863483,1.286476707,-0.242196665,0.899962836,1,0.3,0,0,applied,clear_constant_wind,1.225,0
2026-01-24T14:03:40.122838,-263.7516174,49.86345291,-5.002115726,-0.003631644,-0.00313769,-2.084558847,-1.789048553,1.294240952,-0.239228368,5.70E-05,0.000604732,-4.91E-09,0.000420272,0.033978693,-9.803997993,5.70E-05,0.000604732,-4.91E-09,128.6324768,0.145889927,-1.83132374,1.284126737,-0.241821501,0.899884949,1,0.3,0,0,applied,clear_constant_wind,1.225,0
2026-01-24T14:03:40.231479,-263.9234924,49.98758316,-5.025060654,-0.003629903,-0.003164816,-2.084558835,-1.790662646,1.291695714,-0.23881425,4.20E-05,0.000482378,-4.78E-09,0.000407304,0.03398402,-9.804838181,4.20E-05,0.000482378,-4.78E-09,128.5506134,0.145889927,-1.833152835,1.281174823,-0.241350484,0.899787379,1,0.3,0,0,applied,clear_constant_wind,1.225,0
2026-01-24T14:03:40.341458,-264.0738831,50.09599304,-5.045100689,-0.003628825,-0.003210547,-2.084558815,-1.792086482,1.289444447,-0.23837702,4.02E-05,0.000429204,-2.33E-09,0.000397898,0.033988126,-9.804089546,4.02E-05,0.000429204,-2.33E-09,128.6219177,0.145478196,-1.834782267,1.2785372,-0.240930077,0.899700451,1,0.3,0,0,applied,clear_constant_wind,1.225,0
2026-01-24T14:03:40.450896,-264.2081604,50.19263458,-5.062964916,-0.003628168,-0.003259774,-2.084558546,-1.793371439,1.287407875,-0.237982094,5.60E-05,0.000475684,1.01E-09,0.000390721,0.033991296,-9.803523064,5.60E-05,0.000475684,1.01E-09,128.1914368,0.145478196,-1.836261644,1.276135922,-0.240547913,0.899621522,1,0.3,0,0,applied,clear_constant_wind,1.225,0
2026-01-24T14:03:40.560869,-264.3370667,50.28525162,-5.080085278,-0.003627505,-0.00330867,-2.084558527,-1.794619918,1.285424232,-0.237602472,6.04E-05,0.000464542,4.72E-09,0.000382617,0.033994652,-9.803453445,6.04E-05,0.000464542,4.72E-09,128.4370575,0.145257769,-1.837702332,1.273791413,-0.240175304,0.899544649,1,0.3,0,0,applied,clear_constant_wind,1.225,0
2026-01-24T14:03:40.668754,-264.4716492,50.38158417,-5.097891808,-0.003626493,-0.003354278,-2.084558511,-1.795937657,1.283326507,-0.237218067,5.63E-05,0.000548584,1.08E-08,0.000378021,0.033998378,-9.803707123,5.63E-05,0.000548584,1.08E-08,128.7354736,0.12428754,-1.839210229,1.27133096,-0.239785708,0.899464184,1,0.3,0,0,applied,clear_constant_wind,1.225,0
2026-01-24T14:03:40.779959,-264.655304,50.51233673,-5.122061253,-0.003624291,-0.003389483,-2.084558349,-1.797755122,1.280425429,-0.236765534,5.82E-05,0.000557363,-4.39E-10,0.000367397,0.034003332,-9.805075645,5.82E-05,0.000557363,-4.39E-10,128.1729584,0.12428754,-1.841264238,1.267968498,-0.239255832,0.899354565,1,0.3,0,0,applied,clear_constant_wind,1.225,0
2026-01-24T14:03:40.888878,-264.8011475,50.61595917,-5.141220093,-0.003622667,-0.003440719,-2.084558183,-1.799208522,1.278098822,-0.236300707,4.84E-05,0.000490895,-3.87E-09,0.000358709,0.034007214,-9.803659439,4.84E-05,0.000490895,-3.87E-09,128.188797,0.12428754,-1.842927998,1.265236017,-0.23882508,0.899265763,1,0.3,0,0,applied,clear_constant_wind,1.225,0
2026-01-24T14:03:40.996320,-264.9307861,50.70791626,-5.158219337,-0.003621733,-0.003496232,-2.084558017,-1.800515532,1.276001453,-0.235892415,5.64E-05,0.000444199,-4.79E-09,0.000348425,0.034010384,-9.803165436,5.64E-05,0.000444199,-4.79E-09,128.2072906,0.144880566,-1.844432607,1.262757801,-0.23843559,0.899185448,1,0.3,0,0,applied,clear_constant_wind,1.225,0
2026-01-24T14:03:41.105370,-265.0658264,50.80353165,-5.175896168,-0.003620236,-0.003546348,-2.084558003,-1.801895618,1.273781657,-0.235484987,6.00E-05,0.00055734,6.81E-09,0.000344648,0.0340137,-9.803549767,6.00E-05,0.00055734,6.81E-09,128.4925079,0.144880566,-1.846024657,1.26012831,-0.238022717,0.899100458,1,0.3,0,0,applied,clear_constant_wind,1.225,0
2026-01-24T14:03:41.214563,-265.2062683,50.9027977,-5.194246292,-0.003618464,-0.003594693,-2.084557842,-1.803348541,1.271438718,-0.235066175,5.69E-05,0.000592078,7.94E-10,0.000338203,0.034017321,-9.803673744,5.69E-05,0.000592078,7.94E-10,128.4687347,0.144795494,-1.847709598,1.257337109,-0.237585511,0.8990105,1,0.3,0,0,applied,clear_constant_wind,1.225,0
2026-01-24T14:03:41.326334,-265.3899231,51.03233719,-5.218193531,-0.003615577,-0.003638162,-2.084557682,-1.805275559,1.268322825,-0.234571889,5.85E-05,0.000555672,3.32E-09,0.000325605,0.034021974,-9.804922104,5.85E-05,0.000555672,3.32E-09,128.5875854,0.144795494,-1.849959892,1.253596126,-0.237000459,0.898890344,1,0.3,0,0,applied,clear_constant_wind,1.225,0
2026-01-24T14:03:41.433640,-265.5147095,51.11977386,-5.234363079,-0.003614256,-0.003707193,-2.084557419,-1.806587934,1.266193867,-0.234104097,6.88E-05,0.000370398,1.09E-08,0.000312587,0.034024533,-9.802383423,6.88E-05,0.000370398,1.09E-08,128.4766693,0.124816294,-1.851478601,1.251062604,-0.236605562,0.898809242,1,0.3,0,0,applied,clear_constant_wind,1.225,0
2026-01-24T14:03:41.542851,-265.6559448,51.21844482,-5.252604961,-0.003612068,-0.00376425,-2.08455741,-1.808096766,1.26374042,-0.233653724,5.58E-05,0.000556773,6.93E-09,0.000311617,0.034028258,-9.803566933,5.58E-05,0.000556773,6.93E-09,128.6668091,0.124816294,-1.853215821,1.248155613,-0.236155019,0.898716463,1,0.3,0,0,applied,clear_constant_wind,1.225,0
2026-01-24T14:03:41.652593,-265.7808838,51.3055687,-5.268713474,-0.003610441,-0.003825338,-2.084557251,-1.80944705,1.261538506,-0.233239904,6.49E-05,0.000394571,2.57E-09,0.000297892,0.034030966,-9.802787781,6.49E-05,0.000394571,2.57E-09,128.5426941,0.147391572,-1.854779866,1.245530544,-0.235748584,0.898632924,1,0.3,0,0,applied,clear_constant_wind,1.225,0
2026-01-24T14:03:41.760713,-265.9438477,51.41897583,-5.289681435,-0.003607239,-0.003870355,-2.084557246,-1.811235547,1.258615017,-0.232764155,5.12E-05,0.000550329,9.11E-09,0.000295492,0.034035154,-9.804286957,5.12E-05,0.000550329,9.11E-09,128.3974304,0.147391572,-1.856859731,1.242028005,-0.235207428,0.898521823,1,0.3,0,0,applied,clear_constant_wind,1.225,0
2026-01-24T14:03:41.871837,-266.1068115,51.53212357,-5.310603142,-0.003604025,-0.003931131,-2.084557092,-1.813044667,1.255648136,-0.232234403,5.48E-05,0.000392503,1.37E-08,0.000280722,0.034038819,-9.804210663,5.53E-05,0.000388973,1.37E-08,128.6060638,0.144160807,-1.858987435,1.238431043,-0.234652526,0.898408151,1,0.3,0,0,applied,clear_constant_wind,1.225,0
2026-01-24T14:03:41.979831,-266.2426147,51.62620544,-5.328002453,-0.003601451,-0.004001258,-2.084556788,-1.814567924,1.253141761,-0.231742263,6.46E-05,0.000481983,1.14E-08,0.000275437,0.034041334,-9.80270195,6.46E-05,0.000481983,1.14E-08,128.8147125,0.144160807,-1.860797933,1.235359268,-0.234178932,0.898311415,1,0.3,0,0,applied,clear_constant_wind,1.225,0
2026-01-24T14:03:42.091502,-266.3731384,51.71634293,-5.344670773,-0.003598906,-0.004073172,-2.084556636,-1.816052198,1.250692487,-0.231268823,6.53E-05,0.000447312,1.34E-08,0.000268785,0.034044266,-9.802940369,6.26E-05,0.000511211,1.42E-08,128.9863739,0.14672789,-1.862559224,1.232360837,-0.233718566,0.898217298,1,0.3,0,0,applied,clear_constant_wind,1.225,0
2026-01-24T14:03:42.201828,-266.5097046,51.81005096,-5.361998081,-0.003595987,-0.004141842,-2.084556388,-1.817622542,1.248093963,-0.230793476,6.60E-05,0.000547705,1.31E-08,0.000262409,0.034046855,-9.803027153,6.60E-05,0.000547705,1.31E-08,128.5849457,0.14672789,-1.864390483,1.229232285,-0.23324199,0.898119432,1,0.3,0,0,applied,clear_constant_wind,1.225,0
2026-01-24T14:03:42.310902,-266.6845093,51.92970657,-5.384126186,-0.003591509,-0.004197754,-2.084556242,-1.819665074,1.244704604,-0.230256855,5.95E-05,0.000481844,1.76E-09,0.000250977,0.034050647,-9.804337502,5.95E-05,0.000481844,1.76E-09,128.7513275,0.14672789,-1.866788326,1.225119574,-0.232616382,0.89799127,1,0.3,0,0,applied,clear_constant_wind,1.225,0
2026-01-24T14:03:42.420941,-266.842926,52.0378685,-5.404130459,-0.003587325,-0.004274897,-2.084556098,-1.82153821,1.241584778,-0.229670763,6.04E-05,0.000361347,1.83E-08,0.000239276,0.034053665,-9.803500175,6.04E-05,0.000361347,1.83E-08,128.6456909,2.237311426,-1.869017286,1.221279858,-0.23203345,0.897872118,1,0.3,0,0,applied,clear_constant_wind,1.225,0
2026-01-24T14:03:42.531519,-266.9740295,52.12717056,-5.420649052,-0.003583893,-0.004360168,-2.084555859,-1.823108435,1.238960505,-0.229151756,7.02E-05,0.000366484,1.23E-08,0.000232763,0.034055918,-9.80243206,6.91E-05,0.000445477,1.27E-08,128.6403961,0.14658694,-1.870902939,1.218018934,-0.231538998,0.897771306,1,0.3,0,0,applied,clear_constant_wind,1.225,0
2026-01-24T14:03:42.640871,-267.1160583,52.22369385,-5.438502789,-0.003579731,-0.004435468,-2.084555871,-1.824837446,1.236061931,-0.228629053,7.01E-05,0.000550579,7.45E-09,0.000228331,0.034058392,-9.802778244,7.01E-05,0.000550579,7.45E-09,128.9784393,0.14658694,-1.872989272,1.214397218,-0.230991382,0.897659752,1,0.3,0,0,applied,clear_constant_wind,1.225,0
2026-01-24T14:03:42.749513,-267.247406,52.31259537,-5.454944611,-0.003575769,-0.004522233,-2.084555588,-1.826457858,1.233337045,-0.22810787,7.35E-05,0.000426357,1.52E-08,0.000219132,0.034060668,-9.802512169,7.22E-05,0.000498584,1.44E-08,128.65625,0.145831007,-1.874941024,1.210995652,-0.230480096,0.897555381,1,0.3,0,0,applied,clear_constant_wind,1.225,0
2026-01-24T14:03:42.858761,-267.4286804,52.43450928,-5.477495193,-0.003569543,-0.004589404,-2.084555357,-1.828726292,1.229509354,-0.227508962,6.95E-05,0.000469317,5.30E-09,0.000208842,0.034063645,-9.804143906,6.95E-05,0.000469317,5.30E-09,128.8516846,0.145831007,-1.877645364,1.206260767,-0.229772993,0.897410745,1,0.3,0,0,applied,clear_constant_wind,1.225,0
2026-01-24T14:03:42.970531,-267.5934753,52.54500961,-5.497937679,-0.003563572,-0.004688129,-2.084555235,-1.830818415,1.225964308,-0.226841152,7.24E-05,0.000221379,-3.99E-09,0.000193054,0.034066085,-9.803339005,7.24E-05,0.000221379,-3.99E-09,128.4185638,0.145831007,-1.880175537,1.201808412,-0.229109512,0.897275403,1,0.3,0,0,applied,clear_constant_wind,1.225,0
2026-01-24T14:03:43.076949,-267.7198181,52.62950897,-5.513570786,-0.003558742,-0.00479488,-2.08455482,-1.832446098,1.223196507,-0.226276904,7.86E-05,0.000105446,-2.56E-09,0.000179424,0.034067735,-9.801267624,7.86E-05,0.000105446,-2.56E-09,128.6905823,0.146299877,-1.882163957,1.198293944,-0.228587157,0.897169025,1,0.3,0,0,applied,clear_constant_wind,1.225,0
2026-01-24T14:03:43.186872,-267.8571472,52.721138,-5.530518532,-0.003553089,-0.004894065,-2.084554708,-1.834250689,1.220116496,-0.225704089,7.86E-05,0.000459354,2.41E-09,0.00018427,0.034069609,-9.80239296,7.86E-05,0.000459354,2.41E-09,129.1501007,0.145659328,-1.884375359,1.194368942,-0.228006841,0.897050704,1,0.3,0,0,applied,clear_constant_wind,1.225,0
2026-01-24T14:03:43.295246,-267.9944763,52.81253052,-5.547424793,-0.003547114,-0.004994428,-2.084554502,-1.836087346,1.21697104,-0.22513251,7.99E-05,0.000483144,4.26E-10,0.000177545,0.034071282,-9.802257538,7.99E-05,0.000483144,4.26E-10,129.3428955,0.145659328,-1.886640796,1.19033034,-0.227410884,0.896929475,1,0.3,0,0,applied,clear_constant_wind,1.225,0
2026-01-24T14:03:43.403633,-268.1767578,52.93280792,-5.569674492,-0.003538599,-0.005087794,-2.084554101,-1.838560581,1.212718964,-0.224458769,8.65E-05,0.000380005,-3.87E-09,0.000164567,0.034073133,-9.803974152,8.65E-05,0.000380005,-3.87E-09,128.8411102,0.145659328,-1.889641467,1.184951818,-0.226626207,0.896768877,1,0.3,0,0,applied,clear_constant_wind,1.225,0
2026-01-24T14:03:43.512725,-268.3203735,53.02726746,-5.587153435,-0.003531174,-0.005209439,-2.084553717,-1.840538025,1.209304094,-0.223773524,8.87E-05,0.000359723,-7.37E-10,0.000156192,0.034074508,-9.802224159,8.98E-05,0.000319398,-1.53E-09,129.1395416,0.144867865,-1.892077071,1.180562612,-0.225986807,0.896638501,1,0.3,0,0,applied,clear_constant_wind,1.225,0
2026-01-24T14:03:43.620546,-268.4584656,53.11784363,-5.603914261,-0.003523531,-0.005323797,-2.084553537,-1.842473388,1.205948472,-0.22315523,8.85E-05,0.000338612,8.68E-09,0.000147152,0.034075707,-9.801551819,8.85E-05,0.000338612,8.68E-09,128.7935791,0.144867865,-1.894482916,1.176205843,-0.225354265,0.896509699,1,0.3,0,0,applied,clear_constant_wind,1.225,0
2026-01-24T14:03:43.729557,-268.5910339,53.20455551,-5.619958878,-0.003515634,-0.005445344,-2.084553219,-1.844366908,1.202652693,-0.222530901,9.04E-05,0.000323806,1.21E-08,0.000142939,0.034076635,-9.801789284,9.21E-05,0.000417661,1.28E-08,129.1923676,0.145083845,-1.89685369,1.171891641,-0.224730604,0.896382756,1,0.3,0,0,applied,clear_constant_wind,1.225,0
2026-01-24T14:03:43.837931,-268.7402649,53.30181885,-5.637957096,-0.0035064,-0.005558399,-2.084553003,-1.846539021,1.19885695,-0.221877128,9.88E-05,0.000519983,1.31E-08,0.000139135,0.034077313,-9.80219841,9.88E-05,0.000519983,1.31E-08,129.2504578,0.149413705,-1.89958897,1.166888053,-0.224010343,0.896236274,1,0.3,0,0,applied,clear_constant_wind,1.225,0
2026-01-24T14:03:43.950020,-268.9235535,53.42027283,-5.659877777,-0.003494181,-0.005693138,-2.084552714,-1.849254489,1.19408977,-0.22109127,0.000105902,0.000218776,6.80E-09,0.000121734,0.034077935,-9.803878784,0.000102084,0.00032509,6.80E-09,128.6958618,0.149413705,-1.902971714,1.160659776,-0.223124431,0.896055085,1,0.3,0,0,applied,clear_constant_wind,1.225,0
2026-01-24T14:03:44.058932,-269.0679626,53.5132637,-5.677093506,-0.003483493,-0.005837263,-2.08455244,-1.851427674,1.190255046,-0.220336646,0.000104412,0.000343627,-1.78E-09,0.000116661,0.034078304,-9.801044464,0.000104412,0.000343627,-1.78E-09,129.0814362,0.149413705,-1.905729811,1.1555496,-0.222398561,0.895907327,1,0.3,0,0,applied,clear_constant_wind,1.225,0
2026-01-24T14:03:44.167247,-269.2012634,53.59883499,-5.692932129,-0.00347241,-0.005991534,-2.084552037,-1.85347724,1.18662262,-0.219630092,0.000109447,0.00014914,1.68E-09,0.000102459,0.03407824,-9.800771713,0.000109447,0.00014914,1.68E-09,129.0655975,0.144154671,-1.908353418,1.150660884,-0.221708622,0.895766751,1,0.3,0,0,applied,clear_constant_wind,1.225,0
2026-01-24T14:03:44.277309,-269.3401184,53.68768692,-5.709377766,-0.003460347,-0.00614388,-2.084551645,-1.855661511,1.182734251,-0.218921542,0.000115952,0.000302089,8.81E-09,0.00010095,0.034077901,-9.80132103,0.000115952,0.000302089,8.81E-09,128.7882996,0.144154671,-1.911169403,1.145383468,-0.220967377,0.895615842,1,0.3,0,0,applied,clear_constant_wind,1.225,0
2026-01-24T14:03:44.384684,-269.4962158,53.78684998,-5.727733135,-0.003446198,-0.006298665,-2.084551421,-1.85816443,1.17825675,-0.218151316,0.000136983,0.00026347,1.00E-08,9.39E-05,0.034076806,-9.802101135,0.000136983,0.00026347,1.00E-08,128.9731598,0.148722642,-2.214378132,1.139330452,-0.220126348,1,0,0,0,0,suppressed_near_checkpoint,clear_constant_wind,1.225,0
2026-01-24T14:03:44.497087,-269.680603,53.90323639,-5.749439716,-0.017006116,-0.013976112,-2.084478322,-1.868178964,1.172888279,-0.221386328,-0.138349861,-0.069209479,-0.000108216,-0.001979157,0.038380727,-9.856077194,-0.138349861,-0.069209479,-0.000108216,129.1738739,0.148722642,-2.218281358,1.131923486,-0.219036614,1,0,0,0,0,suppressed_near_checkpoint,clear_constant_wind,1.225,0
2026-01-24T14:03:44.605458,-269.8100281,53.98403549,-5.764802933,-0.02260309,-0.017454515,-2.084418063,-1.8830688,1.169010639,-0.223674357,-0.06163438,-0.036382966,-0.000106996,-0.001054779,0.036220342,-9.836506844,-0.057000019,-0.035106037,-0.000106365,129.0074921,0.143560527,-2.221030899,1.126691546,-0.218146519,1,0,0,0,0,suppressed_near_checkpoint,clear_constant_wind,1.225,0
2026-01-24T14:03:44.715243,-269.9519958,54.07154846,-5.78162241,-0.025689015,-0.019469174,-2.084376957,-1.903015614,1.164619327,-0.224617705,-0.024787752,-0.015573001,-8.63E-05,-0.000469685,0.03564766,-9.818733215,-0.024787752,-0.015573001,-8.63E-05,129.1157684,0.143560527,-2.224002481,1.121016584,-0.217105465,1,0,0,0,0,suppressed_near_checkpoint,clear_constant_wind,1.225,0
2026-01-24T14:03:44.824645,-270.0897522,54.15525055,-5.797786236,-0.026852502,-0.020318877,-2.084359905,-1.923914194,1.160264611,-0.224222913,-0.006854403,-0.003809677,-6.58E-05,-0.000103906,0.035613686,-9.804367065,-0.006387085,-0.003303959,-6.50E-05,128.9784393,1.988717436,-2.226815094,1.115617782,-0.216082165,1,0,0,0,0,suppressed_near_checkpoint,clear_constant_wind,1.225,0
2026-01-24T14:03:44.932770,-270.2699585,54.26288605,-5.818572521,-0.026721045,-0.020379469,-2.084363291,-1.951509356,1.154472113,-0.222730115,0.008355672,0.005320772,-4.52E-05,0.000153884,0.035832494,-9.796937943,0.008355672,0.005320772,-4.52E-05,129.3983612,1.988717436,-2.230364633,1.108756736,-0.214783856,1,0,0,0,0,suppressed_near_checkpoint,clear_constant_wind,1.225,0
2026-01-24T14:03:45.044665,-270.4467468,54.36653519,-5.838517666,-0.025573111,-0.019878977,-2.084379344,-1.97752583,1.148725748,-0.220552683,0.016126765,0.009613669,-3.20E-05,0.000283659,0.036265224,-9.792519569,0.016292309,0.009711293,-3.17E-05,129.4670258,0.144478459,-2.233708687,1.102236287,-0.213589958,1,0,0,0,0,suppressed_near_checkpoint,clear_constant_wind,1.225,0
2026-01-24T14:03:45.154459,-270.6078491,54.45937347,-5.856297493,-0.024110222,-0.019165199,-2.084399088,-1.999730229,1.143456697,-0.218450978,0.019405149,0.012121554,-2.41E-05,0.000354886,0.036708161,-9.789465904,0.019405149,0.012121554,-2.41E-05,129.5937805,0.144478459,-2.236636821,1.096477215,-0.212587506,1,0,0,0,0,suppressed_near_checkpoint,clear_constant_wind,1.225,0
2026-01-24T14:03:45.262778,-270.7525024,54.54153442,-5.871957302,-0.022655389,-0.01845223,-2.084418048,-2.018284321,1.138690591,-0.21657908,0.020549215,0.012768123,-1.92E-05,0.000372499,0.037138164,-9.789252281,0.020549215,0.012768123,-1.92E-05,129.0233459,0.143672555,-2.239184397,1.091426237,-0.211759306,1,0,0,0,0,suppressed_near_checkpoint,clear_constant_wind,1.225,0
2026-01-24T14:03:45.371594,-270.9107056,54.63014603,-5.888776779,-0.02103642,-0.017609161,-2.084437968,-2.037043571,1.13344264,-0.214753598,0.020597288,0.013250126,-1.55E-05,0.000389233,0.037602738,-9.79167366,0.020597288,0.013250126,-1.55E-05,129.28479,0.143672555,-2.241885889,1.086027772,-0.210929705,1,0,0,0,0,suppressed_near_checkpoint,clear_constant_wind,1.225,0
2026-01-24T14:03:45.478866,-271.0887756,54.72850037,-5.907378197,-0.019268154,-0.016643342,-2.084457951,-2.056300402,1.127521396,-0.212949783,0.019780129,0.012900547,-1.25E-05,0.000380121,0.038100064,-9.793955803,0.019780129,0.012900547,-1.25E-05,129.2636719,0.143672555,-2.244851862,1.080050097,-0.210075952,1,0,0,0,0,suppressed_near_checkpoint,clear_constant_wind,1.225,0
2026-01-24T14:03:45.587377,-271.2684326,54.82633591,-5.925828457,-0.017596063,-0.015726847,-2.084475542,-2.073851585,1.121554852,-0.211300805,0.018451674,0.012156348,-1.02E-05,0.000356287,0.038579389,-9.795695305,0.018400533,0.012100388,-1.02E-05,129.3191223,0.144694668,-2.24777843,1.074099063,-0.20929246,1,0,0,0,0,suppressed_near_checkpoint,clear_constant_wind,1.225,0
2026-01-24T14:03:45.697441,-271.4307556,54.91361237,-5.942257881,-0.016204425,-0.014957656,-2.084488803,-2.088219166,1.11619091,-0.209975973,0.016999921,0.01174788,-8.61E-06,0.000344366,0.038948774,-9.795391083,0.016999921,0.01174788,-8.61E-06,129.4485321,1.971785665,-2.250382325,1.068759771,-0.208643096,1,0,0,0,0,suppressed_near_checkpoint,clear_constant_wind,1.225,0
2026-01-24T14:03:45.809043,-271.5941467,55.00046539,-5.958587646,-0.014923191,-0.014248212,-2.084500812,-2.101398468,1.110799789,-0.208785072,0.015582054,0.011020652,-7.24E-06,0.000323519,0.039309844,-9.797375679,0.015542233,0.010971075,-7.21E-06,129.3719482,1.971785665,-2.252981687,1.063387269,-0.208040945,1,0,0,0,0,suppressed_near_checkpoint,clear_constant_wind,1.225,0
2026-01-24T14:03:45.919622,-271.7522278,55.08358765,-5.974206924,-0.013796218,-0.013627123,-2.084510298,-2.113040686,1.105597496,-0.207770124,0.014199765,0.010266472,-6.13E-06,0.000302307,0.039614037,-9.79827404,0.014158681,0.010268234,-6.10E-06,129.3798676,0.14181269,-2.255487461,1.058167599,-0.207503365,1,0,0,0,0,suppressed_near_checkpoint,clear_constant_wind,1.225,0
2026-01-24T14:03:46.029009,-271.9430237,55.18280792,-5.99285841,-0.01257875,-0.012907353,-2.084521061,-2.125799656,1.0993402,-0.206754878,0.012667248,0.009422701,-5.05E-06,0.000278216,0.039929271,-9.800028801,0.012667248,0.009422701,-5.05E-06,129.4802246,0.14181269,-2.25852737,1.051782684,-0.206899259,1,0,0,0,0,suppressed_near_checkpoint,clear_constant_wind,1.225,0
2026-01-24T14:03:46.137689,-272.1541138,55.29130554,-6.013272285,-0.011393825,-0.012225276,-2.084529821,-2.138463736,1.092449665,-0.205755278,0.011077271,0.00822427,-4.04E-06,0.000240829,0.040244341,-9.801413536,0.011077271,0.00822427,-4.04E-06,129.3904266,0.14181269,-2.261961883,1.044499232,-0.206276015,1,0,0,0,0,suppressed_near_checkpoint,clear_constant_wind,1.225,0
2026-01-24T14:03:46.246802,-272.3084106,55.36978149,-6.028059959,-0.010623177,-0.011841089,-2.084533027,-2.146863461,1.087446809,-0.205030054,0.009955521,0.007469127,-3.37E-06,0.000149421,0.040456824,-9.800271988,0.009925092,0.007596963,-3.35E-06,129.2663116,0.142008659,-2.264538532,1.038986333,-0.205846152,1,0,0,0,0,suppressed_near_checkpoint,clear_constant_wind,1.225,0
2026-01-24T14:03:46.356665,-272.4697266,55.45114517,-6.043412685,-0.009897042,-0.011479734,-2.084535248,-2.154987097,1.082197189,-0.204381987,0.008985819,0.006930416,-2.77E-06,0.000117293,0.040636607,-9.801198959,0.008985819,0.006930416,-2.77E-06,129.3428955,0.1425674,-2.267333125,1.032959436,-0.205414953,1,0,0,0,0,suppressed_near_checkpoint,clear_constant_wind,1.225,0
2026-01-24T14:03:46.465511,-272.6315613,55.53211975,-6.058719158,-0.00924031,-0.011182746,-2.084536404,-2.162539482,1.076900482,-0.203791782,0.008103575,0.006315085,-2.27E-06,8.83E-05,0.040809162,-9.802062035,0.008091888,0.006329813,-2.26E-06,129.3032837,0.1425674,-2.270285183,1.026539647,-0.204991561,1,0,0,0,0,suppressed_near_checkpoint,clear_constant_wind,1.225,0
2026-01-24T14:03:46.575429,-272.8200684,55.62554169,-6.076422691,-0.008559608,-0.010872643,-2.084539334,-2.170665741,1.070689321,-0.203198045,0.007222762,0.005552414,-1.80E-06,5.13E-05,0.040972196,-9.80280304,0.007222762,0.005552414,-1.80E-06,129.5568085,0.1425674,-2.273927502,1.018541533,-0.204516164,1,0,0,0,0,suppressed_near_checkpoint,clear_constant_wind,1.225,0
